[2025-04-29T04:54:23.889Z] [ERROR] Error logging in: {"code":"TokenInvalid"}
[2025-04-29T04:54:23.944Z] [ERROR] Error logging in: {"code":"TokenInvalid"}
[2025-04-29T04:54:43.739Z] [ERROR] Error fetching http://www.showroom-live.com/r/JKT48V_Kanaia: Request failed with status code 404
[2025-04-29T04:54:43.742Z] [ERROR] Error scraping Showroom http://www.showroom-live.com/r/JKT48V_Kanaia: {}
[2025-04-29T04:54:44.228Z] [ERROR] Error fetching http://www.showroom-live.com/r/JKT48V_Kanaia: Request failed with status code 404
[2025-04-29T04:54:44.229Z] [ERROR] Error scraping Showroom http://www.showroom-live.com/r/JKT48V_Kanaia: {}
[2025-04-29T04:54:44.906Z] [ERROR] Error fetching https://www.idn.app/jkt48v_kanaia: Request failed with status code 500
[2025-04-29T04:54:44.907Z] [ERROR] Error scraping IDN Live https://www.idn.app/jkt48v_kanaia: {}
[2025-04-29T04:54:47.109Z] [ERROR] Error fetching https://www.idn.app/jkt48v_kanaia: Request failed with status code 500
[2025-04-29T04:54:47.112Z] [ERROR] Error scraping IDN Live https://www.idn.app/jkt48v_kanaia: {}
[2025-04-29T04:54:54.248Z] [ERROR] Error fetching https://www.idn.app/jkt48_cynthia: Request failed with status code 500
[2025-04-29T04:54:54.248Z] [ERROR] Error scraping IDN Live https://www.idn.app/jkt48_cynthia: {}
[2025-04-29T04:54:55.318Z] [ERROR] Error fetching http://www.showroom-live.com/r/JKT48V_Kanaia: Request failed with status code 404
[2025-04-29T04:54:55.319Z] [ERROR] Error scraping Showroom http://www.showroom-live.com/r/JKT48V_Kanaia: {}
[2025-04-29T04:54:55.399Z] [ERROR] Error fetching http://www.showroom-live.com/r/JKT48V_Kanaia: Request failed with status code 404
[2025-04-29T04:54:55.400Z] [ERROR] Error scraping Showroom http://www.showroom-live.com/r/JKT48V_Kanaia: {}
[2025-04-29T04:54:59.558Z] [ERROR] Error fetching https://www.idn.app/jkt48v_kanaia: Request failed with status code 500
[2025-04-29T04:54:59.559Z] [ERROR] Error scraping IDN Live https://www.idn.app/jkt48v_kanaia: {}
[2025-04-29T04:55:00.742Z] [ERROR] Error in checkTwitterUpdates service: {"message":"Request failed with status code 401","name":"AxiosError","stack":"AxiosError: Request failed with status code 401\n    at settle (/home/runner/workspace/node_modules/axios/dist/node/axios.cjs:2049:12)\n    at IncomingMessage.handleStreamEnd (/home/runner/workspace/node_modules/axios/dist/node/axios.cjs:3166:11)\n    at IncomingMessage.emit (node:events:530:35)\n    at endReadableNT (node:internal/streams/readable:1698:12)\n    at process.processTicksAndRejections (node:internal/process/task_queues:82:21)\n    at Axios.request (/home/runner/workspace/node_modules/axios/dist/node/axios.cjs:4276:41)\n    at process.processTicksAndRejections (node:internal/process/task_queues:95:5)\n    at async checkTwitterUpdates (/home/runner/workspace/services/twitterService.js:28:26)\n    at async Task._execution (/home/runner/workspace/utils/scheduledTasks.js:75:7)","config":{"transitional":{"silentJSONParsing":true,"forcedJSONParsing":true,"clarifyTimeoutError":false},"adapter":["xhr","http","fetch"],"transformRequest":[null],"transformResponse":[null],"timeout":0,"xsrfCookieName":"XSRF-TOKEN","xsrfHeaderName":"X-XSRF-TOKEN","maxContentLength":-1,"maxBodyLength":-1,"env":{},"headers":{"Accept":"application/json, text/plain, */*","Authorization":"Bearer your_twitter_bearer_token_here","User-Agent":"axios/1.9.0","Accept-Encoding":"gzip, compress, deflate, br"},"method":"get","url":"https://api.twitter.com/2/users/by/username/officialJKT48","allowAbsoluteUrls":true},"code":"ERR_BAD_REQUEST","status":401}
[2025-04-29T04:55:00.851Z] [ERROR] Error in checkTwitterUpdates service: {"message":"Request failed with status code 401","name":"AxiosError","stack":"AxiosError: Request failed with status code 401\n    at settle (/home/runner/workspace/node_modules/axios/dist/node/axios.cjs:2049:12)\n    at IncomingMessage.handleStreamEnd (/home/runner/workspace/node_modules/axios/dist/node/axios.cjs:3166:11)\n    at IncomingMessage.emit (node:events:530:35)\n    at endReadableNT (node:internal/streams/readable:1698:12)\n    at process.processTicksAndRejections (node:internal/process/task_queues:82:21)\n    at Axios.request (/home/runner/workspace/node_modules/axios/dist/node/axios.cjs:4276:41)\n    at process.processTicksAndRejections (node:internal/process/task_queues:95:5)\n    at async checkTwitterUpdates (/home/runner/workspace/services/twitterService.js:28:26)\n    at async Task._execution (/home/runner/workspace/utils/scheduledTasks.js:75:7)","config":{"transitional":{"silentJSONParsing":true,"forcedJSONParsing":true,"clarifyTimeoutError":false},"adapter":["xhr","http","fetch"],"transformRequest":[null],"transformResponse":[null],"timeout":0,"xsrfCookieName":"XSRF-TOKEN","xsrfHeaderName":"X-XSRF-TOKEN","maxContentLength":-1,"maxBodyLength":-1,"env":{},"headers":{"Accept":"application/json, text/plain, */*","Authorization":"Bearer your_twitter_bearer_token_here","User-Agent":"axios/1.9.0","Accept-Encoding":"gzip, compress, deflate, br"},"method":"get","url":"https://api.twitter.com/2/users/by/username/officialJKT48","allowAbsoluteUrls":true},"code":"ERR_BAD_REQUEST","status":401}
[2025-04-29T04:55:01.552Z] [ERROR] Error fetching https://www.idn.app/jkt48v_kanaia: Request failed with status code 500
[2025-04-29T04:55:01.554Z] [ERROR] Error scraping IDN Live https://www.idn.app/jkt48v_kanaia: {}
[2025-04-29T04:55:02.489Z] [ERROR] Error fetching https://www.idn.app/jkt48_amanda: Request failed with status code 500
[2025-04-29T04:55:02.489Z] [ERROR] Error scraping IDN Live https://www.idn.app/jkt48_amanda: {}
[2025-04-29T04:55:08.969Z] [ERROR] Error fetching http://www.showroom-live.com/r/JKT48V_Kanaia: Request failed with status code 404
[2025-04-29T04:55:08.969Z] [ERROR] Error scraping Showroom http://www.showroom-live.com/r/JKT48V_Kanaia: {}
[2025-04-29T04:55:10.389Z] [ERROR] Error fetching http://www.showroom-live.com/r/JKT48V_Kanaia: Request failed with status code 404
[2025-04-29T04:55:10.389Z] [ERROR] Error scraping Showroom http://www.showroom-live.com/r/JKT48V_Kanaia: {}
[2025-04-29T04:55:12.945Z] [ERROR] Error fetching https://www.idn.app/jkt48v_kanaia: Request failed with status code 500
[2025-04-29T04:55:12.945Z] [ERROR] Error scraping IDN Live https://www.idn.app/jkt48v_kanaia: {}
[2025-04-29T04:55:15.615Z] [ERROR] Error fetching https://www.idn.app/jkt48v_kanaia: Request failed with status code 500
[2025-04-29T04:55:15.615Z] [ERROR] Error scraping IDN Live https://www.idn.app/jkt48v_kanaia: {}
[2025-04-29T04:55:18.833Z] [ERROR] Error fetching https://www.idn.app/jkt48_anindya: Request failed with status code 500
[2025-04-29T04:55:18.835Z] [ERROR] Error scraping IDN Live https://www.idn.app/jkt48_anindya: {}
[2025-04-29T04:55:23.769Z] [ERROR] Error fetching http://www.showroom-live.com/r/JKT48V_Kanaia: Request failed with status code 404
[2025-04-29T04:55:23.770Z] [ERROR] Error scraping Showroom http://www.showroom-live.com/r/JKT48V_Kanaia: {}
[2025-04-29T04:55:24.120Z] [ERROR] Error fetching http://www.showroom-live.com/r/JKT48V_Kanaia: Request failed with status code 404
[2025-04-29T04:55:24.121Z] [ERROR] Error scraping Showroom http://www.showroom-live.com/r/JKT48V_Kanaia: {}
[2025-04-29T04:55:25.226Z] [ERROR] Error fetching https://www.idn.app/jkt48_daisy: Request failed with status code 500
[2025-04-29T04:55:25.229Z] [ERROR] Error scraping IDN Live https://www.idn.app/jkt48_daisy: {}
[2025-04-29T04:55:25.649Z] [ERROR] Error fetching https://www.idn.app/jkt48_daisy: Request failed with status code 500
[2025-04-29T04:55:25.651Z] [ERROR] Error scraping IDN Live https://www.idn.app/jkt48_daisy: {}
[2025-04-29T04:55:26.234Z] [ERROR] Error fetching https://www.idn.app/jkt48_olla: Request failed with status code 500
[2025-04-29T04:55:26.234Z] [ERROR] Error scraping IDN Live https://www.idn.app/jkt48_olla: {}
[2025-04-29T04:55:26.406Z] [ERROR] Error fetching https://www.idn.app/jkt48_olla: Request failed with status code 500
[2025-04-29T04:55:26.407Z] [ERROR] Error scraping IDN Live https://www.idn.app/jkt48_olla: {}
[2025-04-29T04:55:26.699Z] [ERROR] Error fetching https://www.idn.app/jkt48_feni: Request failed with status code 500
[2025-04-29T04:55:26.699Z] [ERROR] Error scraping IDN Live https://www.idn.app/jkt48_feni: {}
[2025-04-29T04:55:27.251Z] [ERROR] Error fetching https://www.idn.app/jkt48_feni: Request failed with status code 500
[2025-04-29T04:55:27.251Z] [ERROR] Error scraping IDN Live https://www.idn.app/jkt48_feni: {}
[2025-04-29T04:55:27.470Z] [ERROR] Error fetching https://www.idn.app/jkt48_fiony: Request failed with status code 500
[2025-04-29T04:55:27.470Z] [ERROR] Error scraping IDN Live https://www.idn.app/jkt48_fiony: {}
[2025-04-29T04:55:28.266Z] [ERROR] Error fetching https://www.idn.app/jkt48_fiony: Request failed with status code 500
[2025-04-29T04:55:28.269Z] [ERROR] Error scraping IDN Live https://www.idn.app/jkt48_fiony: {}
[2025-04-29T04:55:28.422Z] [ERROR] Error fetching https://www.idn.app/jkt48_freya: Request failed with status code 500
[2025-04-29T04:55:28.422Z] [ERROR] Error scraping IDN Live https://www.idn.app/jkt48_freya: {}
[2025-04-29T04:55:28.719Z] [ERROR] Error fetching https://www.idn.app/jkt48_ella: Request failed with status code 500
[2025-04-29T04:55:28.720Z] [ERROR] Error scraping IDN Live https://www.idn.app/jkt48_ella: {}
[2025-04-29T04:55:29.269Z] [ERROR] Error fetching https://www.idn.app/jkt48_freya: Request failed with status code 500
[2025-04-29T04:55:29.269Z] [ERROR] Error scraping IDN Live https://www.idn.app/jkt48_freya: {}
[2025-04-29T04:55:29.484Z] [ERROR] Error fetching https://www.idn.app/jkt48v_kanaia: Request failed with status code 500
[2025-04-29T04:55:29.485Z] [ERROR] Error scraping IDN Live https://www.idn.app/jkt48v_kanaia: {}
[2025-04-29T04:55:30.241Z] [ERROR] Error fetching https://www.idn.app/jkt48_ella: Request failed with status code 500
[2025-04-29T04:55:30.244Z] [ERROR] Error scraping IDN Live https://www.idn.app/jkt48_ella: {}
[2025-04-29T04:55:30.547Z] [ERROR] Error fetching https://www.idn.app/jkt48v_kanaia: Request failed with status code 500
[2025-04-29T04:55:30.550Z] [ERROR] Error scraping IDN Live https://www.idn.app/jkt48v_kanaia: {}
[2025-04-29T04:55:33.118Z] [ERROR] Error fetching https://www.idn.app/jkt48_christy: Request failed with status code 500
[2025-04-29T04:55:33.120Z] [ERROR] Error scraping IDN Live https://www.idn.app/jkt48_christy: {}
[2025-04-29T04:55:38.971Z] [ERROR] Error fetching http://www.showroom-live.com/r/JKT48V_Kanaia: Request failed with status code 404
[2025-04-29T04:55:38.971Z] [ERROR] Error scraping Showroom http://www.showroom-live.com/r/JKT48V_Kanaia: {}
[2025-04-29T04:55:40.090Z] [ERROR] Error fetching http://www.showroom-live.com/r/JKT48V_Kanaia: Request failed with status code 404
[2025-04-29T04:55:40.091Z] [ERROR] Error scraping Showroom http://www.showroom-live.com/r/JKT48V_Kanaia: {}
[2025-04-29T04:55:44.069Z] [ERROR] Error fetching https://www.idn.app/jkt48v_kanaia: Request failed with status code 500
[2025-04-29T04:55:44.069Z] [ERROR] Error scraping IDN Live https://www.idn.app/jkt48v_kanaia: {}
[2025-04-29T04:55:44.075Z] [ERROR] Error fetching https://www.idn.app/jkt48v_kanaia: Request failed with status code 500
[2025-04-29T04:55:44.076Z] [ERROR] Error scraping IDN Live https://www.idn.app/jkt48v_kanaia: {}
[2025-04-29T04:55:45.750Z] [ERROR] Error fetching http://www.showroom-live.com/r/JKT48_Alya: Request failed with status code 403
[2025-04-29T04:55:45.751Z] [ERROR] Error scraping Showroom http://www.showroom-live.com/r/JKT48_Alya: {}
[2025-04-29T04:55:45.787Z] [ERROR] Error fetching http://www.showroom-live.com/r/JKT48_Amanda: Request failed with status code 403
[2025-04-29T04:55:45.787Z] [ERROR] Error scraping Showroom http://www.showroom-live.com/r/JKT48_Amanda: {}
[2025-04-29T04:55:45.823Z] [ERROR] Error fetching http://www.showroom-live.com/r/JKT48_Christy: Request failed with status code 403
[2025-04-29T04:55:45.824Z] [ERROR] Error scraping Showroom http://www.showroom-live.com/r/JKT48_Christy: {}
[2025-04-29T04:55:45.852Z] [ERROR] Error fetching http://www.showroom-live.com/r/JKT48_Alya: Request failed with status code 403
[2025-04-29T04:55:45.853Z] [ERROR] Error scraping Showroom http://www.showroom-live.com/r/JKT48_Alya: {}
[2025-04-29T04:55:45.860Z] [ERROR] Error fetching http://www.showroom-live.com/r/JKT48_Anindya: Request failed with status code 403
[2025-04-29T04:55:45.860Z] [ERROR] Error scraping Showroom http://www.showroom-live.com/r/JKT48_Anindya: {}
[2025-04-29T04:55:45.889Z] [ERROR] Error fetching http://www.showroom-live.com/r/JKT48_Amanda: Request failed with status code 403
[2025-04-29T04:55:45.889Z] [ERROR] Error scraping Showroom http://www.showroom-live.com/r/JKT48_Amanda: {}
[2025-04-29T04:55:45.896Z] [ERROR] Error fetching http://www.showroom-live.com/r/JKT48_Lia: Request failed with status code 403
[2025-04-29T04:55:45.896Z] [ERROR] Error scraping Showroom http://www.showroom-live.com/r/JKT48_Lia: {}
[2025-04-29T04:55:45.925Z] [ERROR] Error fetching http://www.showroom-live.com/r/JKT48_Christy: Request failed with status code 403
[2025-04-29T04:55:45.925Z] [ERROR] Error scraping Showroom http://www.showroom-live.com/r/JKT48_Christy: {}
[2025-04-29T04:55:45.932Z] [ERROR] Error fetching http://www.showroom-live.com/r/JKT48_Cathy: Request failed with status code 403
[2025-04-29T04:55:45.932Z] [ERROR] Error scraping Showroom http://www.showroom-live.com/r/JKT48_Cathy: {}
[2025-04-29T04:55:45.961Z] [ERROR] Error fetching http://www.showroom-live.com/r/JKT48_Anindya: Request failed with status code 403
[2025-04-29T04:55:45.962Z] [ERROR] Error scraping Showroom http://www.showroom-live.com/r/JKT48_Anindya: {}
[2025-04-29T04:55:45.968Z] [ERROR] Error fetching http://www.showroom-live.com/r/JKT48_Elin: Request failed with status code 403
[2025-04-29T04:55:45.968Z] [ERROR] Error scraping Showroom http://www.showroom-live.com/r/JKT48_Elin: {}
[2025-04-29T04:55:45.997Z] [ERROR] Error fetching http://www.showroom-live.com/r/JKT48_Lia: Request failed with status code 403
[2025-04-29T04:55:45.998Z] [ERROR] Error scraping Showroom http://www.showroom-live.com/r/JKT48_Lia: {}
[2025-04-29T04:55:46.005Z] [ERROR] Error fetching http://www.showroom-live.com/r/JKT48_Chelsea: Request failed with status code 403
[2025-04-29T04:55:46.005Z] [ERROR] Error scraping Showroom http://www.showroom-live.com/r/JKT48_Chelsea: {}
[2025-04-29T04:55:46.033Z] [ERROR] Error fetching http://www.showroom-live.com/r/JKT48_Cathy: Request failed with status code 403
[2025-04-29T04:55:46.033Z] [ERROR] Error scraping Showroom http://www.showroom-live.com/r/JKT48_Cathy: {}
[2025-04-29T04:55:46.041Z] [ERROR] Error fetching http://www.showroom-live.com/r/JKT48_Oniel: Request failed with status code 403
[2025-04-29T04:55:46.042Z] [ERROR] Error scraping Showroom http://www.showroom-live.com/r/JKT48_Oniel: {}
[2025-04-29T04:55:46.070Z] [ERROR] Error fetching http://www.showroom-live.com/r/JKT48_Elin: Request failed with status code 403
[2025-04-29T04:55:46.070Z] [ERROR] Error scraping Showroom http://www.showroom-live.com/r/JKT48_Elin: {}
[2025-04-29T04:55:46.079Z] [ERROR] Error fetching http://www.showroom-live.com/r/JKT48_Cynthia: Request failed with status code 403
[2025-04-29T04:55:46.079Z] [ERROR] Error scraping Showroom http://www.showroom-live.com/r/JKT48_Cynthia: {}
[2025-04-29T04:55:46.107Z] [ERROR] Error fetching http://www.showroom-live.com/r/JKT48_Chelsea: Request failed with status code 403
[2025-04-29T04:55:46.108Z] [ERROR] Error scraping Showroom http://www.showroom-live.com/r/JKT48_Chelsea: {}
[2025-04-29T04:55:46.115Z] [ERROR] Error fetching http://www.showroom-live.com/r/JKT48_Danella: Request failed with status code 403
[2025-04-29T04:55:46.115Z] [ERROR] Error scraping Showroom http://www.showroom-live.com/r/JKT48_Danella: {}
[2025-04-29T04:55:46.144Z] [ERROR] Error fetching http://www.showroom-live.com/r/JKT48_Oniel: Request failed with status code 403
[2025-04-29T04:55:46.145Z] [ERROR] Error scraping Showroom http://www.showroom-live.com/r/JKT48_Oniel: {}
[2025-04-29T04:55:46.151Z] [ERROR] Error fetching http://www.showroom-live.com/r/JKT48_Daisy: Request failed with status code 403
[2025-04-29T04:55:46.152Z] [ERROR] Error scraping Showroom http://www.showroom-live.com/r/JKT48_Daisy: {}
[2025-04-29T04:55:46.180Z] [ERROR] Error fetching http://www.showroom-live.com/r/JKT48_Cynthia: Request failed with status code 403
[2025-04-29T04:55:46.181Z] [ERROR] Error scraping Showroom http://www.showroom-live.com/r/JKT48_Cynthia: {}
[2025-04-29T04:55:46.187Z] [ERROR] Error fetching http://www.showroom-live.com/r/JKT48_Olla: Request failed with status code 403
[2025-04-29T04:55:46.187Z] [ERROR] Error scraping Showroom http://www.showroom-live.com/r/JKT48_Olla: {}
[2025-04-29T04:55:46.217Z] [ERROR] Error fetching http://www.showroom-live.com/r/JKT48_Danella: Request failed with status code 403
[2025-04-29T04:55:46.217Z] [ERROR] Error scraping Showroom http://www.showroom-live.com/r/JKT48_Danella: {}
[2025-04-29T04:55:46.227Z] [ERROR] Error fetching http://www.showroom-live.com/r/JKT48_Feni: Request failed with status code 403
[2025-04-29T04:55:46.227Z] [ERROR] Error scraping Showroom http://www.showroom-live.com/r/JKT48_Feni: {}
[2025-04-29T04:55:46.255Z] [ERROR] Error fetching http://www.showroom-live.com/r/JKT48_Daisy: Request failed with status code 403
[2025-04-29T04:55:46.255Z] [ERROR] Error scraping Showroom http://www.showroom-live.com/r/JKT48_Daisy: {}
[2025-04-29T04:55:46.263Z] [ERROR] Error fetching http://www.showroom-live.com/r/JKT48_Fiony: Request failed with status code 403
[2025-04-29T04:55:46.263Z] [ERROR] Error scraping Showroom http://www.showroom-live.com/r/JKT48_Fiony: {}
[2025-04-29T04:55:46.291Z] [ERROR] Error fetching http://www.showroom-live.com/r/JKT48_Olla: Request failed with status code 403
[2025-04-29T04:55:46.291Z] [ERROR] Error scraping Showroom http://www.showroom-live.com/r/JKT48_Olla: {}
[2025-04-29T04:55:46.299Z] [ERROR] Error fetching http://www.showroom-live.com/r/JKT48_Freya: Request failed with status code 403
[2025-04-29T04:55:46.300Z] [ERROR] Error scraping Showroom http://www.showroom-live.com/r/JKT48_Freya: {}
[2025-04-29T04:55:46.327Z] [ERROR] Error fetching http://www.showroom-live.com/r/JKT48_Feni: Request failed with status code 403
[2025-04-29T04:55:46.327Z] [ERROR] Error scraping Showroom http://www.showroom-live.com/r/JKT48_Feni: {}
[2025-04-29T04:55:46.336Z] [ERROR] Error fetching http://www.showroom-live.com/r/JKT48_Ella: Request failed with status code 403
[2025-04-29T04:55:46.336Z] [ERROR] Error scraping Showroom http://www.showroom-live.com/r/JKT48_Ella: {}
[2025-04-29T04:55:46.364Z] [ERROR] Error fetching http://www.showroom-live.com/r/JKT48_Fiony: Request failed with status code 403
[2025-04-29T04:55:46.364Z] [ERROR] Error scraping Showroom http://www.showroom-live.com/r/JKT48_Fiony: {}
[2025-04-29T04:55:46.372Z] [ERROR] Error fetching http://www.showroom-live.com/r/JKT48V_Kanaia: Request failed with status code 403
[2025-04-29T04:55:46.372Z] [ERROR] Error scraping Showroom http://www.showroom-live.com/r/JKT48V_Kanaia: {}
[2025-04-29T04:55:46.400Z] [ERROR] Error fetching http://www.showroom-live.com/r/JKT48_Freya: Request failed with status code 403
[2025-04-29T04:55:46.400Z] [ERROR] Error scraping Showroom http://www.showroom-live.com/r/JKT48_Freya: {}
[2025-04-29T04:55:46.436Z] [ERROR] Error fetching http://www.showroom-live.com/r/JKT48_Ella: Request failed with status code 403
[2025-04-29T04:55:46.436Z] [ERROR] Error scraping Showroom http://www.showroom-live.com/r/JKT48_Ella: {}
[2025-04-29T04:55:46.473Z] [ERROR] Error fetching http://www.showroom-live.com/r/JKT48V_Kanaia: Request failed with status code 403
[2025-04-29T04:55:46.473Z] [ERROR] Error scraping Showroom http://www.showroom-live.com/r/JKT48V_Kanaia: {}
[2025-04-29T04:55:59.103Z] [ERROR] Error fetching https://www.idn.app/jkt48v_kanaia: Request failed with status code 500
[2025-04-29T04:55:59.103Z] [ERROR] Error scraping IDN Live https://www.idn.app/jkt48v_kanaia: {}
[2025-04-29T04:56:00.301Z] [ERROR] Error fetching https://www.idn.app/jkt48v_kanaia: Request failed with status code 500
[2025-04-29T04:56:00.301Z] [ERROR] Error scraping IDN Live https://www.idn.app/jkt48v_kanaia: {}
[2025-04-29T04:56:00.758Z] [ERROR] Error fetching http://www.showroom-live.com/r/JKT48_Alya: Request failed with status code 403
[2025-04-29T04:56:00.760Z] [ERROR] Error scraping Showroom http://www.showroom-live.com/r/JKT48_Alya: {}
[2025-04-29T04:56:00.801Z] [ERROR] Error fetching http://www.showroom-live.com/r/JKT48_Amanda: Request failed with status code 403
[2025-04-29T04:56:00.801Z] [ERROR] Error scraping Showroom http://www.showroom-live.com/r/JKT48_Amanda: {}
[2025-04-29T04:56:00.846Z] [ERROR] Error fetching http://www.showroom-live.com/r/JKT48_Christy: Request failed with status code 403
[2025-04-29T04:56:00.847Z] [ERROR] Error scraping Showroom http://www.showroom-live.com/r/JKT48_Christy: {}
[2025-04-29T04:56:00.866Z] [ERROR] Error fetching http://www.showroom-live.com/r/JKT48_Alya: Request failed with status code 403
[2025-04-29T04:56:00.867Z] [ERROR] Error scraping Showroom http://www.showroom-live.com/r/JKT48_Alya: {}
[2025-04-29T04:56:00.894Z] [ERROR] Error fetching http://www.showroom-live.com/r/JKT48_Anindya: Request failed with status code 403
[2025-04-29T04:56:00.895Z] [ERROR] Error scraping Showroom http://www.showroom-live.com/r/JKT48_Anindya: {}
[2025-04-29T04:56:00.909Z] [ERROR] Error fetching http://www.showroom-live.com/r/JKT48_Amanda: Request failed with status code 403
[2025-04-29T04:56:00.909Z] [ERROR] Error scraping Showroom http://www.showroom-live.com/r/JKT48_Amanda: {}
[2025-04-29T04:56:00.931Z] [ERROR] Error fetching http://www.showroom-live.com/r/JKT48_Lia: Request failed with status code 403
[2025-04-29T04:56:00.931Z] [ERROR] Error scraping Showroom http://www.showroom-live.com/r/JKT48_Lia: {}
[2025-04-29T04:56:00.945Z] [ERROR] Error fetching http://www.showroom-live.com/r/JKT48_Christy: Request failed with status code 403
[2025-04-29T04:56:00.945Z] [ERROR] Error scraping Showroom http://www.showroom-live.com/r/JKT48_Christy: {}
[2025-04-29T04:56:00.975Z] [ERROR] Error fetching http://www.showroom-live.com/r/JKT48_Cathy: Request failed with status code 403
[2025-04-29T04:56:00.976Z] [ERROR] Error scraping Showroom http://www.showroom-live.com/r/JKT48_Cathy: {}
[2025-04-29T04:56:00.985Z] [ERROR] Error fetching http://www.showroom-live.com/r/JKT48_Anindya: Request failed with status code 403
[2025-04-29T04:56:00.985Z] [ERROR] Error scraping Showroom http://www.showroom-live.com/r/JKT48_Anindya: {}
[2025-04-29T04:56:01.016Z] [ERROR] Error fetching http://www.showroom-live.com/r/JKT48_Elin: Request failed with status code 403
[2025-04-29T04:56:01.016Z] [ERROR] Error scraping Showroom http://www.showroom-live.com/r/JKT48_Elin: {}
[2025-04-29T04:56:01.021Z] [ERROR] Error fetching http://www.showroom-live.com/r/JKT48_Lia: Request failed with status code 403
[2025-04-29T04:56:01.021Z] [ERROR] Error scraping Showroom http://www.showroom-live.com/r/JKT48_Lia: {}
[2025-04-29T04:56:01.059Z] [ERROR] Error fetching http://www.showroom-live.com/r/JKT48_Cathy: Request failed with status code 403
[2025-04-29T04:56:01.060Z] [ERROR] Error scraping Showroom http://www.showroom-live.com/r/JKT48_Cathy: {}
[2025-04-29T04:56:01.060Z] [ERROR] Error fetching http://www.showroom-live.com/r/JKT48_Chelsea: Request failed with status code 403
[2025-04-29T04:56:01.060Z] [ERROR] Error scraping Showroom http://www.showroom-live.com/r/JKT48_Chelsea: {}
[2025-04-29T04:56:01.098Z] [ERROR] Error fetching http://www.showroom-live.com/r/JKT48_Elin: Request failed with status code 403
[2025-04-29T04:56:01.098Z] [ERROR] Error scraping Showroom http://www.showroom-live.com/r/JKT48_Elin: {}
[2025-04-29T04:56:01.098Z] [ERROR] Error fetching http://www.showroom-live.com/r/JKT48_Oniel: Request failed with status code 403
[2025-04-29T04:56:01.098Z] [ERROR] Error scraping Showroom http://www.showroom-live.com/r/JKT48_Oniel: {}
[2025-04-29T04:56:01.137Z] [ERROR] Error fetching http://www.showroom-live.com/r/JKT48_Chelsea: Request failed with status code 403
[2025-04-29T04:56:01.137Z] [ERROR] Error scraping Showroom http://www.showroom-live.com/r/JKT48_Chelsea: {}
[2025-04-29T04:56:01.138Z] [ERROR] Error fetching http://www.showroom-live.com/r/JKT48_Cynthia: Request failed with status code 403
[2025-04-29T04:56:01.138Z] [ERROR] Error scraping Showroom http://www.showroom-live.com/r/JKT48_Cynthia: {}
[2025-04-29T04:56:01.175Z] [ERROR] Error fetching http://www.showroom-live.com/r/JKT48_Oniel: Request failed with status code 403
[2025-04-29T04:56:01.176Z] [ERROR] Error fetching http://www.showroom-live.com/r/JKT48_Danella: Request failed with status code 403
[2025-04-29T04:56:01.176Z] [ERROR] Error scraping Showroom http://www.showroom-live.com/r/JKT48_Danella: {}
[2025-04-29T04:56:01.175Z] [ERROR] Error scraping Showroom http://www.showroom-live.com/r/JKT48_Oniel: {}
[2025-04-29T04:56:01.212Z] [ERROR] Error fetching http://www.showroom-live.com/r/JKT48_Daisy: Request failed with status code 403
[2025-04-29T04:56:01.213Z] [ERROR] Error scraping Showroom http://www.showroom-live.com/r/JKT48_Daisy: {}
[2025-04-29T04:56:01.215Z] [ERROR] Error fetching http://www.showroom-live.com/r/JKT48_Cynthia: Request failed with status code 403
[2025-04-29T04:56:01.215Z] [ERROR] Error scraping Showroom http://www.showroom-live.com/r/JKT48_Cynthia: {}
[2025-04-29T04:56:01.248Z] [ERROR] Error fetching http://www.showroom-live.com/r/JKT48_Olla: Request failed with status code 403
[2025-04-29T04:56:01.249Z] [ERROR] Error scraping Showroom http://www.showroom-live.com/r/JKT48_Olla: {}
[2025-04-29T04:56:01.250Z] [ERROR] Error fetching http://www.showroom-live.com/r/JKT48_Danella: Request failed with status code 403
[2025-04-29T04:56:01.251Z] [ERROR] Error scraping Showroom http://www.showroom-live.com/r/JKT48_Danella: {}
[2025-04-29T04:56:01.286Z] [ERROR] Error fetching http://www.showroom-live.com/r/JKT48_Daisy: Request failed with status code 403
[2025-04-29T04:56:01.287Z] [ERROR] Error scraping Showroom http://www.showroom-live.com/r/JKT48_Daisy: {}
[2025-04-29T04:56:01.287Z] [ERROR] Error fetching http://www.showroom-live.com/r/JKT48_Feni: Request failed with status code 403
[2025-04-29T04:56:01.287Z] [ERROR] Error scraping Showroom http://www.showroom-live.com/r/JKT48_Feni: {}
[2025-04-29T04:56:01.323Z] [ERROR] Error fetching http://www.showroom-live.com/r/JKT48_Olla: Request failed with status code 403
[2025-04-29T04:56:01.323Z] [ERROR] Error scraping Showroom http://www.showroom-live.com/r/JKT48_Olla: {}
[2025-04-29T04:56:01.324Z] [ERROR] Error fetching http://www.showroom-live.com/r/JKT48_Fiony: Request failed with status code 403
[2025-04-29T04:56:01.325Z] [ERROR] Error scraping Showroom http://www.showroom-live.com/r/JKT48_Fiony: {}
[2025-04-29T04:56:01.359Z] [ERROR] Error fetching http://www.showroom-live.com/r/JKT48_Feni: Request failed with status code 403
[2025-04-29T04:56:01.359Z] [ERROR] Error scraping Showroom http://www.showroom-live.com/r/JKT48_Feni: {}
[2025-04-29T04:56:01.361Z] [ERROR] Error fetching http://www.showroom-live.com/r/JKT48_Freya: Request failed with status code 403
[2025-04-29T04:56:01.361Z] [ERROR] Error scraping Showroom http://www.showroom-live.com/r/JKT48_Freya: {}
[2025-04-29T04:56:01.396Z] [ERROR] Error fetching http://www.showroom-live.com/r/JKT48_Fiony: Request failed with status code 403
[2025-04-29T04:56:01.397Z] [ERROR] Error scraping Showroom http://www.showroom-live.com/r/JKT48_Fiony: {}
[2025-04-29T04:56:01.397Z] [ERROR] Error fetching http://www.showroom-live.com/r/JKT48_Ella: Request failed with status code 403
[2025-04-29T04:56:01.397Z] [ERROR] Error scraping Showroom http://www.showroom-live.com/r/JKT48_Ella: {}
[2025-04-29T04:56:01.436Z] [ERROR] Error fetching http://www.showroom-live.com/r/JKT48V_Kanaia: Request failed with status code 403
[2025-04-29T04:56:01.436Z] [ERROR] Error scraping Showroom http://www.showroom-live.com/r/JKT48V_Kanaia: {}
[2025-04-29T04:56:01.440Z] [ERROR] Error fetching http://www.showroom-live.com/r/JKT48_Freya: Request failed with status code 403
[2025-04-29T04:56:01.441Z] [ERROR] Error scraping Showroom http://www.showroom-live.com/r/JKT48_Freya: {}
[2025-04-29T04:56:01.476Z] [ERROR] Error fetching http://www.showroom-live.com/r/JKT48_Ella: Request failed with status code 403
[2025-04-29T04:56:01.476Z] [ERROR] Error scraping Showroom http://www.showroom-live.com/r/JKT48_Ella: {}
[2025-04-29T04:56:01.512Z] [ERROR] Error fetching http://www.showroom-live.com/r/JKT48V_Kanaia: Request failed with status code 403
[2025-04-29T04:56:01.512Z] [ERROR] Error scraping Showroom http://www.showroom-live.com/r/JKT48V_Kanaia: {}
[2025-04-29T04:56:12.781Z] [ERROR] Error logging in: {"code":"TokenInvalid"}
[2025-04-29T04:56:12.909Z] [ERROR] Error logging in: {"code":"TokenInvalid"}
[2025-04-29T04:56:17.832Z] [ERROR] Error logging in: {"code":"TokenInvalid"}
[2025-04-29T04:56:17.863Z] [ERROR] Error logging in: {"code":"TokenInvalid"}
[2025-04-29T04:56:30.704Z] [ERROR] Error fetching http://www.showroom-live.com/r/JKT48_Alya: Request failed with status code 403
[2025-04-29T04:56:30.741Z] [ERROR] Error fetching http://www.showroom-live.com/r/JKT48_Amanda: Request failed with status code 403
[2025-04-29T04:56:30.757Z] [ERROR] Error fetching http://www.showroom-live.com/r/JKT48_Alya: Request failed with status code 403
[2025-04-29T04:56:30.796Z] [ERROR] Error fetching http://www.showroom-live.com/r/JKT48_Christy: Request failed with status code 403
[2025-04-29T04:56:30.799Z] [ERROR] Error fetching http://www.showroom-live.com/r/JKT48_Amanda: Request failed with status code 403
[2025-04-29T04:56:30.834Z] [ERROR] Error fetching http://www.showroom-live.com/r/JKT48_Anindya: Request failed with status code 403
[2025-04-29T04:56:30.837Z] [ERROR] Error fetching http://www.showroom-live.com/r/JKT48_Christy: Request failed with status code 403
[2025-04-29T04:56:30.871Z] [ERROR] Error fetching http://www.showroom-live.com/r/JKT48_Lia: Request failed with status code 403
[2025-04-29T04:56:30.882Z] [ERROR] Error fetching http://www.showroom-live.com/r/JKT48_Anindya: Request failed with status code 403
[2025-04-29T04:56:30.909Z] [ERROR] Error fetching http://www.showroom-live.com/r/JKT48_Cathy: Request failed with status code 403
[2025-04-29T04:56:30.920Z] [ERROR] Error fetching http://www.showroom-live.com/r/JKT48_Lia: Request failed with status code 403
[2025-04-29T04:56:30.946Z] [ERROR] Error fetching http://www.showroom-live.com/r/JKT48_Elin: Request failed with status code 403
[2025-04-29T04:56:30.958Z] [ERROR] Error fetching http://www.showroom-live.com/r/JKT48_Cathy: Request failed with status code 403
[2025-04-29T04:56:30.985Z] [ERROR] Error fetching http://www.showroom-live.com/r/JKT48_Chelsea: Request failed with status code 403
[2025-04-29T04:56:30.999Z] [ERROR] Error fetching http://www.showroom-live.com/r/JKT48_Elin: Request failed with status code 403
[2025-04-29T04:56:31.025Z] [ERROR] Error fetching http://www.showroom-live.com/r/JKT48_Oniel: Request failed with status code 403
[2025-04-29T04:56:31.036Z] [ERROR] Error fetching http://www.showroom-live.com/r/JKT48_Chelsea: Request failed with status code 403
[2025-04-29T04:56:31.074Z] [ERROR] Error fetching http://www.showroom-live.com/r/JKT48_Oniel: Request failed with status code 403
[2025-04-29T04:56:31.077Z] [ERROR] Error fetching http://www.showroom-live.com/r/JKT48_Cynthia: Request failed with status code 403
[2025-04-29T04:56:31.112Z] [ERROR] Error fetching http://www.showroom-live.com/r/JKT48_Cynthia: Request failed with status code 403
[2025-04-29T04:56:31.116Z] [ERROR] Error fetching http://www.showroom-live.com/r/JKT48_Danella: Request failed with status code 403
[2025-04-29T04:56:31.152Z] [ERROR] Error fetching http://www.showroom-live.com/r/JKT48_Daisy: Request failed with status code 403
[2025-04-29T04:56:31.154Z] [ERROR] Error fetching http://www.showroom-live.com/r/JKT48_Danella: Request failed with status code 403
[2025-04-29T04:56:31.191Z] [ERROR] Error fetching http://www.showroom-live.com/r/JKT48_Olla: Request failed with status code 403
[2025-04-29T04:56:31.192Z] [ERROR] Error fetching http://www.showroom-live.com/r/JKT48_Daisy: Request failed with status code 403
[2025-04-29T04:56:31.228Z] [ERROR] Error fetching http://www.showroom-live.com/r/JKT48_Feni: Request failed with status code 403
[2025-04-29T04:56:31.229Z] [ERROR] Error fetching http://www.showroom-live.com/r/JKT48_Olla: Request failed with status code 403
[2025-04-29T04:56:31.266Z] [ERROR] Error fetching http://www.showroom-live.com/r/JKT48_Fiony: Request failed with status code 403
[2025-04-29T04:56:31.266Z] [ERROR] Error fetching http://www.showroom-live.com/r/JKT48_Feni: Request failed with status code 403
[2025-04-29T04:56:31.303Z] [ERROR] Error fetching http://www.showroom-live.com/r/JKT48_Fiony: Request failed with status code 403
[2025-04-29T04:56:31.305Z] [ERROR] Error fetching http://www.showroom-live.com/r/JKT48_Freya: Request failed with status code 403
[2025-04-29T04:56:31.340Z] [ERROR] Error fetching http://www.showroom-live.com/r/JKT48_Freya: Request failed with status code 403
[2025-04-29T04:56:31.342Z] [ERROR] Error fetching http://www.showroom-live.com/r/JKT48_Ella: Request failed with status code 403
[2025-04-29T04:56:31.380Z] [ERROR] Error fetching http://www.showroom-live.com/r/JKT48_Ella: Request failed with status code 403
[2025-04-29T04:56:31.382Z] [ERROR] Error fetching http://www.showroom-live.com/r/JKT48V_Kanaia: Request failed with status code 403
[2025-04-29T04:56:31.417Z] [ERROR] Error fetching http://www.showroom-live.com/r/JKT48V_Kanaia: Request failed with status code 403
[2025-04-29T04:56:44.805Z] [ERROR] Error fetching https://www.idn.app/jkt48v_kanaia: Request failed with status code 500
[2025-04-29T04:56:44.906Z] [ERROR] Error fetching https://www.idn.app/jkt48v_kanaia: Request failed with status code 500
[2025-04-29T04:56:45.691Z] [ERROR] Error fetching http://www.showroom-live.com/r/JKT48_Alya: Request failed with status code 403
[2025-04-29T04:56:45.732Z] [ERROR] Error fetching http://www.showroom-live.com/r/JKT48_Amanda: Request failed with status code 403
[2025-04-29T04:56:45.772Z] [ERROR] Error fetching http://www.showroom-live.com/r/JKT48_Alya: Request failed with status code 403
[2025-04-29T04:56:45.799Z] [ERROR] Error fetching http://www.showroom-live.com/r/JKT48_Christy: Request failed with status code 403
[2025-04-29T04:56:45.809Z] [ERROR] Error fetching http://www.showroom-live.com/r/JKT48_Amanda: Request failed with status code 403
[2025-04-29T04:56:45.835Z] [ERROR] Error fetching http://www.showroom-live.com/r/JKT48_Anindya: Request failed with status code 403
[2025-04-29T04:56:45.846Z] [ERROR] Error fetching http://www.showroom-live.com/r/JKT48_Christy: Request failed with status code 403
[2025-04-29T04:56:45.871Z] [ERROR] Error fetching http://www.showroom-live.com/r/JKT48_Lia: Request failed with status code 403
[2025-04-29T04:56:45.882Z] [ERROR] Error fetching http://www.showroom-live.com/r/JKT48_Anindya: Request failed with status code 403
[2025-04-29T04:56:45.907Z] [ERROR] Error fetching http://www.showroom-live.com/r/JKT48_Cathy: Request failed with status code 403
[2025-04-29T04:56:45.918Z] [ERROR] Error fetching http://www.showroom-live.com/r/JKT48_Lia: Request failed with status code 403
[2025-04-29T04:56:45.944Z] [ERROR] Error fetching http://www.showroom-live.com/r/JKT48_Elin: Request failed with status code 403
[2025-04-29T04:56:45.954Z] [ERROR] Error fetching http://www.showroom-live.com/r/JKT48_Cathy: Request failed with status code 403
[2025-04-29T04:56:45.980Z] [ERROR] Error fetching http://www.showroom-live.com/r/JKT48_Chelsea: Request failed with status code 403
[2025-04-29T04:56:45.991Z] [ERROR] Error fetching http://www.showroom-live.com/r/JKT48_Elin: Request failed with status code 403
[2025-04-29T04:56:46.016Z] [ERROR] Error fetching http://www.showroom-live.com/r/JKT48_Oniel: Request failed with status code 403
[2025-04-29T04:56:46.027Z] [ERROR] Error fetching http://www.showroom-live.com/r/JKT48_Chelsea: Request failed with status code 403
[2025-04-29T04:56:46.053Z] [ERROR] Error fetching http://www.showroom-live.com/r/JKT48_Cynthia: Request failed with status code 403
[2025-04-29T04:56:46.063Z] [ERROR] Error fetching http://www.showroom-live.com/r/JKT48_Oniel: Request failed with status code 403
[2025-04-29T04:56:46.089Z] [ERROR] Error fetching http://www.showroom-live.com/r/JKT48_Danella: Request failed with status code 403
[2025-04-29T04:56:46.100Z] [ERROR] Error fetching http://www.showroom-live.com/r/JKT48_Cynthia: Request failed with status code 403
[2025-04-29T04:56:46.125Z] [ERROR] Error fetching http://www.showroom-live.com/r/JKT48_Daisy: Request failed with status code 403
[2025-04-29T04:56:46.135Z] [ERROR] Error fetching http://www.showroom-live.com/r/JKT48_Danella: Request failed with status code 403
[2025-04-29T04:56:46.162Z] [ERROR] Error fetching http://www.showroom-live.com/r/JKT48_Olla: Request failed with status code 403
[2025-04-29T04:56:46.171Z] [ERROR] Error fetching http://www.showroom-live.com/r/JKT48_Daisy: Request failed with status code 403
[2025-04-29T04:56:46.198Z] [ERROR] Error fetching http://www.showroom-live.com/r/JKT48_Feni: Request failed with status code 403
[2025-04-29T04:56:46.209Z] [ERROR] Error fetching http://www.showroom-live.com/r/JKT48_Olla: Request failed with status code 403
[2025-04-29T04:56:46.235Z] [ERROR] Error fetching http://www.showroom-live.com/r/JKT48_Fiony: Request failed with status code 403
[2025-04-29T04:56:46.245Z] [ERROR] Error fetching http://www.showroom-live.com/r/JKT48_Feni: Request failed with status code 403
[2025-04-29T04:56:46.271Z] [ERROR] Error fetching http://www.showroom-live.com/r/JKT48_Freya: Request failed with status code 403
[2025-04-29T04:56:46.280Z] [ERROR] Error fetching http://www.showroom-live.com/r/JKT48_Fiony: Request failed with status code 403
[2025-04-29T04:56:46.307Z] [ERROR] Error fetching http://www.showroom-live.com/r/JKT48_Ella: Request failed with status code 403
[2025-04-29T04:56:46.317Z] [ERROR] Error fetching http://www.showroom-live.com/r/JKT48_Freya: Request failed with status code 403
[2025-04-29T04:56:46.344Z] [ERROR] Error fetching http://www.showroom-live.com/r/JKT48V_Kanaia: Request failed with status code 403
[2025-04-29T04:56:46.353Z] [ERROR] Error fetching http://www.showroom-live.com/r/JKT48_Ella: Request failed with status code 403
[2025-04-29T04:56:46.389Z] [ERROR] Error fetching http://www.showroom-live.com/r/JKT48V_Kanaia: Request failed with status code 403
[2025-04-29T04:56:57.219Z] [ERROR] Error fetching https://www.idn.app/jkt48v_kanaia: Request failed with status code 500
[2025-04-29T04:56:58.926Z] [ERROR] Error fetching https://www.idn.app/jkt48v_kanaia: Request failed with status code 500
[2025-04-29T04:57:00.696Z] [ERROR] Error fetching http://www.showroom-live.com/r/JKT48_Alya: Request failed with status code 403
[2025-04-29T04:57:00.733Z] [ERROR] Error fetching http://www.showroom-live.com/r/JKT48_Amanda: Request failed with status code 403
[2025-04-29T04:57:00.774Z] [ERROR] Error fetching http://www.showroom-live.com/r/JKT48_Christy: Request failed with status code 403
[2025-04-29T04:57:00.774Z] [ERROR] Error fetching http://www.showroom-live.com/r/JKT48_Alya: Request failed with status code 403
[2025-04-29T04:57:00.811Z] [ERROR] Error fetching http://www.showroom-live.com/r/JKT48_Anindya: Request failed with status code 403
[2025-04-29T04:57:00.815Z] [ERROR] Error fetching http://www.showroom-live.com/r/JKT48_Amanda: Request failed with status code 403
[2025-04-29T04:57:00.850Z] [ERROR] Error fetching http://www.showroom-live.com/r/JKT48_Lia: Request failed with status code 403
[2025-04-29T04:57:00.853Z] [ERROR] Error fetching http://www.showroom-live.com/r/JKT48_Christy: Request failed with status code 403
[2025-04-29T04:57:00.890Z] [ERROR] Error fetching http://www.showroom-live.com/r/JKT48_Cathy: Request failed with status code 403
[2025-04-29T04:57:00.892Z] [ERROR] Error fetching http://www.showroom-live.com/r/JKT48_Anindya: Request failed with status code 403
[2025-04-29T04:57:00.932Z] [ERROR] Error fetching http://www.showroom-live.com/r/JKT48_Elin: Request failed with status code 403
[2025-04-29T04:57:00.937Z] [ERROR] Error fetching http://www.showroom-live.com/r/JKT48_Lia: Request failed with status code 403
[2025-04-29T04:57:00.971Z] [ERROR] Error fetching http://www.showroom-live.com/r/JKT48_Chelsea: Request failed with status code 403
[2025-04-29T04:57:00.976Z] [ERROR] Error fetching http://www.showroom-live.com/r/JKT48_Cathy: Request failed with status code 403
[2025-04-29T04:57:01.008Z] [ERROR] Error fetching http://www.showroom-live.com/r/JKT48_Oniel: Request failed with status code 403
[2025-04-29T04:57:01.020Z] [ERROR] Error fetching http://www.showroom-live.com/r/JKT48_Elin: Request failed with status code 403
[2025-04-29T04:57:01.046Z] [ERROR] Error fetching http://www.showroom-live.com/r/JKT48_Cynthia: Request failed with status code 403
[2025-04-29T04:57:01.061Z] [ERROR] Error fetching http://www.showroom-live.com/r/JKT48_Chelsea: Request failed with status code 403
[2025-04-29T04:57:01.083Z] [ERROR] Error fetching http://www.showroom-live.com/r/JKT48_Danella: Request failed with status code 403
[2025-04-29T04:57:01.102Z] [ERROR] Error fetching http://www.showroom-live.com/r/JKT48_Oniel: Request failed with status code 403
[2025-04-29T04:57:01.119Z] [ERROR] Error fetching http://www.showroom-live.com/r/JKT48_Daisy: Request failed with status code 403
[2025-04-29T04:57:01.139Z] [ERROR] Error fetching http://www.showroom-live.com/r/JKT48_Cynthia: Request failed with status code 403
[2025-04-29T04:57:01.156Z] [ERROR] Error fetching http://www.showroom-live.com/r/JKT48_Olla: Request failed with status code 403
[2025-04-29T04:57:01.175Z] [ERROR] Error fetching http://www.showroom-live.com/r/JKT48_Danella: Request failed with status code 403
[2025-04-29T04:57:01.193Z] [ERROR] Error fetching http://www.showroom-live.com/r/JKT48_Feni: Request failed with status code 403
[2025-04-29T04:57:01.213Z] [ERROR] Error fetching http://www.showroom-live.com/r/JKT48_Daisy: Request failed with status code 403
[2025-04-29T04:57:01.232Z] [ERROR] Error fetching http://www.showroom-live.com/r/JKT48_Fiony: Request failed with status code 403
[2025-04-29T04:57:01.249Z] [ERROR] Error fetching http://www.showroom-live.com/r/JKT48_Olla: Request failed with status code 403
[2025-04-29T04:57:01.268Z] [ERROR] Error fetching http://www.showroom-live.com/r/JKT48_Freya: Request failed with status code 403
[2025-04-29T04:57:01.286Z] [ERROR] Error fetching http://www.showroom-live.com/r/JKT48_Feni: Request failed with status code 403
[2025-04-29T04:57:01.305Z] [ERROR] Error fetching http://www.showroom-live.com/r/JKT48_Ella: Request failed with status code 403
[2025-04-29T04:57:01.324Z] [ERROR] Error fetching http://www.showroom-live.com/r/JKT48_Fiony: Request failed with status code 403
[2025-04-29T04:57:01.341Z] [ERROR] Error fetching http://www.showroom-live.com/r/JKT48V_Kanaia: Request failed with status code 403
[2025-04-29T04:57:01.361Z] [ERROR] Error fetching http://www.showroom-live.com/r/JKT48_Freya: Request failed with status code 403
[2025-04-29T04:57:01.396Z] [ERROR] Error fetching http://www.showroom-live.com/r/JKT48_Ella: Request failed with status code 403
[2025-04-29T04:57:01.433Z] [ERROR] Error fetching http://www.showroom-live.com/r/JKT48V_Kanaia: Request failed with status code 403
[2025-04-29T04:57:12.954Z] [ERROR] Error fetching https://www.idn.app/jkt48v_kanaia: Request failed with status code 500
[2025-04-29T04:57:14.418Z] [ERROR] Error fetching https://www.idn.app/jkt48v_kanaia: Request failed with status code 500
[2025-04-29T04:57:15.705Z] [ERROR] Error fetching http://www.showroom-live.com/r/JKT48_Alya: Request failed with status code 403
[2025-04-29T04:57:15.744Z] [ERROR] Error fetching http://www.showroom-live.com/r/JKT48_Amanda: Request failed with status code 403
[2025-04-29T04:57:15.772Z] [ERROR] Error fetching http://www.showroom-live.com/r/JKT48_Alya: Request failed with status code 403
[2025-04-29T04:57:15.781Z] [ERROR] Error fetching http://www.showroom-live.com/r/JKT48_Christy: Request failed with status code 403
[2025-04-29T04:57:15.809Z] [ERROR] Error fetching http://www.showroom-live.com/r/JKT48_Amanda: Request failed with status code 403
[2025-04-29T04:57:15.818Z] [ERROR] Error fetching http://www.showroom-live.com/r/JKT48_Anindya: Request failed with status code 403
[2025-04-29T04:57:15.848Z] [ERROR] Error fetching http://www.showroom-live.com/r/JKT48_Christy: Request failed with status code 403
[2025-04-29T04:57:15.856Z] [ERROR] Error fetching http://www.showroom-live.com/r/JKT48_Lia: Request failed with status code 403
[2025-04-29T04:57:15.884Z] [ERROR] Error fetching http://www.showroom-live.com/r/JKT48_Anindya: Request failed with status code 403
[2025-04-29T04:57:15.892Z] [ERROR] Error fetching http://www.showroom-live.com/r/JKT48_Cathy: Request failed with status code 403
[2025-04-29T04:57:15.923Z] [ERROR] Error fetching http://www.showroom-live.com/r/JKT48_Lia: Request failed with status code 403
[2025-04-29T04:57:15.929Z] [ERROR] Error fetching http://www.showroom-live.com/r/JKT48_Elin: Request failed with status code 403
[2025-04-29T04:57:15.960Z] [ERROR] Error fetching http://www.showroom-live.com/r/JKT48_Cathy: Request failed with status code 403
[2025-04-29T04:57:15.967Z] [ERROR] Error fetching http://www.showroom-live.com/r/JKT48_Chelsea: Request failed with status code 403
[2025-04-29T04:57:15.999Z] [ERROR] Error fetching http://www.showroom-live.com/r/JKT48_Elin: Request failed with status code 403
[2025-04-29T04:57:16.005Z] [ERROR] Error fetching http://www.showroom-live.com/r/JKT48_Oniel: Request failed with status code 403
[2025-04-29T04:57:16.036Z] [ERROR] Error fetching http://www.showroom-live.com/r/JKT48_Chelsea: Request failed with status code 403
[2025-04-29T04:57:16.041Z] [ERROR] Error fetching http://www.showroom-live.com/r/JKT48_Cynthia: Request failed with status code 403
[2025-04-29T04:57:16.072Z] [ERROR] Error fetching http://www.showroom-live.com/r/JKT48_Oniel: Request failed with status code 403
[2025-04-29T04:57:16.077Z] [ERROR] Error fetching http://www.showroom-live.com/r/JKT48_Danella: Request failed with status code 403
[2025-04-29T04:57:16.108Z] [ERROR] Error fetching http://www.showroom-live.com/r/JKT48_Cynthia: Request failed with status code 403
[2025-04-29T04:57:16.114Z] [ERROR] Error fetching http://www.showroom-live.com/r/JKT48_Daisy: Request failed with status code 403
[2025-04-29T04:57:16.144Z] [ERROR] Error fetching http://www.showroom-live.com/r/JKT48_Danella: Request failed with status code 403
[2025-04-29T04:57:16.150Z] [ERROR] Error fetching http://www.showroom-live.com/r/JKT48_Olla: Request failed with status code 403
[2025-04-29T04:57:16.180Z] [ERROR] Error fetching http://www.showroom-live.com/r/JKT48_Daisy: Request failed with status code 403
[2025-04-29T04:57:16.186Z] [ERROR] Error fetching http://www.showroom-live.com/r/JKT48_Feni: Request failed with status code 403
[2025-04-29T04:57:16.216Z] [ERROR] Error fetching http://www.showroom-live.com/r/JKT48_Olla: Request failed with status code 403
[2025-04-29T04:57:16.226Z] [ERROR] Error fetching http://www.showroom-live.com/r/JKT48_Fiony: Request failed with status code 403
[2025-04-29T04:57:16.252Z] [ERROR] Error fetching http://www.showroom-live.com/r/JKT48_Feni: Request failed with status code 403
[2025-04-29T04:57:16.261Z] [ERROR] Error fetching http://www.showroom-live.com/r/JKT48_Freya: Request failed with status code 403
[2025-04-29T04:57:16.288Z] [ERROR] Error fetching http://www.showroom-live.com/r/JKT48_Fiony: Request failed with status code 403
[2025-04-29T04:57:16.297Z] [ERROR] Error fetching http://www.showroom-live.com/r/JKT48_Ella: Request failed with status code 403
[2025-04-29T04:57:16.324Z] [ERROR] Error fetching http://www.showroom-live.com/r/JKT48_Freya: Request failed with status code 403
[2025-04-29T04:57:16.333Z] [ERROR] Error fetching http://www.showroom-live.com/r/JKT48V_Kanaia: Request failed with status code 403
[2025-04-29T04:57:16.360Z] [ERROR] Error fetching http://www.showroom-live.com/r/JKT48_Ella: Request failed with status code 403
[2025-04-29T04:57:16.395Z] [ERROR] Error fetching http://www.showroom-live.com/r/JKT48V_Kanaia: Request failed with status code 403
[2025-04-29T04:57:27.993Z] [ERROR] Error fetching https://www.idn.app/jkt48v_kanaia: Request failed with status code 500
[2025-04-29T04:57:28.381Z] [ERROR] Error fetching https://www.idn.app/jkt48v_kanaia: Request failed with status code 500
[2025-04-29T04:57:30.733Z] [ERROR] Error fetching http://www.showroom-live.com/r/JKT48_Alya: Request failed with status code 403
[2025-04-29T04:57:30.769Z] [ERROR] Error fetching http://www.showroom-live.com/r/JKT48_Amanda: Request failed with status code 403
[2025-04-29T04:57:30.796Z] [ERROR] Error fetching http://www.showroom-live.com/r/JKT48_Alya: Request failed with status code 403
[2025-04-29T04:57:30.805Z] [ERROR] Error fetching http://www.showroom-live.com/r/JKT48_Christy: Request failed with status code 403
[2025-04-29T04:57:30.832Z] [ERROR] Error fetching http://www.showroom-live.com/r/JKT48_Amanda: Request failed with status code 403
[2025-04-29T04:57:30.841Z] [ERROR] Error fetching http://www.showroom-live.com/r/JKT48_Anindya: Request failed with status code 403
[2025-04-29T04:57:30.876Z] [ERROR] Error fetching http://www.showroom-live.com/r/JKT48_Christy: Request failed with status code 403
[2025-04-29T04:57:30.881Z] [ERROR] Error fetching http://www.showroom-live.com/r/JKT48_Lia: Request failed with status code 403
[2025-04-29T04:57:30.917Z] [ERROR] Error fetching http://www.showroom-live.com/r/JKT48_Anindya: Request failed with status code 403
[2025-04-29T04:57:30.920Z] [ERROR] Error fetching http://www.showroom-live.com/r/JKT48_Cathy: Request failed with status code 403
[2025-04-29T04:57:30.954Z] [ERROR] Error fetching http://www.showroom-live.com/r/JKT48_Lia: Request failed with status code 403
[2025-04-29T04:57:30.957Z] [ERROR] Error fetching http://www.showroom-live.com/r/JKT48_Elin: Request failed with status code 403
[2025-04-29T04:57:30.989Z] [ERROR] Error fetching http://www.showroom-live.com/r/JKT48_Cathy: Request failed with status code 403
[2025-04-29T04:57:30.995Z] [ERROR] Error fetching http://www.showroom-live.com/r/JKT48_Chelsea: Request failed with status code 403
[2025-04-29T04:57:31.026Z] [ERROR] Error fetching http://www.showroom-live.com/r/JKT48_Elin: Request failed with status code 403
[2025-04-29T04:57:31.037Z] [ERROR] Error fetching http://www.showroom-live.com/r/JKT48_Oniel: Request failed with status code 403
[2025-04-29T04:57:31.062Z] [ERROR] Error fetching http://www.showroom-live.com/r/JKT48_Chelsea: Request failed with status code 403
[2025-04-29T04:57:31.073Z] [ERROR] Error fetching http://www.showroom-live.com/r/JKT48_Cynthia: Request failed with status code 403
[2025-04-29T04:57:31.098Z] [ERROR] Error fetching http://www.showroom-live.com/r/JKT48_Oniel: Request failed with status code 403
[2025-04-29T04:57:31.109Z] [ERROR] Error fetching http://www.showroom-live.com/r/JKT48_Danella: Request failed with status code 403
[2025-04-29T04:57:31.145Z] [ERROR] Error fetching http://www.showroom-live.com/r/JKT48_Daisy: Request failed with status code 403
[2025-04-29T04:57:31.147Z] [ERROR] Error fetching http://www.showroom-live.com/r/JKT48_Cynthia: Request failed with status code 403
[2025-04-29T04:57:31.182Z] [ERROR] Error fetching http://www.showroom-live.com/r/JKT48_Olla: Request failed with status code 403
[2025-04-29T04:57:31.183Z] [ERROR] Error fetching http://www.showroom-live.com/r/JKT48_Danella: Request failed with status code 403
[2025-04-29T04:57:31.219Z] [ERROR] Error fetching http://www.showroom-live.com/r/JKT48_Feni: Request failed with status code 403
[2025-04-29T04:57:31.219Z] [ERROR] Error fetching http://www.showroom-live.com/r/JKT48_Daisy: Request failed with status code 403
[2025-04-29T04:57:31.255Z] [ERROR] Error fetching http://www.showroom-live.com/r/JKT48_Fiony: Request failed with status code 403
[2025-04-29T04:57:31.256Z] [ERROR] Error fetching http://www.showroom-live.com/r/JKT48_Olla: Request failed with status code 403
[2025-04-29T04:57:31.292Z] [ERROR] Error fetching http://www.showroom-live.com/r/JKT48_Freya: Request failed with status code 403
[2025-04-29T04:57:31.293Z] [ERROR] Error fetching http://www.showroom-live.com/r/JKT48_Feni: Request failed with status code 403
[2025-04-29T04:57:31.328Z] [ERROR] Error fetching http://www.showroom-live.com/r/JKT48_Ella: Request failed with status code 403
[2025-04-29T04:57:31.329Z] [ERROR] Error fetching http://www.showroom-live.com/r/JKT48_Fiony: Request failed with status code 403
[2025-04-29T04:57:31.365Z] [ERROR] Error fetching http://www.showroom-live.com/r/JKT48_Freya: Request failed with status code 403
[2025-04-29T04:57:31.365Z] [ERROR] Error fetching http://www.showroom-live.com/r/JKT48V_Kanaia: Request failed with status code 403
[2025-04-29T04:57:31.402Z] [ERROR] Error fetching http://www.showroom-live.com/r/JKT48_Ella: Request failed with status code 403
[2025-04-29T04:57:31.437Z] [ERROR] Error fetching http://www.showroom-live.com/r/JKT48V_Kanaia: Request failed with status code 403
[2025-04-29T04:57:42.231Z] [ERROR] Error fetching https://www.idn.app/jkt48v_kanaia: Request failed with status code 500
[2025-04-29T04:57:44.013Z] [ERROR] Error fetching https://www.idn.app/jkt48v_kanaia: Request failed with status code 500
[2025-04-29T04:57:45.724Z] [ERROR] Error fetching http://www.showroom-live.com/r/JKT48_Alya: Request failed with status code 403
[2025-04-29T04:57:45.761Z] [ERROR] Error fetching http://www.showroom-live.com/r/JKT48_Amanda: Request failed with status code 403
[2025-04-29T04:57:45.787Z] [ERROR] Error fetching http://www.showroom-live.com/r/JKT48_Alya: Request failed with status code 403
[2025-04-29T04:57:45.797Z] [ERROR] Error fetching http://www.showroom-live.com/r/JKT48_Christy: Request failed with status code 403
[2025-04-29T04:57:45.825Z] [ERROR] Error fetching http://www.showroom-live.com/r/JKT48_Amanda: Request failed with status code 403
[2025-04-29T04:57:45.835Z] [ERROR] Error fetching http://www.showroom-live.com/r/JKT48_Anindya: Request failed with status code 403
[2025-04-29T04:57:45.860Z] [ERROR] Error fetching http://www.showroom-live.com/r/JKT48_Christy: Request failed with status code 403
[2025-04-29T04:57:45.885Z] [ERROR] Error fetching http://www.showroom-live.com/r/JKT48_Lia: Request failed with status code 403
[2025-04-29T04:57:45.897Z] [ERROR] Error fetching http://www.showroom-live.com/r/JKT48_Anindya: Request failed with status code 403
[2025-04-29T04:57:45.921Z] [ERROR] Error fetching http://www.showroom-live.com/r/JKT48_Cathy: Request failed with status code 403
[2025-04-29T04:57:45.933Z] [ERROR] Error fetching http://www.showroom-live.com/r/JKT48_Lia: Request failed with status code 403
[2025-04-29T04:57:45.958Z] [ERROR] Error fetching http://www.showroom-live.com/r/JKT48_Elin: Request failed with status code 403
[2025-04-29T04:57:45.972Z] [ERROR] Error fetching http://www.showroom-live.com/r/JKT48_Cathy: Request failed with status code 403
[2025-04-29T04:57:45.996Z] [ERROR] Error fetching http://www.showroom-live.com/r/JKT48_Chelsea: Request failed with status code 403
[2025-04-29T04:57:46.011Z] [ERROR] Error fetching http://www.showroom-live.com/r/JKT48_Elin: Request failed with status code 403
[2025-04-29T04:57:46.032Z] [ERROR] Error fetching http://www.showroom-live.com/r/JKT48_Oniel: Request failed with status code 403
[2025-04-29T04:57:46.047Z] [ERROR] Error fetching http://www.showroom-live.com/r/JKT48_Chelsea: Request failed with status code 403
[2025-04-29T04:57:46.069Z] [ERROR] Error fetching http://www.showroom-live.com/r/JKT48_Cynthia: Request failed with status code 403
[2025-04-29T04:57:46.085Z] [ERROR] Error fetching http://www.showroom-live.com/r/JKT48_Oniel: Request failed with status code 403
[2025-04-29T04:57:46.104Z] [ERROR] Error fetching http://www.showroom-live.com/r/JKT48_Danella: Request failed with status code 403
[2025-04-29T04:57:46.121Z] [ERROR] Error fetching http://www.showroom-live.com/r/JKT48_Cynthia: Request failed with status code 403
[2025-04-29T04:57:46.143Z] [ERROR] Error fetching http://www.showroom-live.com/r/JKT48_Daisy: Request failed with status code 403
[2025-04-29T04:57:46.158Z] [ERROR] Error fetching http://www.showroom-live.com/r/JKT48_Danella: Request failed with status code 403
[2025-04-29T04:57:46.192Z] [ERROR] Error fetching http://www.showroom-live.com/r/JKT48_Olla: Request failed with status code 403
[2025-04-29T04:57:46.196Z] [ERROR] Error fetching http://www.showroom-live.com/r/JKT48_Daisy: Request failed with status code 403
[2025-04-29T04:57:46.229Z] [ERROR] Error fetching http://www.showroom-live.com/r/JKT48_Feni: Request failed with status code 403
[2025-04-29T04:57:46.233Z] [ERROR] Error fetching http://www.showroom-live.com/r/JKT48_Olla: Request failed with status code 403
[2025-04-29T04:57:46.266Z] [ERROR] Error fetching http://www.showroom-live.com/r/JKT48_Fiony: Request failed with status code 403
[2025-04-29T04:57:46.269Z] [ERROR] Error fetching http://www.showroom-live.com/r/JKT48_Feni: Request failed with status code 403
[2025-04-29T04:57:46.303Z] [ERROR] Error fetching http://www.showroom-live.com/r/JKT48_Freya: Request failed with status code 403
[2025-04-29T04:57:46.305Z] [ERROR] Error fetching http://www.showroom-live.com/r/JKT48_Fiony: Request failed with status code 403
[2025-04-29T04:57:46.340Z] [ERROR] Error fetching http://www.showroom-live.com/r/JKT48_Ella: Request failed with status code 403
[2025-04-29T04:57:46.341Z] [ERROR] Error fetching http://www.showroom-live.com/r/JKT48_Freya: Request failed with status code 403
[2025-04-29T04:57:46.377Z] [ERROR] Error fetching http://www.showroom-live.com/r/JKT48_Ella: Request failed with status code 403
[2025-04-29T04:57:46.380Z] [ERROR] Error fetching http://www.showroom-live.com/r/JKT48V_Kanaia: Request failed with status code 403
[2025-04-29T04:57:46.416Z] [ERROR] Error fetching http://www.showroom-live.com/r/JKT48V_Kanaia: Request failed with status code 403
[2025-04-29T04:57:57.695Z] [ERROR] Error fetching https://www.idn.app/jkt48v_kanaia: Request failed with status code 500
[2025-04-29T04:57:58.303Z] [ERROR] Error fetching https://www.idn.app/jkt48v_kanaia: Request failed with status code 500
[2025-04-29T04:58:00.739Z] [ERROR] Error fetching http://www.showroom-live.com/r/JKT48_Alya: Request failed with status code 403
[2025-04-29T04:58:00.777Z] [ERROR] Error fetching http://www.showroom-live.com/r/JKT48_Amanda: Request failed with status code 403
[2025-04-29T04:58:00.800Z] [ERROR] Error fetching http://www.showroom-live.com/r/JKT48_Alya: Request failed with status code 403
[2025-04-29T04:58:00.820Z] [ERROR] Error fetching http://www.showroom-live.com/r/JKT48_Christy: Request failed with status code 403
[2025-04-29T04:58:00.836Z] [ERROR] Error fetching http://www.showroom-live.com/r/JKT48_Amanda: Request failed with status code 403
[2025-04-29T04:58:00.858Z] [ERROR] Error fetching http://www.showroom-live.com/r/JKT48_Anindya: Request failed with status code 403
[2025-04-29T04:58:00.872Z] [ERROR] Error fetching http://www.showroom-live.com/r/JKT48_Christy: Request failed with status code 403
[2025-04-29T04:58:00.899Z] [ERROR] Error fetching http://www.showroom-live.com/r/JKT48_Lia: Request failed with status code 403
[2025-04-29T04:58:00.910Z] [ERROR] Error fetching http://www.showroom-live.com/r/JKT48_Anindya: Request failed with status code 403
[2025-04-29T04:58:00.938Z] [ERROR] Error fetching http://www.showroom-live.com/r/JKT48_Cathy: Request failed with status code 403
[2025-04-29T04:58:00.956Z] [ERROR] Error fetching http://www.showroom-live.com/r/JKT48_Lia: Request failed with status code 403
[2025-04-29T04:58:00.975Z] [ERROR] Error fetching http://www.showroom-live.com/r/JKT48_Elin: Request failed with status code 403
[2025-04-29T04:58:00.995Z] [ERROR] Error fetching http://www.showroom-live.com/r/JKT48_Cathy: Request failed with status code 403
[2025-04-29T04:58:01.013Z] [ERROR] Error fetching http://www.showroom-live.com/r/JKT48_Chelsea: Request failed with status code 403
[2025-04-29T04:58:01.031Z] [ERROR] Error fetching http://www.showroom-live.com/r/JKT48_Elin: Request failed with status code 403
[2025-04-29T04:58:01.050Z] [ERROR] Error fetching http://www.showroom-live.com/r/JKT48_Oniel: Request failed with status code 403
[2025-04-29T04:58:01.068Z] [ERROR] Error fetching http://www.showroom-live.com/r/JKT48_Chelsea: Request failed with status code 403
[2025-04-29T04:58:01.088Z] [ERROR] Error fetching http://www.showroom-live.com/r/JKT48_Cynthia: Request failed with status code 403
[2025-04-29T04:58:01.105Z] [ERROR] Error fetching http://www.showroom-live.com/r/JKT48_Oniel: Request failed with status code 403
[2025-04-29T04:58:01.128Z] [ERROR] Error fetching http://www.showroom-live.com/r/JKT48_Danella: Request failed with status code 403
[2025-04-29T04:58:01.144Z] [ERROR] Error fetching http://www.showroom-live.com/r/JKT48_Cynthia: Request failed with status code 403
[2025-04-29T04:58:01.165Z] [ERROR] Error fetching http://www.showroom-live.com/r/JKT48_Daisy: Request failed with status code 403
[2025-04-29T04:58:01.184Z] [ERROR] Error fetching http://www.showroom-live.com/r/JKT48_Danella: Request failed with status code 403
[2025-04-29T04:58:01.201Z] [ERROR] Error fetching http://www.showroom-live.com/r/JKT48_Olla: Request failed with status code 403
[2025-04-29T04:58:01.220Z] [ERROR] Error fetching http://www.showroom-live.com/r/JKT48_Daisy: Request failed with status code 403
[2025-04-29T04:58:01.238Z] [ERROR] Error fetching http://www.showroom-live.com/r/JKT48_Feni: Request failed with status code 403
[2025-04-29T04:58:01.256Z] [ERROR] Error fetching http://www.showroom-live.com/r/JKT48_Olla: Request failed with status code 403
[2025-04-29T04:58:01.274Z] [ERROR] Error fetching http://www.showroom-live.com/r/JKT48_Fiony: Request failed with status code 403
[2025-04-29T04:58:01.293Z] [ERROR] Error fetching http://www.showroom-live.com/r/JKT48_Feni: Request failed with status code 403
[2025-04-29T04:58:01.310Z] [ERROR] Error fetching http://www.showroom-live.com/r/JKT48_Freya: Request failed with status code 403
[2025-04-29T04:58:01.330Z] [ERROR] Error fetching http://www.showroom-live.com/r/JKT48_Fiony: Request failed with status code 403
[2025-04-29T04:58:01.347Z] [ERROR] Error fetching http://www.showroom-live.com/r/JKT48_Ella: Request failed with status code 403
[2025-04-29T04:58:01.366Z] [ERROR] Error fetching http://www.showroom-live.com/r/JKT48_Freya: Request failed with status code 403
[2025-04-29T04:58:01.383Z] [ERROR] Error fetching http://www.showroom-live.com/r/JKT48V_Kanaia: Request failed with status code 403
[2025-04-29T04:58:01.405Z] [ERROR] Error fetching http://www.showroom-live.com/r/JKT48_Ella: Request failed with status code 403
[2025-04-29T04:58:01.444Z] [ERROR] Error fetching http://www.showroom-live.com/r/JKT48V_Kanaia: Request failed with status code 403
[2025-04-29T04:58:11.919Z] [ERROR] Error fetching https://www.idn.app/jkt48v_kanaia: Request failed with status code 500
[2025-04-29T04:58:13.296Z] [ERROR] Error fetching https://www.idn.app/jkt48v_kanaia: Request failed with status code 500
[2025-04-29T04:58:15.757Z] [ERROR] Error fetching http://www.showroom-live.com/r/JKT48_Alya: Request failed with status code 403
[2025-04-29T04:58:15.812Z] [ERROR] Error fetching http://www.showroom-live.com/r/JKT48_Amanda: Request failed with status code 403
[2025-04-29T04:58:15.819Z] [ERROR] Error fetching http://www.showroom-live.com/r/JKT48_Alya: Request failed with status code 403
[2025-04-29T04:58:15.856Z] [ERROR] Error fetching http://www.showroom-live.com/r/JKT48_Amanda: Request failed with status code 403
[2025-04-29T04:58:15.857Z] [ERROR] Error fetching http://www.showroom-live.com/r/JKT48_Christy: Request failed with status code 403
[2025-04-29T04:58:15.922Z] [ERROR] Error fetching http://www.showroom-live.com/r/JKT48_Anindya: Request failed with status code 403
[2025-04-29T04:58:15.925Z] [ERROR] Error fetching http://www.showroom-live.com/r/JKT48_Christy: Request failed with status code 403
[2025-04-29T04:58:15.969Z] [ERROR] Error fetching http://www.showroom-live.com/r/JKT48_Anindya: Request failed with status code 403
[2025-04-29T04:58:15.973Z] [ERROR] Error fetching http://www.showroom-live.com/r/JKT48_Lia: Request failed with status code 403
[2025-04-29T04:58:16.011Z] [ERROR] Error fetching http://www.showroom-live.com/r/JKT48_Lia: Request failed with status code 403
[2025-04-29T04:58:16.022Z] [ERROR] Error fetching http://www.showroom-live.com/r/JKT48_Cathy: Request failed with status code 403
[2025-04-29T04:58:16.049Z] [ERROR] Error fetching http://www.showroom-live.com/r/JKT48_Cathy: Request failed with status code 403
[2025-04-29T04:58:16.061Z] [ERROR] Error fetching http://www.showroom-live.com/r/JKT48_Elin: Request failed with status code 403
[2025-04-29T04:58:16.088Z] [ERROR] Error fetching http://www.showroom-live.com/r/JKT48_Elin: Request failed with status code 403
[2025-04-29T04:58:16.102Z] [ERROR] Error fetching http://www.showroom-live.com/r/JKT48_Chelsea: Request failed with status code 403
[2025-04-29T04:58:16.125Z] [ERROR] Error fetching http://www.showroom-live.com/r/JKT48_Chelsea: Request failed with status code 403
[2025-04-29T04:58:16.139Z] [ERROR] Error fetching http://www.showroom-live.com/r/JKT48_Oniel: Request failed with status code 403
[2025-04-29T04:58:16.162Z] [ERROR] Error fetching http://www.showroom-live.com/r/JKT48_Oniel: Request failed with status code 403
[2025-04-29T04:58:16.177Z] [ERROR] Error fetching http://www.showroom-live.com/r/JKT48_Cynthia: Request failed with status code 403
[2025-04-29T04:58:16.199Z] [ERROR] Error fetching http://www.showroom-live.com/r/JKT48_Cynthia: Request failed with status code 403
[2025-04-29T04:58:16.214Z] [ERROR] Error fetching http://www.showroom-live.com/r/JKT48_Danella: Request failed with status code 403
[2025-04-29T04:58:16.237Z] [ERROR] Error fetching http://www.showroom-live.com/r/JKT48_Danella: Request failed with status code 403
[2025-04-29T04:58:16.250Z] [ERROR] Error fetching http://www.showroom-live.com/r/JKT48_Daisy: Request failed with status code 403
[2025-04-29T04:58:16.275Z] [ERROR] Error fetching http://www.showroom-live.com/r/JKT48_Daisy: Request failed with status code 403
[2025-04-29T04:58:16.287Z] [ERROR] Error fetching http://www.showroom-live.com/r/JKT48_Olla: Request failed with status code 403
[2025-04-29T04:58:16.312Z] [ERROR] Error fetching http://www.showroom-live.com/r/JKT48_Olla: Request failed with status code 403
[2025-04-29T04:58:16.324Z] [ERROR] Error fetching http://www.showroom-live.com/r/JKT48_Feni: Request failed with status code 403
[2025-04-29T04:58:16.348Z] [ERROR] Error fetching http://www.showroom-live.com/r/JKT48_Feni: Request failed with status code 403
[2025-04-29T04:58:16.360Z] [ERROR] Error fetching http://www.showroom-live.com/r/JKT48_Fiony: Request failed with status code 403
[2025-04-29T04:58:16.385Z] [ERROR] Error fetching http://www.showroom-live.com/r/JKT48_Fiony: Request failed with status code 403
[2025-04-29T04:58:16.398Z] [ERROR] Error fetching http://www.showroom-live.com/r/JKT48_Freya: Request failed with status code 403
[2025-04-29T04:58:16.422Z] [ERROR] Error fetching http://www.showroom-live.com/r/JKT48_Freya: Request failed with status code 403
[2025-04-29T04:58:16.434Z] [ERROR] Error fetching http://www.showroom-live.com/r/JKT48_Ella: Request failed with status code 403
[2025-04-29T04:58:16.458Z] [ERROR] Error fetching http://www.showroom-live.com/r/JKT48_Ella: Request failed with status code 403
[2025-04-29T04:58:16.470Z] [ERROR] Error fetching http://www.showroom-live.com/r/JKT48V_Kanaia: Request failed with status code 403
[2025-04-29T04:58:16.494Z] [ERROR] Error fetching http://www.showroom-live.com/r/JKT48V_Kanaia: Request failed with status code 403
[2025-04-29T04:58:24.211Z] [ERROR] Error fetching https://www.idn.app/jkt48_daisy: Request failed with status code 500
[2025-04-29T04:58:24.508Z] [ERROR] Error fetching https://www.idn.app/jkt48_olla: Request failed with status code 500
[2025-04-29T04:58:24.727Z] [ERROR] Error fetching https://www.idn.app/jkt48_daisy: Request failed with status code 500
[2025-04-29T04:58:28.107Z] [ERROR] Error fetching https://www.idn.app/jkt48v_kanaia: Request failed with status code 500
[2025-04-29T04:58:28.563Z] [ERROR] Error fetching https://www.idn.app/jkt48v_kanaia: Request failed with status code 500
[2025-04-29T04:58:30.760Z] [ERROR] Error fetching http://www.showroom-live.com/r/JKT48_Alya: Request failed with status code 403
[2025-04-29T04:58:30.808Z] [ERROR] Error fetching http://www.showroom-live.com/r/JKT48_Amanda: Request failed with status code 403
[2025-04-29T04:58:30.817Z] [ERROR] Error fetching http://www.showroom-live.com/r/JKT48_Alya: Request failed with status code 403
[2025-04-29T04:58:30.844Z] [ERROR] Error fetching http://www.showroom-live.com/r/JKT48_Christy: Request failed with status code 403
[2025-04-29T04:58:30.853Z] [ERROR] Error fetching http://www.showroom-live.com/r/JKT48_Amanda: Request failed with status code 403
[2025-04-29T04:58:30.881Z] [ERROR] Error fetching http://www.showroom-live.com/r/JKT48_Anindya: Request failed with status code 403
[2025-04-29T04:58:30.891Z] [ERROR] Error fetching http://www.showroom-live.com/r/JKT48_Christy: Request failed with status code 403
[2025-04-29T04:58:30.920Z] [ERROR] Error fetching http://www.showroom-live.com/r/JKT48_Lia: Request failed with status code 403
[2025-04-29T04:58:30.933Z] [ERROR] Error fetching http://www.showroom-live.com/r/JKT48_Anindya: Request failed with status code 403
[2025-04-29T04:58:30.958Z] [ERROR] Error fetching http://www.showroom-live.com/r/JKT48_Cathy: Request failed with status code 403
[2025-04-29T04:58:30.970Z] [ERROR] Error fetching http://www.showroom-live.com/r/JKT48_Lia: Request failed with status code 403
[2025-04-29T04:58:30.997Z] [ERROR] Error fetching http://www.showroom-live.com/r/JKT48_Elin: Request failed with status code 403
[2025-04-29T04:58:31.009Z] [ERROR] Error fetching http://www.showroom-live.com/r/JKT48_Cathy: Request failed with status code 403
[2025-04-29T04:58:31.032Z] [ERROR] Error fetching http://www.showroom-live.com/r/JKT48_Chelsea: Request failed with status code 403
[2025-04-29T04:58:31.058Z] [ERROR] Error fetching http://www.showroom-live.com/r/JKT48_Elin: Request failed with status code 403
[2025-04-29T04:58:31.068Z] [ERROR] Error fetching http://www.showroom-live.com/r/JKT48_Oniel: Request failed with status code 403
[2025-04-29T04:58:31.094Z] [ERROR] Error fetching http://www.showroom-live.com/r/JKT48_Chelsea: Request failed with status code 403
[2025-04-29T04:58:31.104Z] [ERROR] Error fetching http://www.showroom-live.com/r/JKT48_Cynthia: Request failed with status code 403
[2025-04-29T04:58:31.131Z] [ERROR] Error fetching http://www.showroom-live.com/r/JKT48_Oniel: Request failed with status code 403
[2025-04-29T04:58:31.140Z] [ERROR] Error fetching http://www.showroom-live.com/r/JKT48_Danella: Request failed with status code 403
[2025-04-29T04:58:31.167Z] [ERROR] Error fetching http://www.showroom-live.com/r/JKT48_Cynthia: Request failed with status code 403
[2025-04-29T04:58:31.176Z] [ERROR] Error fetching http://www.showroom-live.com/r/JKT48_Daisy: Request failed with status code 403
[2025-04-29T04:58:31.204Z] [ERROR] Error fetching http://www.showroom-live.com/r/JKT48_Danella: Request failed with status code 403
[2025-04-29T04:58:31.212Z] [ERROR] Error fetching http://www.showroom-live.com/r/JKT48_Olla: Request failed with status code 403
[2025-04-29T04:58:31.240Z] [ERROR] Error fetching http://www.showroom-live.com/r/JKT48_Daisy: Request failed with status code 403
[2025-04-29T04:58:31.248Z] [ERROR] Error fetching http://www.showroom-live.com/r/JKT48_Feni: Request failed with status code 403
[2025-04-29T04:58:31.276Z] [ERROR] Error fetching http://www.showroom-live.com/r/JKT48_Olla: Request failed with status code 403
[2025-04-29T04:58:31.284Z] [ERROR] Error fetching http://www.showroom-live.com/r/JKT48_Fiony: Request failed with status code 403
[2025-04-29T04:58:31.312Z] [ERROR] Error fetching http://www.showroom-live.com/r/JKT48_Feni: Request failed with status code 403
[2025-04-29T04:58:31.320Z] [ERROR] Error fetching http://www.showroom-live.com/r/JKT48_Freya: Request failed with status code 403
[2025-04-29T04:58:31.348Z] [ERROR] Error fetching http://www.showroom-live.com/r/JKT48_Fiony: Request failed with status code 403
[2025-04-29T04:58:31.356Z] [ERROR] Error fetching http://www.showroom-live.com/r/JKT48_Ella: Request failed with status code 403
[2025-04-29T04:58:31.384Z] [ERROR] Error fetching http://www.showroom-live.com/r/JKT48_Freya: Request failed with status code 403
[2025-04-29T04:58:31.392Z] [ERROR] Error fetching http://www.showroom-live.com/r/JKT48V_Kanaia: Request failed with status code 403
[2025-04-29T04:58:31.420Z] [ERROR] Error fetching http://www.showroom-live.com/r/JKT48_Ella: Request failed with status code 403
[2025-04-29T04:58:31.456Z] [ERROR] Error fetching http://www.showroom-live.com/r/JKT48V_Kanaia: Request failed with status code 403
[2025-04-29T04:58:43.063Z] [ERROR] Error fetching https://www.idn.app/jkt48v_kanaia: Request failed with status code 500
[2025-04-29T04:58:43.836Z] [ERROR] Error fetching https://www.idn.app/jkt48v_kanaia: Request failed with status code 500
[2025-04-29T04:58:45.785Z] [ERROR] Error fetching http://www.showroom-live.com/r/JKT48_Alya: Request failed with status code 403
[2025-04-29T04:58:45.821Z] [ERROR] Error fetching http://www.showroom-live.com/r/JKT48_Alya: Request failed with status code 403
[2025-04-29T04:58:45.821Z] [ERROR] Error fetching http://www.showroom-live.com/r/JKT48_Amanda: Request failed with status code 403
[2025-04-29T04:58:45.857Z] [ERROR] Error fetching http://www.showroom-live.com/r/JKT48_Christy: Request failed with status code 403
[2025-04-29T04:58:45.858Z] [ERROR] Error fetching http://www.showroom-live.com/r/JKT48_Amanda: Request failed with status code 403
[2025-04-29T04:58:45.894Z] [ERROR] Error fetching http://www.showroom-live.com/r/JKT48_Christy: Request failed with status code 403
[2025-04-29T04:58:45.895Z] [ERROR] Error fetching http://www.showroom-live.com/r/JKT48_Anindya: Request failed with status code 403
[2025-04-29T04:58:45.931Z] [ERROR] Error fetching http://www.showroom-live.com/r/JKT48_Anindya: Request failed with status code 403
[2025-04-29T04:58:45.932Z] [ERROR] Error fetching http://www.showroom-live.com/r/JKT48_Lia: Request failed with status code 403
[2025-04-29T04:58:45.970Z] [ERROR] Error fetching http://www.showroom-live.com/r/JKT48_Cathy: Request failed with status code 403
[2025-04-29T04:58:45.971Z] [ERROR] Error fetching http://www.showroom-live.com/r/JKT48_Lia: Request failed with status code 403
[2025-04-29T04:58:46.006Z] [ERROR] Error fetching http://www.showroom-live.com/r/JKT48_Elin: Request failed with status code 403
[2025-04-29T04:58:46.007Z] [ERROR] Error fetching http://www.showroom-live.com/r/JKT48_Cathy: Request failed with status code 403
[2025-04-29T04:58:46.042Z] [ERROR] Error fetching http://www.showroom-live.com/r/JKT48_Chelsea: Request failed with status code 403
[2025-04-29T04:58:46.046Z] [ERROR] Error fetching http://www.showroom-live.com/r/JKT48_Elin: Request failed with status code 403
[2025-04-29T04:58:46.078Z] [ERROR] Error fetching http://www.showroom-live.com/r/JKT48_Oniel: Request failed with status code 403
[2025-04-29T04:58:46.082Z] [ERROR] Error fetching http://www.showroom-live.com/r/JKT48_Chelsea: Request failed with status code 403
[2025-04-29T04:58:46.114Z] [ERROR] Error fetching http://www.showroom-live.com/r/JKT48_Cynthia: Request failed with status code 403
[2025-04-29T04:58:46.118Z] [ERROR] Error fetching http://www.showroom-live.com/r/JKT48_Oniel: Request failed with status code 403
[2025-04-29T04:58:46.150Z] [ERROR] Error fetching http://www.showroom-live.com/r/JKT48_Danella: Request failed with status code 403
[2025-04-29T04:58:46.157Z] [ERROR] Error fetching http://www.showroom-live.com/r/JKT48_Cynthia: Request failed with status code 403
[2025-04-29T04:58:46.187Z] [ERROR] Error fetching http://www.showroom-live.com/r/JKT48_Daisy: Request failed with status code 403
[2025-04-29T04:58:46.194Z] [ERROR] Error fetching http://www.showroom-live.com/r/JKT48_Danella: Request failed with status code 403
[2025-04-29T04:58:46.225Z] [ERROR] Error fetching http://www.showroom-live.com/r/JKT48_Olla: Request failed with status code 403
[2025-04-29T04:58:46.230Z] [ERROR] Error fetching http://www.showroom-live.com/r/JKT48_Daisy: Request failed with status code 403
[2025-04-29T04:58:46.260Z] [ERROR] Error fetching http://www.showroom-live.com/r/JKT48_Feni: Request failed with status code 403
[2025-04-29T04:58:46.266Z] [ERROR] Error fetching http://www.showroom-live.com/r/JKT48_Olla: Request failed with status code 403
[2025-04-29T04:58:46.297Z] [ERROR] Error fetching http://www.showroom-live.com/r/JKT48_Fiony: Request failed with status code 403
[2025-04-29T04:58:46.301Z] [ERROR] Error fetching http://www.showroom-live.com/r/JKT48_Feni: Request failed with status code 403
[2025-04-29T04:58:46.336Z] [ERROR] Error fetching http://www.showroom-live.com/r/JKT48_Freya: Request failed with status code 403
[2025-04-29T04:58:46.337Z] [ERROR] Error fetching http://www.showroom-live.com/r/JKT48_Fiony: Request failed with status code 403
[2025-04-29T04:58:46.373Z] [ERROR] Error fetching http://www.showroom-live.com/r/JKT48_Freya: Request failed with status code 403
[2025-04-29T04:58:46.374Z] [ERROR] Error fetching http://www.showroom-live.com/r/JKT48_Ella: Request failed with status code 403
[2025-04-29T04:58:46.409Z] [ERROR] Error fetching http://www.showroom-live.com/r/JKT48_Ella: Request failed with status code 403
[2025-04-29T04:58:46.410Z] [ERROR] Error fetching http://www.showroom-live.com/r/JKT48V_Kanaia: Request failed with status code 403
[2025-04-29T04:58:46.445Z] [ERROR] Error fetching http://www.showroom-live.com/r/JKT48V_Kanaia: Request failed with status code 403
[2025-04-29T04:58:57.867Z] [ERROR] Error fetching https://www.idn.app/jkt48v_kanaia: Request failed with status code 500
[2025-04-29T04:58:58.668Z] [ERROR] Error fetching https://www.idn.app/jkt48v_kanaia: Request failed with status code 500
[2025-04-29T04:59:00.770Z] [ERROR] Error fetching http://www.showroom-live.com/r/JKT48_Alya: Request failed with status code 403
[2025-04-29T04:59:00.808Z] [ERROR] Error fetching http://www.showroom-live.com/r/JKT48_Amanda: Request failed with status code 403
[2025-04-29T04:59:00.830Z] [ERROR] Error fetching http://www.showroom-live.com/r/JKT48_Alya: Request failed with status code 403
[2025-04-29T04:59:00.844Z] [ERROR] Error fetching http://www.showroom-live.com/r/JKT48_Christy: Request failed with status code 403
[2025-04-29T04:59:00.867Z] [ERROR] Error fetching http://www.showroom-live.com/r/JKT48_Amanda: Request failed with status code 403
[2025-04-29T04:59:00.881Z] [ERROR] Error fetching http://www.showroom-live.com/r/JKT48_Anindya: Request failed with status code 403
[2025-04-29T04:59:00.918Z] [ERROR] Error fetching http://www.showroom-live.com/r/JKT48_Lia: Request failed with status code 403
[2025-04-29T04:59:00.921Z] [ERROR] Error fetching http://www.showroom-live.com/r/JKT48_Christy: Request failed with status code 403
[2025-04-29T04:59:00.955Z] [ERROR] Error fetching http://www.showroom-live.com/r/JKT48_Cathy: Request failed with status code 403
[2025-04-29T04:59:00.960Z] [ERROR] Error fetching http://www.showroom-live.com/r/JKT48_Anindya: Request failed with status code 403
[2025-04-29T04:59:00.999Z] [ERROR] Error fetching http://www.showroom-live.com/r/JKT48_Lia: Request failed with status code 403
[2025-04-29T04:59:00.999Z] [ERROR] Error fetching http://www.showroom-live.com/r/JKT48_Elin: Request failed with status code 403
[2025-04-29T04:59:01.036Z] [ERROR] Error fetching http://www.showroom-live.com/r/JKT48_Cathy: Request failed with status code 403
[2025-04-29T04:59:01.038Z] [ERROR] Error fetching http://www.showroom-live.com/r/JKT48_Chelsea: Request failed with status code 403
[2025-04-29T04:59:01.072Z] [ERROR] Error fetching http://www.showroom-live.com/r/JKT48_Elin: Request failed with status code 403
[2025-04-29T04:59:01.074Z] [ERROR] Error fetching http://www.showroom-live.com/r/JKT48_Oniel: Request failed with status code 403
[2025-04-29T04:59:01.109Z] [ERROR] Error fetching http://www.showroom-live.com/r/JKT48_Cynthia: Request failed with status code 403
[2025-04-29T04:59:01.114Z] [ERROR] Error fetching http://www.showroom-live.com/r/JKT48_Chelsea: Request failed with status code 403
[2025-04-29T04:59:01.146Z] [ERROR] Error fetching http://www.showroom-live.com/r/JKT48_Danella: Request failed with status code 403
[2025-04-29T04:59:01.153Z] [ERROR] Error fetching http://www.showroom-live.com/r/JKT48_Oniel: Request failed with status code 403
[2025-04-29T04:59:01.182Z] [ERROR] Error fetching http://www.showroom-live.com/r/JKT48_Daisy: Request failed with status code 403
[2025-04-29T04:59:01.191Z] [ERROR] Error fetching http://www.showroom-live.com/r/JKT48_Cynthia: Request failed with status code 403
[2025-04-29T04:59:01.226Z] [ERROR] Error fetching http://www.showroom-live.com/r/JKT48_Olla: Request failed with status code 403
[2025-04-29T04:59:01.227Z] [ERROR] Error fetching http://www.showroom-live.com/r/JKT48_Danella: Request failed with status code 403
[2025-04-29T04:59:01.263Z] [ERROR] Error fetching http://www.showroom-live.com/r/JKT48_Daisy: Request failed with status code 403
[2025-04-29T04:59:01.264Z] [ERROR] Error fetching http://www.showroom-live.com/r/JKT48_Feni: Request failed with status code 403
[2025-04-29T04:59:01.299Z] [ERROR] Error fetching http://www.showroom-live.com/r/JKT48_Olla: Request failed with status code 403
[2025-04-29T04:59:01.300Z] [ERROR] Error fetching http://www.showroom-live.com/r/JKT48_Fiony: Request failed with status code 403
[2025-04-29T04:59:01.334Z] [ERROR] Error fetching http://www.showroom-live.com/r/JKT48_Feni: Request failed with status code 403
[2025-04-29T04:59:01.337Z] [ERROR] Error fetching http://www.showroom-live.com/r/JKT48_Freya: Request failed with status code 403
[2025-04-29T04:59:01.374Z] [ERROR] Error fetching http://www.showroom-live.com/r/JKT48_Ella: Request failed with status code 403
[2025-04-29T04:59:01.376Z] [ERROR] Error fetching http://www.showroom-live.com/r/JKT48_Fiony: Request failed with status code 403
[2025-04-29T04:59:01.411Z] [ERROR] Error fetching http://www.showroom-live.com/r/JKT48V_Kanaia: Request failed with status code 403
[2025-04-29T04:59:01.413Z] [ERROR] Error fetching http://www.showroom-live.com/r/JKT48_Freya: Request failed with status code 403
[2025-04-29T04:59:01.451Z] [ERROR] Error fetching http://www.showroom-live.com/r/JKT48_Ella: Request failed with status code 403
[2025-04-29T04:59:01.487Z] [ERROR] Error fetching http://www.showroom-live.com/r/JKT48V_Kanaia: Request failed with status code 403
[2025-04-29T04:59:11.723Z] [ERROR] Error fetching https://www.idn.app/jkt48v_kanaia: Request failed with status code 500
[2025-04-29T04:59:13.000Z] [ERROR] Error fetching https://www.idn.app/jkt48v_kanaia: Request failed with status code 500
[2025-04-29T04:59:15.776Z] [ERROR] Error fetching http://www.showroom-live.com/r/JKT48_Alya: Request failed with status code 403
[2025-04-29T04:59:15.831Z] [ERROR] Error fetching http://www.showroom-live.com/r/JKT48_Amanda: Request failed with status code 403
[2025-04-29T04:59:15.864Z] [ERROR] Error fetching http://www.showroom-live.com/r/JKT48_Alya: Request failed with status code 403
[2025-04-29T04:59:15.871Z] [ERROR] Error fetching http://www.showroom-live.com/r/JKT48_Christy: Request failed with status code 403
[2025-04-29T04:59:15.903Z] [ERROR] Error fetching http://www.showroom-live.com/r/JKT48_Amanda: Request failed with status code 403
[2025-04-29T04:59:15.911Z] [ERROR] Error fetching http://www.showroom-live.com/r/JKT48_Anindya: Request failed with status code 403
[2025-04-29T04:59:15.943Z] [ERROR] Error fetching http://www.showroom-live.com/r/JKT48_Christy: Request failed with status code 403
[2025-04-29T04:59:15.948Z] [ERROR] Error fetching http://www.showroom-live.com/r/JKT48_Lia: Request failed with status code 403
[2025-04-29T04:59:15.986Z] [ERROR] Error fetching http://www.showroom-live.com/r/JKT48_Anindya: Request failed with status code 403
[2025-04-29T04:59:15.988Z] [ERROR] Error fetching http://www.showroom-live.com/r/JKT48_Cathy: Request failed with status code 403
[2025-04-29T04:59:16.023Z] [ERROR] Error fetching http://www.showroom-live.com/r/JKT48_Lia: Request failed with status code 403
[2025-04-29T04:59:16.024Z] [ERROR] Error fetching http://www.showroom-live.com/r/JKT48_Elin: Request failed with status code 403
[2025-04-29T04:59:16.067Z] [ERROR] Error fetching http://www.showroom-live.com/r/JKT48_Chelsea: Request failed with status code 403
[2025-04-29T04:59:16.068Z] [ERROR] Error fetching http://www.showroom-live.com/r/JKT48_Cathy: Request failed with status code 403
[2025-04-29T04:59:16.110Z] [ERROR] Error fetching http://www.showroom-live.com/r/JKT48_Oniel: Request failed with status code 403
[2025-04-29T04:59:16.115Z] [ERROR] Error fetching http://www.showroom-live.com/r/JKT48_Elin: Request failed with status code 403
[2025-04-29T04:59:16.154Z] [ERROR] Error fetching http://www.showroom-live.com/r/JKT48_Chelsea: Request failed with status code 403
[2025-04-29T04:59:16.157Z] [ERROR] Error fetching http://www.showroom-live.com/r/JKT48_Cynthia: Request failed with status code 403
[2025-04-29T04:59:16.193Z] [ERROR] Error fetching http://www.showroom-live.com/r/JKT48_Danella: Request failed with status code 403
[2025-04-29T04:59:16.194Z] [ERROR] Error fetching http://www.showroom-live.com/r/JKT48_Oniel: Request failed with status code 403
[2025-04-29T04:59:16.233Z] [ERROR] Error fetching http://www.showroom-live.com/r/JKT48_Cynthia: Request failed with status code 403
[2025-04-29T04:59:16.235Z] [ERROR] Error fetching http://www.showroom-live.com/r/JKT48_Daisy: Request failed with status code 403
[2025-04-29T04:59:16.272Z] [ERROR] Error fetching http://www.showroom-live.com/r/JKT48_Danella: Request failed with status code 403
[2025-04-29T04:59:16.273Z] [ERROR] Error fetching http://www.showroom-live.com/r/JKT48_Olla: Request failed with status code 403
[2025-04-29T04:59:16.328Z] [ERROR] Error fetching http://www.showroom-live.com/r/JKT48_Feni: Request failed with status code 403
[2025-04-29T04:59:16.331Z] [ERROR] Error fetching http://www.showroom-live.com/r/JKT48_Daisy: Request failed with status code 403
[2025-04-29T04:59:16.368Z] [ERROR] Error fetching http://www.showroom-live.com/r/JKT48_Fiony: Request failed with status code 403
[2025-04-29T04:59:16.370Z] [ERROR] Error fetching http://www.showroom-live.com/r/JKT48_Olla: Request failed with status code 403
[2025-04-29T04:59:16.409Z] [ERROR] Error fetching http://www.showroom-live.com/r/JKT48_Freya: Request failed with status code 403
[2025-04-29T04:59:16.416Z] [ERROR] Error fetching http://www.showroom-live.com/r/JKT48_Feni: Request failed with status code 403
[2025-04-29T04:59:16.446Z] [ERROR] Error fetching http://www.showroom-live.com/r/JKT48_Ella: Request failed with status code 403
[2025-04-29T04:59:16.455Z] [ERROR] Error fetching http://www.showroom-live.com/r/JKT48_Fiony: Request failed with status code 403
[2025-04-29T04:59:16.493Z] [ERROR] Error fetching http://www.showroom-live.com/r/JKT48_Freya: Request failed with status code 403
[2025-04-29T04:59:16.497Z] [ERROR] Error fetching http://www.showroom-live.com/r/JKT48V_Kanaia: Request failed with status code 403
[2025-04-29T04:59:16.550Z] [ERROR] Error fetching http://www.showroom-live.com/r/JKT48_Ella: Request failed with status code 403
[2025-04-29T04:59:16.601Z] [ERROR] Error fetching http://www.showroom-live.com/r/JKT48V_Kanaia: Request failed with status code 403
[2025-04-29T04:59:27.813Z] [ERROR] Error logging in: {"code":"TokenInvalid"}
[2025-04-29T05:02:27.034Z] [ERROR] Error logging in: {"code":"TokenInvalid"}
[2025-04-29T05:02:27.136Z] [ERROR] Error logging in: {"code":"TokenInvalid"}
[2025-04-29T05:02:30.966Z] [ERROR] Error fetching http://www.showroom-live.com/r/JKT48_Alya: Request failed with status code 403
[2025-04-29T05:02:31.018Z] [ERROR] Error fetching http://www.showroom-live.com/r/JKT48_Alya: Request failed with status code 403
[2025-04-29T05:02:31.049Z] [ERROR] Error fetching http://www.showroom-live.com/r/JKT48_Amanda: Request failed with status code 403
[2025-04-29T05:02:31.058Z] [ERROR] Error fetching http://www.showroom-live.com/r/JKT48_Amanda: Request failed with status code 403
[2025-04-29T05:02:31.091Z] [ERROR] Error fetching http://www.showroom-live.com/r/JKT48_Christy: Request failed with status code 403
[2025-04-29T05:02:31.102Z] [ERROR] Error fetching http://www.showroom-live.com/r/JKT48_Christy: Request failed with status code 403
[2025-04-29T05:02:31.131Z] [ERROR] Error fetching http://www.showroom-live.com/r/JKT48_Anindya: Request failed with status code 403
[2025-04-29T05:02:31.143Z] [ERROR] Error fetching http://www.showroom-live.com/r/JKT48_Anindya: Request failed with status code 403
[2025-04-29T05:02:31.184Z] [ERROR] Error fetching http://www.showroom-live.com/r/JKT48_Lia: Request failed with status code 403
[2025-04-29T05:02:31.196Z] [ERROR] Error fetching http://www.showroom-live.com/r/JKT48_Lia: Request failed with status code 403
[2025-04-29T05:02:31.228Z] [ERROR] Error fetching http://www.showroom-live.com/r/JKT48_Cathy: Request failed with status code 403
[2025-04-29T05:02:31.237Z] [ERROR] Error fetching http://www.showroom-live.com/r/JKT48_Cathy: Request failed with status code 403
[2025-04-29T05:02:31.268Z] [ERROR] Error fetching http://www.showroom-live.com/r/JKT48_Elin: Request failed with status code 403
[2025-04-29T05:02:31.274Z] [ERROR] Error fetching http://www.showroom-live.com/r/JKT48_Elin: Request failed with status code 403
[2025-04-29T05:02:31.305Z] [ERROR] Error fetching http://www.showroom-live.com/r/JKT48_Chelsea: Request failed with status code 403
[2025-04-29T05:02:31.312Z] [ERROR] Error fetching http://www.showroom-live.com/r/JKT48_Chelsea: Request failed with status code 403
[2025-04-29T05:02:31.343Z] [ERROR] Error fetching http://www.showroom-live.com/r/JKT48_Oniel: Request failed with status code 403
[2025-04-29T05:02:31.350Z] [ERROR] Error fetching http://www.showroom-live.com/r/JKT48_Oniel: Request failed with status code 403
[2025-04-29T05:02:31.381Z] [ERROR] Error fetching http://www.showroom-live.com/r/JKT48_Cynthia: Request failed with status code 403
[2025-04-29T05:02:31.388Z] [ERROR] Error fetching http://www.showroom-live.com/r/JKT48_Cynthia: Request failed with status code 403
[2025-04-29T05:02:31.420Z] [ERROR] Error fetching http://www.showroom-live.com/r/JKT48_Danella: Request failed with status code 403
[2025-04-29T05:02:31.434Z] [ERROR] Error fetching http://www.showroom-live.com/r/JKT48_Danella: Request failed with status code 403
[2025-04-29T05:02:31.465Z] [ERROR] Error fetching http://www.showroom-live.com/r/JKT48_Daisy: Request failed with status code 403
[2025-04-29T05:02:31.472Z] [ERROR] Error fetching http://www.showroom-live.com/r/JKT48_Daisy: Request failed with status code 403
[2025-04-29T05:02:31.506Z] [ERROR] Error fetching http://www.showroom-live.com/r/JKT48_Olla: Request failed with status code 403
[2025-04-29T05:02:31.514Z] [ERROR] Error fetching http://www.showroom-live.com/r/JKT48_Olla: Request failed with status code 403
[2025-04-29T05:02:31.546Z] [ERROR] Error fetching http://www.showroom-live.com/r/JKT48_Feni: Request failed with status code 403
[2025-04-29T05:02:31.554Z] [ERROR] Error fetching http://www.showroom-live.com/r/JKT48_Feni: Request failed with status code 403
[2025-04-29T05:02:31.593Z] [ERROR] Error fetching http://www.showroom-live.com/r/JKT48_Fiony: Request failed with status code 403
[2025-04-29T05:02:31.593Z] [ERROR] Error fetching http://www.showroom-live.com/r/JKT48_Fiony: Request failed with status code 403
[2025-04-29T05:02:31.631Z] [ERROR] Error fetching http://www.showroom-live.com/r/JKT48_Freya: Request failed with status code 403
[2025-04-29T05:02:31.631Z] [ERROR] Error fetching http://www.showroom-live.com/r/JKT48_Freya: Request failed with status code 403
[2025-04-29T05:04:00.769Z] [ERROR] Error fetching http://www.showroom-live.com/r/JKT48_Alya: Request failed with status code 403
[2025-04-29T05:04:00.809Z] [ERROR] Error fetching http://www.showroom-live.com/r/JKT48_Amanda: Request failed with status code 403
[2025-04-29T05:04:00.848Z] [ERROR] Error fetching http://www.showroom-live.com/r/JKT48_Christy: Request failed with status code 403
[2025-04-29T05:04:00.891Z] [ERROR] Error fetching http://www.showroom-live.com/r/JKT48_Anindya: Request failed with status code 403
[2025-04-29T05:04:00.932Z] [ERROR] Error fetching http://www.showroom-live.com/r/JKT48_Lia: Request failed with status code 403
[2025-04-29T05:04:00.986Z] [ERROR] Error fetching http://www.showroom-live.com/r/JKT48_Cathy: Request failed with status code 403
[2025-04-29T05:04:01.024Z] [ERROR] Error fetching http://www.showroom-live.com/r/JKT48_Elin: Request failed with status code 403
[2025-04-29T05:04:01.086Z] [ERROR] Error fetching http://www.showroom-live.com/r/JKT48_Chelsea: Request failed with status code 403
[2025-04-29T05:04:01.126Z] [ERROR] Error fetching http://www.showroom-live.com/r/JKT48_Oniel: Request failed with status code 403
[2025-04-29T05:04:01.165Z] [ERROR] Error fetching http://www.showroom-live.com/r/JKT48_Cynthia: Request failed with status code 403
[2025-04-29T05:04:01.204Z] [ERROR] Error fetching http://www.showroom-live.com/r/JKT48_Danella: Request failed with status code 403
[2025-04-29T05:04:01.241Z] [ERROR] Error fetching http://www.showroom-live.com/r/JKT48_Daisy: Request failed with status code 403
[2025-04-29T05:04:01.278Z] [ERROR] Error fetching http://www.showroom-live.com/r/JKT48_Olla: Request failed with status code 403
[2025-04-29T05:04:01.317Z] [ERROR] Error fetching http://www.showroom-live.com/r/JKT48_Feni: Request failed with status code 403
[2025-04-29T05:04:01.354Z] [ERROR] Error fetching http://www.showroom-live.com/r/JKT48_Fiony: Request failed with status code 403
[2025-04-29T05:04:01.394Z] [ERROR] Error fetching http://www.showroom-live.com/r/JKT48_Freya: Request failed with status code 403
[2025-04-29T05:04:01.431Z] [ERROR] Error fetching http://www.showroom-live.com/r/JKT48_Ella: Request failed with status code 403
[2025-04-29T05:04:01.487Z] [ERROR] Error fetching http://www.showroom-live.com/r/JKT48V_Kanaia: Request failed with status code 403
[2025-04-29T05:04:13.936Z] [ERROR] Error fetching https://www.idn.app/jkt48v_kanaia: Request failed with status code 500
[2025-04-29T05:04:42.175Z] [ERROR] Error fetching http://www.showroom-live.com/r/JKT48V_Kanaia: Request failed with status code 404
[2025-04-29T05:04:44.301Z] [ERROR] Error fetching https://www.idn.app/jkt48v_kanaia: Request failed with status code 500
[2025-04-29T05:04:57.573Z] [ERROR] Error fetching http://www.showroom-live.com/r/JKT48V_Kanaia: Request failed with status code 404
[2025-04-29T05:04:58.386Z] [ERROR] Error fetching https://www.idn.app/jkt48v_kanaia: Request failed with status code 500
[2025-04-29T05:05:24.778Z] [ERROR] Error fetching http://www.showroom-live.com/r/JKT48V_Kanaia: Request failed with status code 404
[2025-04-29T05:05:29.673Z] [ERROR] Error fetching https://www.idn.app/jkt48v_kanaia: Request failed with status code 500
[2025-04-29T05:05:40.924Z] [ERROR] Error fetching http://www.showroom-live.com/r/JKT48V_Kanaia: Request failed with status code 404
[2025-04-29T05:05:44.264Z] [ERROR] Error fetching https://www.idn.app/jkt48v_kanaia: Request failed with status code 500
[2025-04-29T05:05:50.127Z] [ERROR] Error fetching http://www.showroom-live.com/r/JKT48_Cynthia: Request failed with status code 403
[2025-04-29T05:05:50.163Z] [ERROR] Error fetching http://www.showroom-live.com/r/JKT48_Danella: Request failed with status code 403
[2025-04-29T05:05:50.200Z] [ERROR] Error fetching http://www.showroom-live.com/r/JKT48_Daisy: Request failed with status code 403
[2025-04-29T05:05:50.237Z] [ERROR] Error fetching http://www.showroom-live.com/r/JKT48_Olla: Request failed with status code 403
[2025-04-29T05:05:50.274Z] [ERROR] Error fetching http://www.showroom-live.com/r/JKT48_Feni: Request failed with status code 403
[2025-04-29T05:05:50.310Z] [ERROR] Error fetching http://www.showroom-live.com/r/JKT48_Fiony: Request failed with status code 403
[2025-04-29T05:05:50.347Z] [ERROR] Error fetching http://www.showroom-live.com/r/JKT48_Freya: Request failed with status code 403
[2025-04-29T05:05:50.388Z] [ERROR] Error fetching http://www.showroom-live.com/r/JKT48_Ella: Request failed with status code 403
[2025-04-29T05:05:50.424Z] [ERROR] Error fetching http://www.showroom-live.com/r/JKT48V_Kanaia: Request failed with status code 403
[2025-04-29T05:05:59.223Z] [ERROR] Error fetching https://www.idn.app/jkt48v_kanaia: Request failed with status code 500
[2025-04-29T05:06:00.365Z] [ERROR] Error fetching http://www.showroom-live.com/r/JKT48_Alya: Request failed with status code 403
[2025-04-29T05:06:00.424Z] [ERROR] Error fetching http://www.showroom-live.com/r/JKT48_Amanda: Request failed with status code 403
[2025-04-29T05:06:00.442Z] [ERROR] Error fetching http://www.showroom-live.com/r/JKT48_Alya: Request failed with status code 403
[2025-04-29T05:06:00.463Z] [ERROR] Error fetching http://www.showroom-live.com/r/JKT48_Christy: Request failed with status code 403
[2025-04-29T05:06:00.484Z] [ERROR] Error fetching http://www.showroom-live.com/r/JKT48_Amanda: Request failed with status code 403
[2025-04-29T05:06:00.502Z] [ERROR] Error fetching http://www.showroom-live.com/r/JKT48_Anindya: Request failed with status code 403
[2025-04-29T05:06:00.523Z] [ERROR] Error fetching http://www.showroom-live.com/r/JKT48_Christy: Request failed with status code 403
[2025-04-29T05:06:00.539Z] [ERROR] Error fetching http://www.showroom-live.com/r/JKT48_Lia: Request failed with status code 403
[2025-04-29T05:06:00.563Z] [ERROR] Error fetching http://www.showroom-live.com/r/JKT48_Anindya: Request failed with status code 403
[2025-04-29T05:06:00.579Z] [ERROR] Error fetching http://www.showroom-live.com/r/JKT48_Cathy: Request failed with status code 403
[2025-04-29T05:06:00.602Z] [ERROR] Error fetching http://www.showroom-live.com/r/JKT48_Lia: Request failed with status code 403
[2025-04-29T05:06:00.619Z] [ERROR] Error fetching http://www.showroom-live.com/r/JKT48_Elin: Request failed with status code 403
[2025-04-29T05:06:00.649Z] [ERROR] Error fetching http://www.showroom-live.com/r/JKT48_Cathy: Request failed with status code 403
[2025-04-29T05:06:00.660Z] [ERROR] Error fetching http://www.showroom-live.com/r/JKT48_Chelsea: Request failed with status code 403
[2025-04-29T05:06:00.690Z] [ERROR] Error fetching http://www.showroom-live.com/r/JKT48_Elin: Request failed with status code 403
[2025-04-29T05:06:00.699Z] [ERROR] Error fetching http://www.showroom-live.com/r/JKT48_Oniel: Request failed with status code 403
[2025-04-29T05:06:00.731Z] [ERROR] Error fetching http://www.showroom-live.com/r/JKT48_Chelsea: Request failed with status code 403
[2025-04-29T05:06:00.736Z] [ERROR] Error fetching http://www.showroom-live.com/r/JKT48_Cynthia: Request failed with status code 403
[2025-04-29T05:06:00.769Z] [ERROR] Error fetching http://www.showroom-live.com/r/JKT48_Oniel: Request failed with status code 403
[2025-04-29T05:06:00.776Z] [ERROR] Error fetching http://www.showroom-live.com/r/JKT48_Danella: Request failed with status code 403
[2025-04-29T05:06:00.808Z] [ERROR] Error fetching http://www.showroom-live.com/r/JKT48_Cynthia: Request failed with status code 403
[2025-04-29T05:06:00.813Z] [ERROR] Error fetching http://www.showroom-live.com/r/JKT48_Daisy: Request failed with status code 403
[2025-04-29T05:06:00.851Z] [ERROR] Error fetching http://www.showroom-live.com/r/JKT48_Danella: Request failed with status code 403
[2025-04-29T05:06:00.856Z] [ERROR] Error fetching http://www.showroom-live.com/r/JKT48_Olla: Request failed with status code 403
[2025-04-29T05:06:00.891Z] [ERROR] Error fetching http://www.showroom-live.com/r/JKT48_Daisy: Request failed with status code 403
[2025-04-29T05:06:00.894Z] [ERROR] Error fetching http://www.showroom-live.com/r/JKT48_Feni: Request failed with status code 403
[2025-04-29T05:06:00.931Z] [ERROR] Error fetching http://www.showroom-live.com/r/JKT48_Fiony: Request failed with status code 403
[2025-04-29T05:06:00.932Z] [ERROR] Error fetching http://www.showroom-live.com/r/JKT48_Olla: Request failed with status code 403
[2025-04-29T05:06:00.971Z] [ERROR] Error fetching http://www.showroom-live.com/r/JKT48_Feni: Request failed with status code 403
[2025-04-29T05:06:00.986Z] [ERROR] Error fetching http://www.showroom-live.com/r/JKT48_Freya: Request failed with status code 403
[2025-04-29T05:06:01.009Z] [ERROR] Error fetching http://www.showroom-live.com/r/JKT48_Fiony: Request failed with status code 403
[2025-04-29T05:06:01.028Z] [ERROR] Error fetching http://www.showroom-live.com/r/JKT48_Ella: Request failed with status code 403
[2025-04-29T05:06:01.062Z] [ERROR] Error fetching http://www.showroom-live.com/r/JKT48_Freya: Request failed with status code 403
[2025-04-29T05:06:01.065Z] [ERROR] Error fetching http://www.showroom-live.com/r/JKT48V_Kanaia: Request failed with status code 403
[2025-04-29T05:06:01.099Z] [ERROR] Error fetching http://www.showroom-live.com/r/JKT48_Ella: Request failed with status code 403
[2025-04-29T05:06:01.137Z] [ERROR] Error fetching http://www.showroom-live.com/r/JKT48V_Kanaia: Request failed with status code 403
[2025-04-29T05:06:02.233Z] [ERROR] Error fetching https://www.idn.app/jkt48_christy: Request failed with status code 500
[2025-04-29T05:06:15.765Z] [ERROR] Error fetching http://www.showroom-live.com/r/JKT48_Alya: Request failed with status code 403
[2025-04-29T05:06:15.804Z] [ERROR] Error fetching http://www.showroom-live.com/r/JKT48_Amanda: Request failed with status code 403
[2025-04-29T05:06:15.842Z] [ERROR] Error fetching http://www.showroom-live.com/r/JKT48_Christy: Request failed with status code 403
[2025-04-29T05:06:15.883Z] [ERROR] Error fetching http://www.showroom-live.com/r/JKT48_Anindya: Request failed with status code 403
[2025-04-29T05:06:15.922Z] [ERROR] Error fetching http://www.showroom-live.com/r/JKT48_Lia: Request failed with status code 403
[2025-04-29T05:06:15.959Z] [ERROR] Error fetching http://www.showroom-live.com/r/JKT48_Cathy: Request failed with status code 403
[2025-04-29T05:06:16.071Z] [ERROR] Error fetching http://www.showroom-live.com/r/JKT48_Elin: Request failed with status code 403
[2025-04-29T05:06:16.110Z] [ERROR] Error fetching http://www.showroom-live.com/r/JKT48_Chelsea: Request failed with status code 403
[2025-04-29T05:06:16.147Z] [ERROR] Error fetching http://www.showroom-live.com/r/JKT48_Oniel: Request failed with status code 403
[2025-04-29T05:06:16.187Z] [ERROR] Error fetching http://www.showroom-live.com/r/JKT48_Cynthia: Request failed with status code 403
[2025-04-29T05:06:16.224Z] [ERROR] Error fetching http://www.showroom-live.com/r/JKT48_Danella: Request failed with status code 403
[2025-04-29T05:06:16.261Z] [ERROR] Error fetching http://www.showroom-live.com/r/JKT48_Daisy: Request failed with status code 403
[2025-04-29T05:06:16.298Z] [ERROR] Error fetching http://www.showroom-live.com/r/JKT48_Olla: Request failed with status code 403
[2025-04-29T05:06:16.336Z] [ERROR] Error fetching http://www.showroom-live.com/r/JKT48_Feni: Request failed with status code 403
[2025-04-29T05:06:16.373Z] [ERROR] Error fetching http://www.showroom-live.com/r/JKT48_Fiony: Request failed with status code 403
[2025-04-29T05:06:16.411Z] [ERROR] Error fetching http://www.showroom-live.com/r/JKT48_Freya: Request failed with status code 403
[2025-04-29T05:06:16.448Z] [ERROR] Error fetching http://www.showroom-live.com/r/JKT48_Ella: Request failed with status code 403
[2025-04-29T05:06:16.487Z] [ERROR] Error fetching http://www.showroom-live.com/r/JKT48V_Kanaia: Request failed with status code 403
[2025-04-29T05:06:30.251Z] [ERROR] Error fetching https://www.idn.app/jkt48v_kanaia: Request failed with status code 500
[2025-04-29T05:06:30.768Z] [ERROR] Error fetching http://www.showroom-live.com/r/JKT48_Alya: Request failed with status code 403
[2025-04-29T05:06:30.810Z] [ERROR] Error fetching http://www.showroom-live.com/r/JKT48_Amanda: Request failed with status code 403
[2025-04-29T05:06:30.849Z] [ERROR] Error fetching http://www.showroom-live.com/r/JKT48_Christy: Request failed with status code 403
[2025-04-29T05:06:30.889Z] [ERROR] Error fetching http://www.showroom-live.com/r/JKT48_Anindya: Request failed with status code 403
[2025-04-29T05:06:30.927Z] [ERROR] Error fetching http://www.showroom-live.com/r/JKT48_Lia: Request failed with status code 403
[2025-04-29T05:06:30.978Z] [ERROR] Error fetching http://www.showroom-live.com/r/JKT48_Cathy: Request failed with status code 403
[2025-04-29T05:06:31.034Z] [ERROR] Error fetching http://www.showroom-live.com/r/JKT48_Elin: Request failed with status code 403
[2025-04-29T05:06:31.074Z] [ERROR] Error fetching http://www.showroom-live.com/r/JKT48_Chelsea: Request failed with status code 403
[2025-04-29T05:06:31.114Z] [ERROR] Error fetching http://www.showroom-live.com/r/JKT48_Oniel: Request failed with status code 403
[2025-04-29T05:06:31.151Z] [ERROR] Error fetching http://www.showroom-live.com/r/JKT48_Cynthia: Request failed with status code 403
[2025-04-29T05:06:31.193Z] [ERROR] Error fetching http://www.showroom-live.com/r/JKT48_Danella: Request failed with status code 403
[2025-04-29T05:06:31.234Z] [ERROR] Error fetching http://www.showroom-live.com/r/JKT48_Daisy: Request failed with status code 403
[2025-04-29T05:06:31.273Z] [ERROR] Error fetching http://www.showroom-live.com/r/JKT48_Olla: Request failed with status code 403
[2025-04-29T05:06:31.312Z] [ERROR] Error fetching http://www.showroom-live.com/r/JKT48_Feni: Request failed with status code 403
[2025-04-29T05:06:31.356Z] [ERROR] Error fetching http://www.showroom-live.com/r/JKT48_Fiony: Request failed with status code 403
[2025-04-29T05:06:31.398Z] [ERROR] Error fetching http://www.showroom-live.com/r/JKT48_Freya: Request failed with status code 403
[2025-04-29T05:06:31.436Z] [ERROR] Error fetching http://www.showroom-live.com/r/JKT48_Ella: Request failed with status code 403
[2025-04-29T05:06:31.473Z] [ERROR] Error fetching http://www.showroom-live.com/r/JKT48V_Kanaia: Request failed with status code 403
[2025-04-29T05:06:45.113Z] [ERROR] Error fetching https://www.idn.app/jkt48v_kanaia: Request failed with status code 500
[2025-04-29T05:06:45.781Z] [ERROR] Error fetching http://www.showroom-live.com/r/JKT48_Alya: Request failed with status code 403
[2025-04-29T05:06:45.832Z] [ERROR] Error fetching http://www.showroom-live.com/r/JKT48_Amanda: Request failed with status code 403
[2025-04-29T05:06:45.876Z] [ERROR] Error fetching http://www.showroom-live.com/r/JKT48_Christy: Request failed with status code 403
[2025-04-29T05:06:45.917Z] [ERROR] Error fetching http://www.showroom-live.com/r/JKT48_Anindya: Request failed with status code 403
[2025-04-29T05:06:45.965Z] [ERROR] Error fetching http://www.showroom-live.com/r/JKT48_Lia: Request failed with status code 403
[2025-04-29T05:06:46.007Z] [ERROR] Error fetching http://www.showroom-live.com/r/JKT48_Cathy: Request failed with status code 403
[2025-04-29T05:06:46.050Z] [ERROR] Error fetching http://www.showroom-live.com/r/JKT48_Elin: Request failed with status code 403
[2025-04-29T05:06:46.100Z] [ERROR] Error fetching http://www.showroom-live.com/r/JKT48_Chelsea: Request failed with status code 403
[2025-04-29T05:06:46.139Z] [ERROR] Error fetching http://www.showroom-live.com/r/JKT48_Oniel: Request failed with status code 403
[2025-04-29T05:06:46.178Z] [ERROR] Error fetching http://www.showroom-live.com/r/JKT48_Cynthia: Request failed with status code 403
[2025-04-29T05:06:46.227Z] [ERROR] Error fetching http://www.showroom-live.com/r/JKT48_Danella: Request failed with status code 403
[2025-04-29T05:06:46.267Z] [ERROR] Error fetching http://www.showroom-live.com/r/JKT48_Daisy: Request failed with status code 403
[2025-04-29T05:06:46.309Z] [ERROR] Error fetching http://www.showroom-live.com/r/JKT48_Olla: Request failed with status code 403
[2025-04-29T05:06:46.345Z] [ERROR] Error fetching http://www.showroom-live.com/r/JKT48_Feni: Request failed with status code 403
[2025-04-29T05:06:46.383Z] [ERROR] Error fetching http://www.showroom-live.com/r/JKT48_Fiony: Request failed with status code 403
[2025-04-29T05:06:46.419Z] [ERROR] Error fetching http://www.showroom-live.com/r/JKT48_Freya: Request failed with status code 403
[2025-04-29T05:06:46.458Z] [ERROR] Error fetching http://www.showroom-live.com/r/JKT48_Ella: Request failed with status code 403
[2025-04-29T05:06:46.495Z] [ERROR] Error fetching http://www.showroom-live.com/r/JKT48V_Kanaia: Request failed with status code 403
[2025-04-29T05:06:58.166Z] [ERROR] Error fetching https://www.idn.app/jkt48v_kanaia: Request failed with status code 500
[2025-04-29T05:07:00.798Z] [ERROR] Error fetching http://www.showroom-live.com/r/JKT48_Alya: Request failed with status code 403
[2025-04-29T05:07:00.848Z] [ERROR] Error fetching http://www.showroom-live.com/r/JKT48_Amanda: Request failed with status code 403
[2025-04-29T05:07:00.888Z] [ERROR] Error fetching http://www.showroom-live.com/r/JKT48_Christy: Request failed with status code 403
[2025-04-29T05:07:00.926Z] [ERROR] Error fetching http://www.showroom-live.com/r/JKT48_Anindya: Request failed with status code 403
[2025-04-29T05:07:01.009Z] [ERROR] Error fetching http://www.showroom-live.com/r/JKT48_Lia: Request failed with status code 403
[2025-04-29T05:07:01.075Z] [ERROR] Error fetching http://www.showroom-live.com/r/JKT48_Cathy: Request failed with status code 403
[2025-04-29T05:07:01.112Z] [ERROR] Error fetching http://www.showroom-live.com/r/JKT48_Elin: Request failed with status code 403
[2025-04-29T05:07:01.149Z] [ERROR] Error fetching http://www.showroom-live.com/r/JKT48_Chelsea: Request failed with status code 403
[2025-04-29T05:07:01.187Z] [ERROR] Error fetching http://www.showroom-live.com/r/JKT48_Oniel: Request failed with status code 403
[2025-04-29T05:07:01.225Z] [ERROR] Error fetching http://www.showroom-live.com/r/JKT48_Cynthia: Request failed with status code 403
[2025-04-29T05:07:01.263Z] [ERROR] Error fetching http://www.showroom-live.com/r/JKT48_Danella: Request failed with status code 403
[2025-04-29T05:07:01.300Z] [ERROR] Error fetching http://www.showroom-live.com/r/JKT48_Daisy: Request failed with status code 403
[2025-04-29T05:07:01.339Z] [ERROR] Error fetching http://www.showroom-live.com/r/JKT48_Olla: Request failed with status code 403
[2025-04-29T05:07:01.376Z] [ERROR] Error fetching http://www.showroom-live.com/r/JKT48_Feni: Request failed with status code 403
[2025-04-29T05:07:01.412Z] [ERROR] Error fetching http://www.showroom-live.com/r/JKT48_Fiony: Request failed with status code 403
[2025-04-29T05:07:01.451Z] [ERROR] Error fetching http://www.showroom-live.com/r/JKT48_Freya: Request failed with status code 403
[2025-04-29T05:07:01.488Z] [ERROR] Error fetching http://www.showroom-live.com/r/JKT48_Ella: Request failed with status code 403
[2025-04-29T05:07:01.527Z] [ERROR] Error fetching http://www.showroom-live.com/r/JKT48V_Kanaia: Request failed with status code 403
[2025-04-29T05:07:14.367Z] [ERROR] Error fetching https://www.idn.app/jkt48v_kanaia: Request failed with status code 500
[2025-04-29T05:07:15.793Z] [ERROR] Error fetching http://www.showroom-live.com/r/JKT48_Alya: Request failed with status code 403
[2025-04-29T05:07:15.845Z] [ERROR] Error fetching http://www.showroom-live.com/r/JKT48_Amanda: Request failed with status code 403
[2025-04-29T05:07:15.882Z] [ERROR] Error fetching http://www.showroom-live.com/r/JKT48_Christy: Request failed with status code 403
[2025-04-29T05:07:15.919Z] [ERROR] Error fetching http://www.showroom-live.com/r/JKT48_Anindya: Request failed with status code 403
[2025-04-29T05:07:15.955Z] [ERROR] Error fetching http://www.showroom-live.com/r/JKT48_Lia: Request failed with status code 403
[2025-04-29T05:07:15.993Z] [ERROR] Error fetching http://www.showroom-live.com/r/JKT48_Cathy: Request failed with status code 403
[2025-04-29T05:07:16.029Z] [ERROR] Error fetching http://www.showroom-live.com/r/JKT48_Elin: Request failed with status code 403
[2025-04-29T05:07:16.065Z] [ERROR] Error fetching http://www.showroom-live.com/r/JKT48_Chelsea: Request failed with status code 403
[2025-04-29T05:07:16.101Z] [ERROR] Error fetching http://www.showroom-live.com/r/JKT48_Oniel: Request failed with status code 403
[2025-04-29T05:07:16.138Z] [ERROR] Error fetching http://www.showroom-live.com/r/JKT48_Cynthia: Request failed with status code 403
[2025-04-29T05:07:16.192Z] [ERROR] Error fetching http://www.showroom-live.com/r/JKT48_Danella: Request failed with status code 403
[2025-04-29T05:07:16.228Z] [ERROR] Error fetching http://www.showroom-live.com/r/JKT48_Daisy: Request failed with status code 403
[2025-04-29T05:07:16.265Z] [ERROR] Error fetching http://www.showroom-live.com/r/JKT48_Olla: Request failed with status code 403
[2025-04-29T05:07:16.303Z] [ERROR] Error fetching http://www.showroom-live.com/r/JKT48_Feni: Request failed with status code 403
[2025-04-29T05:07:16.340Z] [ERROR] Error fetching http://www.showroom-live.com/r/JKT48_Fiony: Request failed with status code 403
[2025-04-29T05:07:16.378Z] [ERROR] Error fetching http://www.showroom-live.com/r/JKT48_Freya: Request failed with status code 403
[2025-04-29T05:07:16.414Z] [ERROR] Error fetching http://www.showroom-live.com/r/JKT48_Ella: Request failed with status code 403
[2025-04-29T05:07:16.451Z] [ERROR] Error fetching http://www.showroom-live.com/r/JKT48V_Kanaia: Request failed with status code 403
[2025-04-29T05:07:28.875Z] [ERROR] Error fetching https://www.idn.app/jkt48v_kanaia: Request failed with status code 500
[2025-04-29T05:07:30.803Z] [ERROR] Error fetching http://www.showroom-live.com/r/JKT48_Alya: Request failed with status code 403
[2025-04-29T05:07:30.840Z] [ERROR] Error fetching http://www.showroom-live.com/r/JKT48_Amanda: Request failed with status code 403
[2025-04-29T05:07:30.877Z] [ERROR] Error fetching http://www.showroom-live.com/r/JKT48_Christy: Request failed with status code 403
[2025-04-29T05:07:30.915Z] [ERROR] Error fetching http://www.showroom-live.com/r/JKT48_Anindya: Request failed with status code 403
[2025-04-29T05:07:30.951Z] [ERROR] Error fetching http://www.showroom-live.com/r/JKT48_Lia: Request failed with status code 403
[2025-04-29T05:07:30.987Z] [ERROR] Error fetching http://www.showroom-live.com/r/JKT48_Cathy: Request failed with status code 403
[2025-04-29T05:07:31.023Z] [ERROR] Error fetching http://www.showroom-live.com/r/JKT48_Elin: Request failed with status code 403
[2025-04-29T05:07:31.061Z] [ERROR] Error fetching http://www.showroom-live.com/r/JKT48_Chelsea: Request failed with status code 403
[2025-04-29T05:07:31.097Z] [ERROR] Error fetching http://www.showroom-live.com/r/JKT48_Oniel: Request failed with status code 403
[2025-04-29T05:07:31.132Z] [ERROR] Error fetching http://www.showroom-live.com/r/JKT48_Cynthia: Request failed with status code 403
[2025-04-29T05:07:31.169Z] [ERROR] Error fetching http://www.showroom-live.com/r/JKT48_Danella: Request failed with status code 403
[2025-04-29T05:07:31.205Z] [ERROR] Error fetching http://www.showroom-live.com/r/JKT48_Daisy: Request failed with status code 403
[2025-04-29T05:07:31.242Z] [ERROR] Error fetching http://www.showroom-live.com/r/JKT48_Olla: Request failed with status code 403
[2025-04-29T05:07:31.282Z] [ERROR] Error fetching http://www.showroom-live.com/r/JKT48_Feni: Request failed with status code 403
[2025-04-29T05:07:31.319Z] [ERROR] Error fetching http://www.showroom-live.com/r/JKT48_Fiony: Request failed with status code 403
[2025-04-29T05:07:31.355Z] [ERROR] Error fetching http://www.showroom-live.com/r/JKT48_Freya: Request failed with status code 403
[2025-04-29T05:07:31.391Z] [ERROR] Error fetching http://www.showroom-live.com/r/JKT48_Ella: Request failed with status code 403
[2025-04-29T05:07:31.428Z] [ERROR] Error fetching http://www.showroom-live.com/r/JKT48V_Kanaia: Request failed with status code 403
[2025-04-29T05:07:42.817Z] [ERROR] Error fetching https://www.idn.app/jkt48v_kanaia: Request failed with status code 500
[2025-04-29T05:07:45.820Z] [ERROR] Error fetching http://www.showroom-live.com/r/JKT48_Alya: Request failed with status code 403
[2025-04-29T05:07:45.857Z] [ERROR] Error fetching http://www.showroom-live.com/r/JKT48_Amanda: Request failed with status code 403
[2025-04-29T05:07:45.895Z] [ERROR] Error fetching http://www.showroom-live.com/r/JKT48_Christy: Request failed with status code 403
[2025-04-29T05:07:45.932Z] [ERROR] Error fetching http://www.showroom-live.com/r/JKT48_Anindya: Request failed with status code 403
[2025-04-29T05:07:45.969Z] [ERROR] Error fetching http://www.showroom-live.com/r/JKT48_Lia: Request failed with status code 403
[2025-04-29T05:07:46.009Z] [ERROR] Error fetching http://www.showroom-live.com/r/JKT48_Cathy: Request failed with status code 403
[2025-04-29T05:07:46.049Z] [ERROR] Error fetching http://www.showroom-live.com/r/JKT48_Elin: Request failed with status code 403
[2025-04-29T05:07:46.089Z] [ERROR] Error fetching http://www.showroom-live.com/r/JKT48_Chelsea: Request failed with status code 403
[2025-04-29T05:07:46.155Z] [ERROR] Error fetching http://www.showroom-live.com/r/JKT48_Oniel: Request failed with status code 403
[2025-04-29T05:07:46.197Z] [ERROR] Error fetching http://www.showroom-live.com/r/JKT48_Cynthia: Request failed with status code 403
[2025-04-29T05:07:46.232Z] [ERROR] Error fetching http://www.showroom-live.com/r/JKT48_Danella: Request failed with status code 403
[2025-04-29T05:07:46.269Z] [ERROR] Error fetching http://www.showroom-live.com/r/JKT48_Daisy: Request failed with status code 403
[2025-04-29T05:07:46.308Z] [ERROR] Error fetching http://www.showroom-live.com/r/JKT48_Olla: Request failed with status code 403
[2025-04-29T05:07:46.345Z] [ERROR] Error fetching http://www.showroom-live.com/r/JKT48_Feni: Request failed with status code 403
[2025-04-29T05:07:46.382Z] [ERROR] Error fetching http://www.showroom-live.com/r/JKT48_Fiony: Request failed with status code 403
[2025-04-29T05:07:46.419Z] [ERROR] Error fetching http://www.showroom-live.com/r/JKT48_Freya: Request failed with status code 403
[2025-04-29T05:07:46.458Z] [ERROR] Error fetching http://www.showroom-live.com/r/JKT48_Ella: Request failed with status code 403
[2025-04-29T05:07:46.495Z] [ERROR] Error fetching http://www.showroom-live.com/r/JKT48V_Kanaia: Request failed with status code 403
[2025-04-29T05:07:59.140Z] [ERROR] Error fetching https://www.idn.app/jkt48v_kanaia: Request failed with status code 500
[2025-04-29T05:08:00.823Z] [ERROR] Error fetching http://www.showroom-live.com/r/JKT48_Alya: Request failed with status code 403
[2025-04-29T05:08:00.860Z] [ERROR] Error fetching http://www.showroom-live.com/r/JKT48_Amanda: Request failed with status code 403
[2025-04-29T05:08:00.910Z] [ERROR] Error fetching http://www.showroom-live.com/r/JKT48_Christy: Request failed with status code 403
[2025-04-29T05:08:00.955Z] [ERROR] Error fetching http://www.showroom-live.com/r/JKT48_Anindya: Request failed with status code 403
[2025-04-29T05:08:00.993Z] [ERROR] Error fetching http://www.showroom-live.com/r/JKT48_Lia: Request failed with status code 403
[2025-04-29T05:08:01.031Z] [ERROR] Error fetching http://www.showroom-live.com/r/JKT48_Cathy: Request failed with status code 403
[2025-04-29T05:08:01.075Z] [ERROR] Error fetching http://www.showroom-live.com/r/JKT48_Elin: Request failed with status code 403
[2025-04-29T05:08:01.112Z] [ERROR] Error fetching http://www.showroom-live.com/r/JKT48_Chelsea: Request failed with status code 403
[2025-04-29T05:08:01.148Z] [ERROR] Error fetching http://www.showroom-live.com/r/JKT48_Oniel: Request failed with status code 403
[2025-04-29T05:08:01.184Z] [ERROR] Error fetching http://www.showroom-live.com/r/JKT48_Cynthia: Request failed with status code 403
[2025-04-29T05:08:01.221Z] [ERROR] Error fetching http://www.showroom-live.com/r/JKT48_Danella: Request failed with status code 403
[2025-04-29T05:08:01.258Z] [ERROR] Error fetching http://www.showroom-live.com/r/JKT48_Daisy: Request failed with status code 403
[2025-04-29T05:08:01.294Z] [ERROR] Error fetching http://www.showroom-live.com/r/JKT48_Olla: Request failed with status code 403
[2025-04-29T05:08:01.331Z] [ERROR] Error fetching http://www.showroom-live.com/r/JKT48_Feni: Request failed with status code 403
[2025-04-29T05:08:01.367Z] [ERROR] Error fetching http://www.showroom-live.com/r/JKT48_Fiony: Request failed with status code 403
[2025-04-29T05:08:01.404Z] [ERROR] Error fetching http://www.showroom-live.com/r/JKT48_Freya: Request failed with status code 403
[2025-04-29T05:08:01.441Z] [ERROR] Error fetching http://www.showroom-live.com/r/JKT48_Ella: Request failed with status code 403
[2025-04-29T05:08:01.477Z] [ERROR] Error fetching http://www.showroom-live.com/r/JKT48V_Kanaia: Request failed with status code 403
[2025-04-29T05:08:13.805Z] [ERROR] Error fetching https://www.idn.app/jkt48v_kanaia: Request failed with status code 500
[2025-04-29T05:08:15.825Z] [ERROR] Error fetching http://www.showroom-live.com/r/JKT48_Alya: Request failed with status code 403
[2025-04-29T05:08:15.862Z] [ERROR] Error fetching http://www.showroom-live.com/r/JKT48_Amanda: Request failed with status code 403
[2025-04-29T05:08:15.899Z] [ERROR] Error fetching http://www.showroom-live.com/r/JKT48_Christy: Request failed with status code 403
[2025-04-29T05:08:15.945Z] [ERROR] Error fetching http://www.showroom-live.com/r/JKT48_Anindya: Request failed with status code 403
[2025-04-29T05:08:15.983Z] [ERROR] Error fetching http://www.showroom-live.com/r/JKT48_Lia: Request failed with status code 403
[2025-04-29T05:08:16.035Z] [ERROR] Error fetching http://www.showroom-live.com/r/JKT48_Cathy: Request failed with status code 403
[2025-04-29T05:08:16.078Z] [ERROR] Error fetching http://www.showroom-live.com/r/JKT48_Elin: Request failed with status code 403
[2025-04-29T05:08:16.122Z] [ERROR] Error fetching http://www.showroom-live.com/r/JKT48_Chelsea: Request failed with status code 403
[2025-04-29T05:08:16.161Z] [ERROR] Error fetching http://www.showroom-live.com/r/JKT48_Oniel: Request failed with status code 403
[2025-04-29T05:08:16.199Z] [ERROR] Error fetching http://www.showroom-live.com/r/JKT48_Cynthia: Request failed with status code 403
[2025-04-29T05:08:16.253Z] [ERROR] Error fetching http://www.showroom-live.com/r/JKT48_Danella: Request failed with status code 403
[2025-04-29T05:08:16.291Z] [ERROR] Error fetching http://www.showroom-live.com/r/JKT48_Daisy: Request failed with status code 403
[2025-04-29T05:08:16.327Z] [ERROR] Error fetching http://www.showroom-live.com/r/JKT48_Olla: Request failed with status code 403
[2025-04-29T05:08:16.363Z] [ERROR] Error fetching http://www.showroom-live.com/r/JKT48_Feni: Request failed with status code 403
[2025-04-29T05:08:16.401Z] [ERROR] Error fetching http://www.showroom-live.com/r/JKT48_Fiony: Request failed with status code 403
[2025-04-29T05:08:16.441Z] [ERROR] Error fetching http://www.showroom-live.com/r/JKT48_Freya: Request failed with status code 403
[2025-04-29T05:08:16.479Z] [ERROR] Error fetching http://www.showroom-live.com/r/JKT48_Ella: Request failed with status code 403
[2025-04-29T05:08:16.515Z] [ERROR] Error fetching http://www.showroom-live.com/r/JKT48V_Kanaia: Request failed with status code 403
[2025-04-29T05:08:19.646Z] [ERROR] Error fetching https://www.idn.app/jkt48_cathy: Request failed with status code 500
[2025-04-29T05:08:28.810Z] [ERROR] Error fetching https://www.idn.app/jkt48v_kanaia: Request failed with status code 500
[2025-04-29T05:08:30.841Z] [ERROR] Error fetching http://www.showroom-live.com/r/JKT48_Alya: Request failed with status code 403
[2025-04-29T05:08:30.878Z] [ERROR] Error fetching http://www.showroom-live.com/r/JKT48_Amanda: Request failed with status code 403
[2025-04-29T05:08:30.915Z] [ERROR] Error fetching http://www.showroom-live.com/r/JKT48_Christy: Request failed with status code 403
[2025-04-29T05:08:30.952Z] [ERROR] Error fetching http://www.showroom-live.com/r/JKT48_Anindya: Request failed with status code 403
[2025-04-29T05:08:30.989Z] [ERROR] Error fetching http://www.showroom-live.com/r/JKT48_Lia: Request failed with status code 403
[2025-04-29T05:08:31.025Z] [ERROR] Error fetching http://www.showroom-live.com/r/JKT48_Cathy: Request failed with status code 403
[2025-04-29T05:08:31.062Z] [ERROR] Error fetching http://www.showroom-live.com/r/JKT48_Elin: Request failed with status code 403
[2025-04-29T05:08:31.104Z] [ERROR] Error fetching http://www.showroom-live.com/r/JKT48_Chelsea: Request failed with status code 403
[2025-04-29T05:08:31.141Z] [ERROR] Error fetching http://www.showroom-live.com/r/JKT48_Oniel: Request failed with status code 403
[2025-04-29T05:08:31.177Z] [ERROR] Error fetching http://www.showroom-live.com/r/JKT48_Cynthia: Request failed with status code 403
[2025-04-29T05:08:31.215Z] [ERROR] Error fetching http://www.showroom-live.com/r/JKT48_Danella: Request failed with status code 403
[2025-04-29T05:08:31.261Z] [ERROR] Error fetching http://www.showroom-live.com/r/JKT48_Daisy: Request failed with status code 403
[2025-04-29T05:08:31.298Z] [ERROR] Error fetching http://www.showroom-live.com/r/JKT48_Olla: Request failed with status code 403
[2025-04-29T05:08:31.334Z] [ERROR] Error fetching http://www.showroom-live.com/r/JKT48_Feni: Request failed with status code 403
[2025-04-29T05:08:31.370Z] [ERROR] Error fetching http://www.showroom-live.com/r/JKT48_Fiony: Request failed with status code 403
[2025-04-29T05:08:31.407Z] [ERROR] Error fetching http://www.showroom-live.com/r/JKT48_Freya: Request failed with status code 403
[2025-04-29T05:08:31.446Z] [ERROR] Error fetching http://www.showroom-live.com/r/JKT48_Ella: Request failed with status code 403
[2025-04-29T05:08:31.490Z] [ERROR] Error fetching http://www.showroom-live.com/r/JKT48V_Kanaia: Request failed with status code 403
[2025-04-29T05:08:45.126Z] [ERROR] Error fetching http://www.showroom-live.com/r/JKT48_Alya: Request failed with status code 403
[2025-04-29T05:08:45.173Z] [ERROR] Error fetching http://www.showroom-live.com/r/JKT48_Amanda: Request failed with status code 403
[2025-04-29T05:08:45.215Z] [ERROR] Error fetching http://www.showroom-live.com/r/JKT48_Christy: Request failed with status code 403
[2025-04-29T05:08:45.254Z] [ERROR] Error fetching http://www.showroom-live.com/r/JKT48_Anindya: Request failed with status code 403
[2025-04-29T05:08:45.293Z] [ERROR] Error fetching http://www.showroom-live.com/r/JKT48_Lia: Request failed with status code 403
[2025-04-29T05:08:45.338Z] [ERROR] Error fetching http://www.showroom-live.com/r/JKT48_Cathy: Request failed with status code 403
[2025-04-29T05:08:45.377Z] [ERROR] Error fetching http://www.showroom-live.com/r/JKT48_Elin: Request failed with status code 403
[2025-04-29T05:08:45.416Z] [ERROR] Error fetching http://www.showroom-live.com/r/JKT48_Chelsea: Request failed with status code 403
[2025-04-29T05:08:45.455Z] [ERROR] Error fetching http://www.showroom-live.com/r/JKT48_Oniel: Request failed with status code 403
[2025-04-29T05:08:45.494Z] [ERROR] Error fetching http://www.showroom-live.com/r/JKT48_Cynthia: Request failed with status code 403
[2025-04-29T05:08:45.537Z] [ERROR] Error fetching http://www.showroom-live.com/r/JKT48_Danella: Request failed with status code 403
[2025-04-29T05:08:45.579Z] [ERROR] Error fetching http://www.showroom-live.com/r/JKT48_Daisy: Request failed with status code 403
[2025-04-29T05:08:45.617Z] [ERROR] Error fetching http://www.showroom-live.com/r/JKT48_Olla: Request failed with status code 403
[2025-04-29T05:08:45.654Z] [ERROR] Error fetching http://www.showroom-live.com/r/JKT48_Feni: Request failed with status code 403
[2025-04-29T05:08:45.692Z] [ERROR] Error fetching http://www.showroom-live.com/r/JKT48_Fiony: Request failed with status code 403
[2025-04-29T05:08:45.731Z] [ERROR] Error fetching http://www.showroom-live.com/r/JKT48_Freya: Request failed with status code 403
[2025-04-29T05:08:45.769Z] [ERROR] Error fetching http://www.showroom-live.com/r/JKT48_Ella: Request failed with status code 403
[2025-04-29T05:08:45.823Z] [ERROR] Error fetching http://www.showroom-live.com/r/JKT48V_Kanaia: Request failed with status code 403
[2025-04-29T05:08:46.034Z] [ERROR] Error fetching http://www.showroom-live.com/r/JKT48_Alya: Request failed with status code 403
[2025-04-29T05:08:46.073Z] [ERROR] Error fetching http://www.showroom-live.com/r/JKT48_Amanda: Request failed with status code 403
[2025-04-29T05:08:46.110Z] [ERROR] Error fetching http://www.showroom-live.com/r/JKT48_Christy: Request failed with status code 403
[2025-04-29T05:08:46.149Z] [ERROR] Error fetching http://www.showroom-live.com/r/JKT48_Anindya: Request failed with status code 403
[2025-04-29T05:08:46.187Z] [ERROR] Error fetching http://www.showroom-live.com/r/JKT48_Lia: Request failed with status code 403
[2025-04-29T05:08:46.225Z] [ERROR] Error fetching http://www.showroom-live.com/r/JKT48_Cathy: Request failed with status code 403
[2025-04-29T05:08:46.262Z] [ERROR] Error fetching http://www.showroom-live.com/r/JKT48_Elin: Request failed with status code 403
[2025-04-29T05:08:46.300Z] [ERROR] Error fetching http://www.showroom-live.com/r/JKT48_Chelsea: Request failed with status code 403
[2025-04-29T05:08:46.338Z] [ERROR] Error fetching http://www.showroom-live.com/r/JKT48_Oniel: Request failed with status code 403
[2025-04-29T05:08:46.376Z] [ERROR] Error fetching http://www.showroom-live.com/r/JKT48_Cynthia: Request failed with status code 403
[2025-04-29T05:08:46.413Z] [ERROR] Error fetching http://www.showroom-live.com/r/JKT48_Danella: Request failed with status code 403
[2025-04-29T05:08:46.450Z] [ERROR] Error fetching http://www.showroom-live.com/r/JKT48_Daisy: Request failed with status code 403
[2025-04-29T05:08:46.487Z] [ERROR] Error fetching http://www.showroom-live.com/r/JKT48_Olla: Request failed with status code 403
[2025-04-29T05:08:46.526Z] [ERROR] Error fetching http://www.showroom-live.com/r/JKT48_Feni: Request failed with status code 403
[2025-04-29T05:08:46.567Z] [ERROR] Error fetching http://www.showroom-live.com/r/JKT48_Fiony: Request failed with status code 403
[2025-04-29T05:08:46.604Z] [ERROR] Error fetching http://www.showroom-live.com/r/JKT48_Freya: Request failed with status code 403
[2025-04-29T05:08:46.642Z] [ERROR] Error fetching http://www.showroom-live.com/r/JKT48_Ella: Request failed with status code 403
[2025-04-29T05:08:46.683Z] [ERROR] Error fetching http://www.showroom-live.com/r/JKT48V_Kanaia: Request failed with status code 403
[2025-04-29T05:27:51.499Z] [ERROR] Error deploying commands: {"requestBody":{"json":[{"options":[],"name":"gachamemberjkt48","description":"Gacha member JKT48 (Max 15x sehari)","type":1},{"options":[],"name":"tebaklagujkt48","description":"Game tebak lagu JKT48","type":1},{"options":[{"name":"include_graduated","description":"Sertakan member yang sudah graduated","required":false,"type":5}],"name":"tebaknamajkt48","description":"Game tebak nama member JKT48","type":1},{"options":[],"name":"botstatus","description":"Tampilkan status layanan bot","type":1},{"options":[],"name":"botversion","description":"Tampilkan informasi versi dan status bot","type":1},{"options":[{"type":3,"choices":[{"name":"Informasi","value":"info"},{"name":"Member JKT48","value":"member"},{"name":"Games","value":"games"},{"name":"Notifikasi","value":"notifications"},{"name":"Moderasi","value":"moderation"},{"name":"Tiket","value":"tickets"}],"name":"kategori","description":"Kategori perintah yang ingin ditampilkan","required":false}],"name":"help","description":"Menampilkan bantuan untuk perintah-perintah yang tersedia","type":1},{"options":[{"type":3,"choices":[{"name":"Team J","value":"J"},{"name":"Team K3","value":"K3"},{"name":"Team T","value":"T"},{"name":"Academy","value":"Academy"},{"name":"Semua","value":"all"}],"name":"team","description":"Filter berdasarkan team","required":false}],"name":"allmemberjkt48","description":"Tampilkan daftar semua member JKT48","type":1},{"options":[{"max_value":12,"min_value":1,"type":4,"name":"bulan","description":"Bulan (1-12)","required":false}],"name":"birthdaymemberjkt48","description":"Tampilkan member JKT48 yang berulang tahun","type":1},{"options":[{"max_value":10,"min_value":1,"type":4,"name":"generasi","description":"Filter berdasarkan generasi","required":false}],"name":"graduatedmemberjkt48","description":"Tampilkan daftar member JKT48 yang sudah lulus (graduated)","type":1},{"options":[{"name":"user","description":"The user to ban","required":true,"type":6},{"type":3,"name":"reason","description":"Reason for the ban","required":true},{"max_value":7,"min_value":0,"type":4,"name":"days","description":"Number of days of messages to delete (0-7)","required":false}],"name":"ban","description":"Ban a member from the server","type":1},{"options":[{"max_value":100,"min_value":1,"type":4,"name":"amount","description":"Number of messages to delete (1-100)","required":true},{"name":"user","description":"Only delete messages from this user","required":false,"type":6},{"type":3,"choices":[{"name":"All Messages","value":"all"},{"name":"User Messages","value":"user"},{"name":"Bot Messages","value":"bot"},{"name":"Images Only","value":"images"},{"name":"Links Only","value":"links"}],"name":"target","description":"Target type of messages to delete","required":false}],"name":"clear","description":"Clear messages from the channel","type":1},{"options":[{"name":"user","description":"The user to kick","required":true,"type":6},{"type":3,"name":"reason","description":"Reason for the kick","required":true}],"name":"kick","description":"Kick a member from the server","type":1},{"options":[{"name":"user","description":"The user to mute","required":true,"type":6},{"max_value":10080,"min_value":1,"type":4,"name":"duration","description":"Duration of the mute in minutes","required":true},{"type":3,"name":"reason","description":"Reason for the mute","required":true}],"name":"mute","description":"Mute a member temporarily (timeout)","type":1},{"options":[],"name":"livememberjkt48","description":"Tampilkan member JKT48 yang sedang live streaming","type":1},{"options":[],"name":"theaterjkt48","description":"Tampilkan jadwal teater & event JKT48 mendatang","type":1},{"options":[{"type":1,"name":"setup","description":"Setup the ticket system in a channel","options":[{"channel_types":[0],"name":"channel","description":"Channel to set up the ticket system in","required":true,"type":7},{"type":3,"name":"title","description":"Title for the ticket embed","required":false},{"type":3,"name":"description","description":"Description for the ticket embed","required":false},{"type":3,"name":"button_text","description":"Text to display on the ticket button","required":false},{"type":3,"name":"color","description":"Color for the ticket embed (hex code)","required":false}]},{"type":1,"name":"close","description":"Close an existing ticket","options":[{"type":3,"name":"reason","description":"Reason for closing the ticket","required":true}]}],"name":"createticket","description":"Create a ticket system or create a new ticket","type":1}]},"rawError":{"message":"Missing Access","code":50001},"code":50001,"status":403,"method":"PUT","url":"https://discord.com/api/v9/applications/1352565363698700348/guilds/1297112621555777538/commands"}
[2025-04-29T05:33:01.642Z] [ERROR] Error scraping YouTube: 2025-04-29 05:33:01,596 - trafilatura.downloads - ERROR - not a 200 response: 404 for URL https://www.youtube.com/@OfficialJKT48/videos
2025-04-29 05:33:01,596 - web_scraper - ERROR - Failed to download content from https://www.youtube.com/@OfficialJKT48/videos

[2025-04-29T05:39:01.431Z] [ERROR] Error scraping YouTube: 2025-04-29 05:39:01,391 - trafilatura.downloads - ERROR - not a 200 response: 404 for URL https://www.youtube.com/@OfficialJKT48/videos
2025-04-29 05:39:01,391 - web_scraper - ERROR - Failed to download content from https://www.youtube.com/@OfficialJKT48/videos

[2025-04-29T05:42:01.096Z] [ERROR] Error scraping YouTube: 2025-04-29 05:42:01,052 - trafilatura.downloads - ERROR - not a 200 response: 404 for URL https://www.youtube.com/@OfficialJKT48/videos
2025-04-29 05:42:01,052 - web_scraper - ERROR - Failed to download content from https://www.youtube.com/@OfficialJKT48/videos

[2025-04-29T05:42:01.506Z] [ERROR] Error scraping YouTube: 2025-04-29 05:42:01,472 - trafilatura.downloads - ERROR - not a 200 response: 404 for URL https://www.youtube.com/@OfficialJKT48/videos
2025-04-29 05:42:01,472 - web_scraper - ERROR - Failed to download content from https://www.youtube.com/@OfficialJKT48/videos

[2025-04-29T05:55:02.596Z] [ERROR] Error scraping YouTube: 2025-04-29 05:55:02,547 - trafilatura.downloads - ERROR - not a 200 response: 404 for URL https://www.youtube.com/@OfficialJKT48/videos
2025-04-29 05:55:02,547 - web_scraper - ERROR - Failed to download content from https://www.youtube.com/@OfficialJKT48/videos

[2025-04-29T05:55:02.647Z] [ERROR] Error scraping YouTube: 2025-04-29 05:55:02,595 - trafilatura.downloads - ERROR - not a 200 response: 404 for URL https://www.youtube.com/@OfficialJKT48/videos
2025-04-29 05:55:02,595 - web_scraper - ERROR - Failed to download content from https://www.youtube.com/@OfficialJKT48/videos

[2025-04-29T06:00:00.205Z] [ERROR] Error in checkJKT48Calendar service: {}
[2025-04-29T06:00:02.078Z] [ERROR] Error scraping YouTube: 2025-04-29 06:00:02,012 - trafilatura.downloads - ERROR - not a 200 response: 404 for URL https://www.youtube.com/@OfficialJKT48/videos
2025-04-29 06:00:02,013 - web_scraper - ERROR - Failed to download content from https://www.youtube.com/@OfficialJKT48/videos

[2025-04-29T06:05:01.871Z] [ERROR] Error scraping YouTube: 2025-04-29 06:05:01,803 - trafilatura.downloads - ERROR - not a 200 response: 404 for URL https://www.youtube.com/@OfficialJKT48/videos
2025-04-29 06:05:01,804 - web_scraper - ERROR - Failed to download content from https://www.youtube.com/@OfficialJKT48/videos

[2025-04-29T06:05:02.758Z] [ERROR] Error scraping YouTube: 2025-04-29 06:05:02,677 - trafilatura.downloads - ERROR - not a 200 response: 404 for URL https://www.youtube.com/@OfficialJKT48/videos
2025-04-29 06:05:02,679 - web_scraper - ERROR - Failed to download content from https://www.youtube.com/@OfficialJKT48/videos

[2025-04-29T06:10:01.467Z] [ERROR] Error scraping YouTube: 2025-04-29 06:10:01,376 - trafilatura.downloads - ERROR - not a 200 response: 404 for URL https://www.youtube.com/@OfficialJKT48/videos
2025-04-29 06:10:01,377 - web_scraper - ERROR - Failed to download content from https://www.youtube.com/@OfficialJKT48/videos

[2025-04-29T06:10:02.623Z] [ERROR] Error scraping YouTube: 2025-04-29 06:10:02,577 - trafilatura.downloads - ERROR - not a 200 response: 404 for URL https://www.youtube.com/@OfficialJKT48/videos
2025-04-29 06:10:02,577 - web_scraper - ERROR - Failed to download content from https://www.youtube.com/@OfficialJKT48/videos

[2025-04-29T06:15:01.619Z] [ERROR] Error scraping YouTube: 2025-04-29 06:15:01,436 - trafilatura.downloads - ERROR - not a 200 response: 404 for URL https://www.youtube.com/@OfficialJKT48/videos
2025-04-29 06:15:01,436 - web_scraper - ERROR - Failed to download content from https://www.youtube.com/@OfficialJKT48/videos

[2025-04-29T06:15:02.750Z] [ERROR] Error scraping YouTube: 2025-04-29 06:15:02,579 - trafilatura.downloads - ERROR - not a 200 response: 404 for URL https://www.youtube.com/@OfficialJKT48/videos
2025-04-29 06:15:02,579 - web_scraper - ERROR - Failed to download content from https://www.youtube.com/@OfficialJKT48/videos

[2025-04-29T06:30:04.135Z] [ERROR] Error scraping YouTube: 2025-04-29 06:30:03,917 - trafilatura.downloads - ERROR - not a 200 response: 404 for URL https://www.youtube.com/@OfficialJKT48/videos
2025-04-29 06:30:03,918 - web_scraper - ERROR - Failed to download content from https://www.youtube.com/@OfficialJKT48/videos

[2025-04-29T06:30:04.252Z] [ERROR] Error scraping YouTube: 2025-04-29 06:30:04,156 - trafilatura.downloads - ERROR - not a 200 response: 404 for URL https://www.youtube.com/@OfficialJKT48/videos
2025-04-29 06:30:04,156 - web_scraper - ERROR - Failed to download content from https://www.youtube.com/@OfficialJKT48/videos

[2025-04-29T06:35:02.022Z] [ERROR] Error scraping YouTube: 2025-04-29 06:35:01,908 - trafilatura.downloads - ERROR - not a 200 response: 404 for URL https://www.youtube.com/@OfficialJKT48/videos
2025-04-29 06:35:01,908 - web_scraper - ERROR - Failed to download content from https://www.youtube.com/@OfficialJKT48/videos

[2025-04-29T06:35:02.377Z] [ERROR] Error scraping YouTube: 2025-04-29 06:35:02,230 - trafilatura.downloads - ERROR - not a 200 response: 404 for URL https://www.youtube.com/@OfficialJKT48/videos
2025-04-29 06:35:02,230 - web_scraper - ERROR - Failed to download content from https://www.youtube.com/@OfficialJKT48/videos

[2025-04-29T06:40:02.795Z] [ERROR] Error scraping YouTube: 2025-04-29 06:40:02,733 - trafilatura.downloads - ERROR - not a 200 response: 404 for URL https://www.youtube.com/@OfficialJKT48/videos
2025-04-29 06:40:02,733 - web_scraper - ERROR - Failed to download content from https://www.youtube.com/@OfficialJKT48/videos

[2025-04-29T06:40:03.170Z] [ERROR] Error scraping YouTube: 2025-04-29 06:40:03,114 - trafilatura.downloads - ERROR - not a 200 response: 404 for URL https://www.youtube.com/@OfficialJKT48/videos
2025-04-29 06:40:03,114 - web_scraper - ERROR - Failed to download content from https://www.youtube.com/@OfficialJKT48/videos

[2025-04-29T06:45:02.628Z] [ERROR] Error scraping YouTube: 2025-04-29 06:45:02,518 - trafilatura.downloads - ERROR - not a 200 response: 404 for URL https://www.youtube.com/@OfficialJKT48/videos
2025-04-29 06:45:02,518 - web_scraper - ERROR - Failed to download content from https://www.youtube.com/@OfficialJKT48/videos

[2025-04-29T06:45:02.677Z] [ERROR] Error scraping YouTube: 2025-04-29 06:45:02,613 - trafilatura.downloads - ERROR - not a 200 response: 404 for URL https://www.youtube.com/@OfficialJKT48/videos
2025-04-29 06:45:02,613 - web_scraper - ERROR - Failed to download content from https://www.youtube.com/@OfficialJKT48/videos

[2025-04-29T06:50:02.911Z] [ERROR] Error scraping YouTube: 2025-04-29 06:50:02,602 - trafilatura.downloads - ERROR - not a 200 response: 404 for URL https://www.youtube.com/@OfficialJKT48/videos
2025-04-29 06:50:02,602 - web_scraper - ERROR - Failed to download content from https://www.youtube.com/@OfficialJKT48/videos

[2025-04-29T06:50:04.132Z] [ERROR] Error scraping YouTube: 2025-04-29 06:50:04,082 - trafilatura.downloads - ERROR - not a 200 response: 404 for URL https://www.youtube.com/@OfficialJKT48/videos
2025-04-29 06:50:04,082 - web_scraper - ERROR - Failed to download content from https://www.youtube.com/@OfficialJKT48/videos

[2025-04-29T06:50:04.266Z] [ERROR] Error scraping YouTube: 2025-04-29 06:50:04,081 - trafilatura.downloads - ERROR - not a 200 response: 404 for URL https://www.youtube.com/@OfficialJKT48/videos
2025-04-29 06:50:04,081 - web_scraper - ERROR - Failed to download content from https://www.youtube.com/@OfficialJKT48/videos

[2025-04-29T06:50:04.315Z] [ERROR] Error scraping YouTube: 2025-04-29 06:50:04,107 - trafilatura.downloads - ERROR - not a 200 response: 404 for URL https://www.youtube.com/@OfficialJKT48/videos
2025-04-29 06:50:04,107 - web_scraper - ERROR - Failed to download content from https://www.youtube.com/@OfficialJKT48/videos

[2025-04-29T06:55:04.794Z] [ERROR] Error scraping YouTube: 2025-04-29 06:55:04,709 - trafilatura.downloads - ERROR - not a 200 response: 404 for URL https://www.youtube.com/@OfficialJKT48/videos
2025-04-29 06:55:04,709 - web_scraper - ERROR - Failed to download content from https://www.youtube.com/@OfficialJKT48/videos

[2025-04-29T06:55:05.545Z] [ERROR] Error scraping YouTube: 2025-04-29 06:55:05,069 - trafilatura.downloads - ERROR - not a 200 response: 404 for URL https://www.youtube.com/@OfficialJKT48/videos
2025-04-29 06:55:05,070 - web_scraper - ERROR - Failed to download content from https://www.youtube.com/@OfficialJKT48/videos

[2025-04-29T06:55:05.646Z] [ERROR] Error scraping YouTube: 2025-04-29 06:55:05,179 - trafilatura.downloads - ERROR - not a 200 response: 404 for URL https://www.youtube.com/@OfficialJKT48/videos
2025-04-29 06:55:05,179 - web_scraper - ERROR - Failed to download content from https://www.youtube.com/@OfficialJKT48/videos

[2025-04-29T06:55:06.040Z] [ERROR] Error scraping YouTube: 2025-04-29 06:55:05,771 - trafilatura.downloads - ERROR - not a 200 response: 404 for URL https://www.youtube.com/@OfficialJKT48/videos
2025-04-29 06:55:05,771 - web_scraper - ERROR - Failed to download content from https://www.youtube.com/@OfficialJKT48/videos

[2025-04-29T06:57:22.600Z] [ERROR] Error extracting live stream: {}
[2025-04-29T06:57:25.734Z] [ERROR] Error extracting live stream: {}
[2025-04-29T06:57:27.408Z] [ERROR] Error extracting live stream: {}
[2025-04-29T06:57:29.295Z] [ERROR] Error extracting live stream: {}
[2025-04-29T06:57:30.189Z] [ERROR] Error processing Twitter account [object Object]: {}
[2025-04-29T06:57:30.190Z] [ERROR] Error processing Twitter account [object Object]: {}
[2025-04-29T06:57:30.190Z] [ERROR] Error processing Twitter account [object Object]: {}
[2025-04-29T06:57:30.190Z] [ERROR] Error processing Twitter account [object Object]: {}
[2025-04-29T06:57:30.191Z] [ERROR] Error processing Twitter account [object Object]: {}
[2025-04-29T06:57:30.191Z] [ERROR] Error processing Twitter account [object Object]: {}
[2025-04-29T06:57:30.191Z] [ERROR] Error processing Twitter account [object Object]: {}
[2025-04-29T06:57:30.192Z] [ERROR] Error processing Twitter account [object Object]: {}
[2025-04-29T06:57:30.192Z] [ERROR] Error processing Twitter account [object Object]: {}
[2025-04-29T06:57:30.192Z] [ERROR] Error processing Twitter account [object Object]: {}
[2025-04-29T06:57:30.192Z] [ERROR] Error processing Twitter account [object Object]: {}
[2025-04-29T06:57:30.192Z] [ERROR] Error processing Twitter account [object Object]: {}
[2025-04-29T06:57:30.193Z] [ERROR] Error processing Twitter account [object Object]: {}
[2025-04-29T06:57:30.193Z] [ERROR] Error processing Twitter account [object Object]: {}
[2025-04-29T06:57:30.193Z] [ERROR] Error processing Twitter account [object Object]: {}
[2025-04-29T06:57:30.193Z] [ERROR] Error processing Twitter account [object Object]: {}
[2025-04-29T06:57:30.194Z] [ERROR] Error processing Instagram account [object Object]: {}
[2025-04-29T06:57:30.194Z] [ERROR] Error processing Instagram account [object Object]: {}
[2025-04-29T06:57:30.194Z] [ERROR] Error processing Instagram account [object Object]: {}
[2025-04-29T06:57:30.195Z] [ERROR] Error processing Instagram account [object Object]: {}
[2025-04-29T06:57:30.195Z] [ERROR] Error processing Instagram account [object Object]: {}
[2025-04-29T06:57:30.195Z] [ERROR] Error processing Instagram account [object Object]: {}
[2025-04-29T06:57:30.196Z] [ERROR] Error processing Instagram account [object Object]: {}
[2025-04-29T06:57:30.196Z] [ERROR] Error processing Instagram account [object Object]: {}
[2025-04-29T06:57:30.196Z] [ERROR] Error processing Instagram account [object Object]: {}
[2025-04-29T06:57:30.197Z] [ERROR] Error processing Instagram account [object Object]: {}
[2025-04-29T06:57:30.197Z] [ERROR] Error processing Instagram account [object Object]: {}
[2025-04-29T06:57:30.197Z] [ERROR] Error processing Instagram account [object Object]: {}
[2025-04-29T06:57:30.197Z] [ERROR] Error processing Instagram account [object Object]: {}
[2025-04-29T06:57:30.198Z] [ERROR] Error processing Instagram account [object Object]: {}
[2025-04-29T06:57:30.198Z] [ERROR] Error processing Instagram account [object Object]: {}
[2025-04-29T06:57:30.198Z] [ERROR] Error processing Instagram account [object Object]: {}
[2025-04-29T06:57:31.576Z] [ERROR] Error extracting live stream: {}
[2025-04-29T06:57:32.318Z] [ERROR] Error processing Twitter account [object Object]: {}
[2025-04-29T06:57:32.362Z] [ERROR] Error processing Twitter account [object Object]: {}
[2025-04-29T06:57:32.368Z] [ERROR] Error processing Twitter account [object Object]: {}
[2025-04-29T06:57:32.373Z] [ERROR] Error processing Twitter account [object Object]: {}
[2025-04-29T06:57:32.379Z] [ERROR] Error processing Twitter account [object Object]: {}
[2025-04-29T06:57:32.385Z] [ERROR] Error processing Twitter account [object Object]: {}
[2025-04-29T06:57:32.386Z] [ERROR] Error processing Twitter account [object Object]: {}
[2025-04-29T06:57:32.393Z] [ERROR] Error processing Twitter account [object Object]: {}
[2025-04-29T06:57:32.394Z] [ERROR] Error processing Twitter account [object Object]: {}
[2025-04-29T06:57:32.398Z] [ERROR] Error processing Twitter account [object Object]: {}
[2025-04-29T06:57:32.411Z] [ERROR] Error processing Twitter account [object Object]: {}
[2025-04-29T06:57:32.413Z] [ERROR] Error processing Twitter account [object Object]: {}
[2025-04-29T06:57:32.421Z] [ERROR] Error processing Twitter account [object Object]: {}
[2025-04-29T06:57:32.422Z] [ERROR] Error processing Twitter account [object Object]: {}
[2025-04-29T06:57:32.426Z] [ERROR] Error processing Twitter account [object Object]: {}
[2025-04-29T06:57:32.426Z] [ERROR] Error processing Twitter account [object Object]: {}
[2025-04-29T06:57:32.439Z] [ERROR] Error processing Instagram account [object Object]: {}
[2025-04-29T06:57:32.441Z] [ERROR] Error processing Instagram account [object Object]: {}
[2025-04-29T06:57:32.451Z] [ERROR] Error processing Instagram account [object Object]: {}
[2025-04-29T06:57:32.454Z] [ERROR] Error processing Instagram account [object Object]: {}
[2025-04-29T06:57:32.458Z] [ERROR] Error processing Instagram account [object Object]: {}
[2025-04-29T06:57:32.465Z] [ERROR] Error processing Instagram account [object Object]: {}
[2025-04-29T06:57:32.466Z] [ERROR] Error processing Instagram account [object Object]: {}
[2025-04-29T06:57:32.479Z] [ERROR] Error processing Instagram account [object Object]: {}
[2025-04-29T06:57:32.485Z] [ERROR] Error processing Instagram account [object Object]: {}
[2025-04-29T06:57:32.485Z] [ERROR] Error processing Instagram account [object Object]: {}
[2025-04-29T06:57:32.487Z] [ERROR] Error processing Instagram account [object Object]: {}
[2025-04-29T06:57:32.487Z] [ERROR] Error processing Instagram account [object Object]: {}
[2025-04-29T06:57:32.489Z] [ERROR] Error processing Instagram account [object Object]: {}
[2025-04-29T06:57:32.490Z] [ERROR] Error processing Instagram account [object Object]: {}
[2025-04-29T06:57:32.491Z] [ERROR] Error processing Instagram account [object Object]: {}
[2025-04-29T06:57:32.491Z] [ERROR] Error processing Instagram account [object Object]: {}
[2025-04-29T06:57:33.258Z] [ERROR] Error extracting live stream: {}
[2025-04-29T06:57:34.825Z] [ERROR] Error extracting live stream: {}
[2025-04-29T06:57:35.654Z] [ERROR] Error extracting live stream: {}
[2025-04-29T06:57:36.304Z] [ERROR] Error extracting live stream: {}
[2025-04-29T06:57:37.408Z] [ERROR] Error extracting live stream: {}
[2025-04-29T06:57:38.532Z] [ERROR] Error extracting live stream: {}
[2025-04-29T06:57:39.659Z] [ERROR] Error extracting live stream: {}
[2025-04-29T06:57:45.196Z] [ERROR] Error processing Twitter account [object Object]: {}
[2025-04-29T06:57:45.202Z] [ERROR] Error processing Twitter account [object Object]: {}
[2025-04-29T06:57:45.210Z] [ERROR] Error processing Twitter account [object Object]: {}
[2025-04-29T06:57:45.211Z] [ERROR] Error processing Twitter account [object Object]: {}
[2025-04-29T06:57:45.211Z] [ERROR] Error processing Twitter account [object Object]: {}
[2025-04-29T06:57:45.212Z] [ERROR] Error processing Twitter account [object Object]: {}
[2025-04-29T06:57:45.212Z] [ERROR] Error processing Twitter account [object Object]: {}
[2025-04-29T06:57:45.213Z] [ERROR] Error processing Twitter account [object Object]: {}
[2025-04-29T06:57:45.214Z] [ERROR] Error processing Twitter account [object Object]: {}
[2025-04-29T06:57:45.214Z] [ERROR] Error processing Twitter account [object Object]: {}
[2025-04-29T06:57:45.215Z] [ERROR] Error processing Twitter account [object Object]: {}
[2025-04-29T06:57:45.215Z] [ERROR] Error processing Twitter account [object Object]: {}
[2025-04-29T06:57:45.215Z] [ERROR] Error processing Twitter account [object Object]: {}
[2025-04-29T06:57:45.215Z] [ERROR] Error processing Twitter account [object Object]: {}
[2025-04-29T06:57:45.216Z] [ERROR] Error processing Twitter account [object Object]: {}
[2025-04-29T06:57:45.216Z] [ERROR] Error processing Twitter account [object Object]: {}
[2025-04-29T06:57:45.217Z] [ERROR] Error processing Instagram account [object Object]: {}
[2025-04-29T06:57:45.217Z] [ERROR] Error processing Instagram account [object Object]: {}
[2025-04-29T06:57:45.217Z] [ERROR] Error processing Instagram account [object Object]: {}
[2025-04-29T06:57:45.217Z] [ERROR] Error processing Instagram account [object Object]: {}
[2025-04-29T06:57:45.217Z] [ERROR] Error processing Instagram account [object Object]: {}
[2025-04-29T06:57:45.218Z] [ERROR] Error processing Instagram account [object Object]: {}
[2025-04-29T06:57:45.218Z] [ERROR] Error processing Instagram account [object Object]: {}
[2025-04-29T06:57:45.218Z] [ERROR] Error processing Instagram account [object Object]: {}
[2025-04-29T06:57:45.218Z] [ERROR] Error processing Instagram account [object Object]: {}
[2025-04-29T06:57:45.218Z] [ERROR] Error processing Instagram account [object Object]: {}
[2025-04-29T06:57:45.218Z] [ERROR] Error processing Instagram account [object Object]: {}
[2025-04-29T06:57:45.219Z] [ERROR] Error processing Instagram account [object Object]: {}
[2025-04-29T06:57:45.219Z] [ERROR] Error processing Instagram account [object Object]: {}
[2025-04-29T06:57:45.219Z] [ERROR] Error processing Instagram account [object Object]: {}
[2025-04-29T06:57:45.219Z] [ERROR] Error processing Instagram account [object Object]: {}
[2025-04-29T06:57:45.220Z] [ERROR] Error processing Instagram account [object Object]: {}
[2025-04-29T06:57:46.328Z] [ERROR] Error extracting live stream: {}
[2025-04-29T06:57:47.319Z] [ERROR] Error processing Twitter account [object Object]: {}
[2025-04-29T06:57:47.320Z] [ERROR] Error processing Twitter account [object Object]: {}
[2025-04-29T06:57:47.320Z] [ERROR] Error processing Twitter account [object Object]: {}
[2025-04-29T06:57:47.320Z] [ERROR] Error processing Twitter account [object Object]: {}
[2025-04-29T06:57:47.320Z] [ERROR] Error processing Twitter account [object Object]: {}
[2025-04-29T06:57:47.321Z] [ERROR] Error processing Twitter account [object Object]: {}
[2025-04-29T06:57:47.321Z] [ERROR] Error processing Twitter account [object Object]: {}
[2025-04-29T06:57:47.321Z] [ERROR] Error processing Twitter account [object Object]: {}
[2025-04-29T06:57:47.321Z] [ERROR] Error processing Twitter account [object Object]: {}
[2025-04-29T06:57:47.321Z] [ERROR] Error processing Twitter account [object Object]: {}
[2025-04-29T06:57:47.321Z] [ERROR] Error processing Twitter account [object Object]: {}
[2025-04-29T06:57:47.322Z] [ERROR] Error processing Twitter account [object Object]: {}
[2025-04-29T06:57:47.322Z] [ERROR] Error processing Twitter account [object Object]: {}
[2025-04-29T06:57:47.322Z] [ERROR] Error processing Twitter account [object Object]: {}
[2025-04-29T06:57:47.327Z] [ERROR] Error processing Twitter account [object Object]: {}
[2025-04-29T06:57:47.327Z] [ERROR] Error processing Twitter account [object Object]: {}
[2025-04-29T06:57:47.438Z] [ERROR] Error processing Instagram account [object Object]: {}
[2025-04-29T06:57:47.439Z] [ERROR] Error processing Instagram account [object Object]: {}
[2025-04-29T06:57:47.439Z] [ERROR] Error processing Instagram account [object Object]: {}
[2025-04-29T06:57:47.439Z] [ERROR] Error processing Instagram account [object Object]: {}
[2025-04-29T06:57:47.439Z] [ERROR] Error processing Instagram account [object Object]: {}
[2025-04-29T06:57:47.439Z] [ERROR] Error processing Instagram account [object Object]: {}
[2025-04-29T06:57:47.440Z] [ERROR] Error processing Instagram account [object Object]: {}
[2025-04-29T06:57:47.440Z] [ERROR] Error processing Instagram account [object Object]: {}
[2025-04-29T06:57:47.440Z] [ERROR] Error processing Instagram account [object Object]: {}
[2025-04-29T06:57:47.440Z] [ERROR] Error processing Instagram account [object Object]: {}
[2025-04-29T06:57:47.440Z] [ERROR] Error processing Instagram account [object Object]: {}
[2025-04-29T06:57:47.441Z] [ERROR] Error processing Instagram account [object Object]: {}
[2025-04-29T06:57:47.441Z] [ERROR] Error processing Instagram account [object Object]: {}
[2025-04-29T06:57:47.441Z] [ERROR] Error processing Instagram account [object Object]: {}
[2025-04-29T06:57:47.441Z] [ERROR] Error processing Instagram account [object Object]: {}
[2025-04-29T06:57:47.441Z] [ERROR] Error processing Instagram account [object Object]: {}
[2025-04-29T06:57:47.756Z] [ERROR] Error extracting live stream: {}
[2025-04-29T06:57:48.806Z] [ERROR] Error extracting live stream: {}
[2025-04-29T06:57:50.222Z] [ERROR] Error extracting live stream: {}
[2025-04-29T06:57:51.919Z] [ERROR] Error extracting live stream: {}
[2025-04-29T06:57:52.929Z] [ERROR] Error extracting live stream: {}
[2025-04-29T06:58:07.054Z] [ERROR] Error extracting live stream: {}
[2025-04-29T06:58:07.712Z] [ERROR] Error extracting live stream: {}
[2025-04-29T06:58:08.135Z] [ERROR] Error extracting live stream: {}
[2025-04-29T06:58:08.630Z] [ERROR] Error extracting live stream: {}
[2025-04-29T06:58:09.425Z] [ERROR] Error extracting live stream: {}
[2025-04-29T06:58:09.986Z] [ERROR] Error extracting live stream: {}
[2025-04-29T06:58:12.306Z] [ERROR] Error extracting live stream: {}
[2025-04-29T06:58:12.923Z] [ERROR] Error extracting live stream: {}
[2025-04-29T06:58:13.366Z] [ERROR] Error extracting live stream: {}
[2025-04-29T06:58:13.971Z] [ERROR] Error extracting live stream: {}
[2025-04-29T06:58:14.905Z] [ERROR] Error extracting live stream: {}
[2025-04-29T06:58:15.653Z] [ERROR] Error extracting live stream: {}
[2025-04-29T06:58:16.174Z] [ERROR] Error processing Twitter account [object Object]: {}
[2025-04-29T06:58:16.176Z] [ERROR] Error processing Twitter account [object Object]: {}
[2025-04-29T06:58:16.177Z] [ERROR] Error processing Twitter account [object Object]: {}
[2025-04-29T06:58:16.180Z] [ERROR] Error processing Twitter account [object Object]: {}
[2025-04-29T06:58:16.182Z] [ERROR] Error processing Twitter account [object Object]: {}
[2025-04-29T06:58:16.184Z] [ERROR] Error processing Twitter account [object Object]: {}
[2025-04-29T06:58:16.186Z] [ERROR] Error processing Twitter account [object Object]: {}
[2025-04-29T06:58:16.187Z] [ERROR] Error processing Twitter account [object Object]: {}
[2025-04-29T06:58:16.188Z] [ERROR] Error processing Twitter account [object Object]: {}
[2025-04-29T06:58:16.188Z] [ERROR] Error processing Twitter account [object Object]: {}
[2025-04-29T06:58:16.189Z] [ERROR] Error processing Twitter account [object Object]: {}
[2025-04-29T06:58:16.190Z] [ERROR] Error processing Twitter account [object Object]: {}
[2025-04-29T06:58:16.190Z] [ERROR] Error processing Twitter account [object Object]: {}
[2025-04-29T06:58:16.191Z] [ERROR] Error processing Twitter account [object Object]: {}
[2025-04-29T06:58:16.192Z] [ERROR] Error processing Twitter account [object Object]: {}
[2025-04-29T06:58:16.193Z] [ERROR] Error processing Twitter account [object Object]: {}
[2025-04-29T06:58:16.194Z] [ERROR] Error processing Instagram account [object Object]: {}
[2025-04-29T06:58:16.194Z] [ERROR] Error processing Instagram account [object Object]: {}
[2025-04-29T06:58:16.194Z] [ERROR] Error processing Instagram account [object Object]: {}
[2025-04-29T06:58:16.195Z] [ERROR] Error processing Instagram account [object Object]: {}
[2025-04-29T06:58:16.195Z] [ERROR] Error processing Instagram account [object Object]: {}
[2025-04-29T06:58:16.195Z] [ERROR] Error processing Instagram account [object Object]: {}
[2025-04-29T06:58:16.195Z] [ERROR] Error processing Instagram account [object Object]: {}
[2025-04-29T06:58:16.195Z] [ERROR] Error processing Instagram account [object Object]: {}
[2025-04-29T06:58:16.196Z] [ERROR] Error processing Instagram account [object Object]: {}
[2025-04-29T06:58:16.196Z] [ERROR] Error processing Instagram account [object Object]: {}
[2025-04-29T06:58:16.196Z] [ERROR] Error processing Instagram account [object Object]: {}
[2025-04-29T06:58:16.196Z] [ERROR] Error processing Instagram account [object Object]: {}
[2025-04-29T06:58:16.197Z] [ERROR] Error processing Instagram account [object Object]: {}
[2025-04-29T06:58:16.197Z] [ERROR] Error processing Instagram account [object Object]: {}
[2025-04-29T06:58:16.197Z] [ERROR] Error processing Instagram account [object Object]: {}
[2025-04-29T06:58:16.197Z] [ERROR] Error processing Instagram account [object Object]: {}
[2025-04-29T06:58:16.223Z] [ERROR] Error processing Twitter account [object Object]: {}
[2025-04-29T06:58:16.224Z] [ERROR] Error processing Twitter account [object Object]: {}
[2025-04-29T06:58:16.224Z] [ERROR] Error processing Twitter account [object Object]: {}
[2025-04-29T06:58:16.225Z] [ERROR] Error processing Twitter account [object Object]: {}
[2025-04-29T06:58:16.225Z] [ERROR] Error processing Twitter account [object Object]: {}
[2025-04-29T06:58:16.226Z] [ERROR] Error processing Twitter account [object Object]: {}
[2025-04-29T06:58:16.226Z] [ERROR] Error processing Twitter account [object Object]: {}
[2025-04-29T06:58:16.227Z] [ERROR] Error processing Twitter account [object Object]: {}
[2025-04-29T06:58:16.227Z] [ERROR] Error processing Twitter account [object Object]: {}
[2025-04-29T06:58:16.228Z] [ERROR] Error processing Twitter account [object Object]: {}
[2025-04-29T06:58:16.229Z] [ERROR] Error processing Twitter account [object Object]: {}
[2025-04-29T06:58:16.230Z] [ERROR] Error processing Twitter account [object Object]: {}
[2025-04-29T06:58:16.230Z] [ERROR] Error processing Twitter account [object Object]: {}
[2025-04-29T06:58:16.231Z] [ERROR] Error processing Twitter account [object Object]: {}
[2025-04-29T06:58:16.231Z] [ERROR] Error processing Twitter account [object Object]: {}
[2025-04-29T06:58:16.231Z] [ERROR] Error processing Twitter account [object Object]: {}
[2025-04-29T06:58:16.232Z] [ERROR] Error processing Instagram account [object Object]: {}
[2025-04-29T06:58:16.232Z] [ERROR] Error processing Instagram account [object Object]: {}
[2025-04-29T06:58:16.232Z] [ERROR] Error processing Instagram account [object Object]: {}
[2025-04-29T06:58:16.233Z] [ERROR] Error processing Instagram account [object Object]: {}
[2025-04-29T06:58:16.233Z] [ERROR] Error processing Instagram account [object Object]: {}
[2025-04-29T06:58:16.233Z] [ERROR] Error processing Instagram account [object Object]: {}
[2025-04-29T06:58:16.233Z] [ERROR] Error processing Instagram account [object Object]: {}
[2025-04-29T06:58:16.234Z] [ERROR] Error processing Instagram account [object Object]: {}
[2025-04-29T06:58:16.234Z] [ERROR] Error processing Instagram account [object Object]: {}
[2025-04-29T06:58:16.235Z] [ERROR] Error processing Instagram account [object Object]: {}
[2025-04-29T06:58:16.235Z] [ERROR] Error processing Instagram account [object Object]: {}
[2025-04-29T06:58:16.236Z] [ERROR] Error processing Instagram account [object Object]: {}
[2025-04-29T06:58:16.236Z] [ERROR] Error processing Instagram account [object Object]: {}
[2025-04-29T06:58:16.237Z] [ERROR] Error processing Instagram account [object Object]: {}
[2025-04-29T06:58:16.237Z] [ERROR] Error processing Instagram account [object Object]: {}
[2025-04-29T06:58:16.237Z] [ERROR] Error processing Instagram account [object Object]: {}
[2025-04-29T06:58:21.492Z] [ERROR] Error processing Twitter account [object Object]: {}
[2025-04-29T06:58:21.493Z] [ERROR] Error processing Twitter account [object Object]: {}
[2025-04-29T06:58:21.493Z] [ERROR] Error processing Twitter account [object Object]: {}
[2025-04-29T06:58:21.493Z] [ERROR] Error processing Twitter account [object Object]: {}
[2025-04-29T06:58:21.493Z] [ERROR] Error processing Twitter account [object Object]: {}
[2025-04-29T06:58:21.493Z] [ERROR] Error processing Twitter account [object Object]: {}
[2025-04-29T06:58:21.494Z] [ERROR] Error processing Twitter account [object Object]: {}
[2025-04-29T06:58:21.494Z] [ERROR] Error processing Twitter account [object Object]: {}
[2025-04-29T06:58:21.494Z] [ERROR] Error processing Twitter account [object Object]: {}
[2025-04-29T06:58:21.494Z] [ERROR] Error processing Twitter account [object Object]: {}
[2025-04-29T06:58:21.495Z] [ERROR] Error processing Twitter account [object Object]: {}
[2025-04-29T06:58:21.495Z] [ERROR] Error processing Twitter account [object Object]: {}
[2025-04-29T06:58:21.495Z] [ERROR] Error processing Twitter account [object Object]: {}
[2025-04-29T06:58:21.495Z] [ERROR] Error processing Twitter account [object Object]: {}
[2025-04-29T06:58:21.495Z] [ERROR] Error processing Twitter account [object Object]: {}
[2025-04-29T06:58:21.496Z] [ERROR] Error processing Twitter account [object Object]: {}
[2025-04-29T06:58:21.496Z] [ERROR] Error processing Instagram account [object Object]: {}
[2025-04-29T06:58:21.497Z] [ERROR] Error processing Instagram account [object Object]: {}
[2025-04-29T06:58:21.497Z] [ERROR] Error processing Instagram account [object Object]: {}
[2025-04-29T06:58:21.497Z] [ERROR] Error processing Instagram account [object Object]: {}
[2025-04-29T06:58:21.497Z] [ERROR] Error processing Instagram account [object Object]: {}
[2025-04-29T06:58:21.497Z] [ERROR] Error processing Instagram account [object Object]: {}
[2025-04-29T06:58:21.498Z] [ERROR] Error processing Instagram account [object Object]: {}
[2025-04-29T06:58:21.498Z] [ERROR] Error processing Instagram account [object Object]: {}
[2025-04-29T06:58:21.498Z] [ERROR] Error processing Instagram account [object Object]: {}
[2025-04-29T06:58:21.498Z] [ERROR] Error processing Instagram account [object Object]: {}
[2025-04-29T06:58:21.498Z] [ERROR] Error processing Instagram account [object Object]: {}
[2025-04-29T06:58:21.499Z] [ERROR] Error processing Instagram account [object Object]: {}
[2025-04-29T06:58:21.499Z] [ERROR] Error processing Instagram account [object Object]: {}
[2025-04-29T06:58:21.499Z] [ERROR] Error processing Instagram account [object Object]: {}
[2025-04-29T06:58:21.499Z] [ERROR] Error processing Instagram account [object Object]: {}
[2025-04-29T06:58:21.499Z] [ERROR] Error processing Instagram account [object Object]: {}
[2025-04-29T06:58:22.156Z] [ERROR] Error extracting live stream: {}
[2025-04-29T06:58:22.765Z] [ERROR] Error extracting live stream: {}
[2025-04-29T06:58:23.122Z] [ERROR] Error extracting live stream: {}
[2025-04-29T06:58:23.678Z] [ERROR] Error extracting live stream: {}
[2025-04-29T06:58:24.391Z] [ERROR] Error extracting live stream: {}
[2025-04-29T06:58:25.143Z] [ERROR] Error extracting live stream: {}
[2025-04-29T06:58:31.179Z] [ERROR] Error processing Twitter account [object Object]: {}
[2025-04-29T06:58:31.180Z] [ERROR] Error processing Twitter account [object Object]: {}
[2025-04-29T06:58:31.180Z] [ERROR] Error processing Twitter account [object Object]: {}
[2025-04-29T06:58:31.181Z] [ERROR] Error processing Twitter account [object Object]: {}
[2025-04-29T06:58:31.181Z] [ERROR] Error processing Twitter account [object Object]: {}
[2025-04-29T06:58:31.181Z] [ERROR] Error processing Twitter account [object Object]: {}
[2025-04-29T06:58:31.181Z] [ERROR] Error processing Twitter account [object Object]: {}
[2025-04-29T06:58:31.181Z] [ERROR] Error processing Twitter account [object Object]: {}
[2025-04-29T06:58:31.182Z] [ERROR] Error processing Twitter account [object Object]: {}
[2025-04-29T06:58:31.182Z] [ERROR] Error processing Twitter account [object Object]: {}
[2025-04-29T06:58:31.182Z] [ERROR] Error processing Twitter account [object Object]: {}
[2025-04-29T06:58:31.183Z] [ERROR] Error processing Twitter account [object Object]: {}
[2025-04-29T06:58:31.183Z] [ERROR] Error processing Twitter account [object Object]: {}
[2025-04-29T06:58:31.183Z] [ERROR] Error processing Twitter account [object Object]: {}
[2025-04-29T06:58:31.183Z] [ERROR] Error processing Twitter account [object Object]: {}
[2025-04-29T06:58:31.183Z] [ERROR] Error processing Twitter account [object Object]: {}
[2025-04-29T06:58:31.195Z] [ERROR] Error processing Instagram account [object Object]: {}
[2025-04-29T06:58:31.197Z] [ERROR] Error processing Instagram account [object Object]: {}
[2025-04-29T06:58:31.197Z] [ERROR] Error processing Instagram account [object Object]: {}
[2025-04-29T06:58:31.197Z] [ERROR] Error processing Instagram account [object Object]: {}
[2025-04-29T06:58:31.199Z] [ERROR] Error processing Instagram account [object Object]: {}
[2025-04-29T06:58:31.199Z] [ERROR] Error processing Instagram account [object Object]: {}
[2025-04-29T06:58:31.199Z] [ERROR] Error processing Instagram account [object Object]: {}
[2025-04-29T06:58:31.200Z] [ERROR] Error processing Instagram account [object Object]: {}
[2025-04-29T06:58:31.200Z] [ERROR] Error processing Instagram account [object Object]: {}
[2025-04-29T06:58:31.200Z] [ERROR] Error processing Instagram account [object Object]: {}
[2025-04-29T06:58:31.202Z] [ERROR] Error processing Instagram account [object Object]: {}
[2025-04-29T06:58:31.202Z] [ERROR] Error processing Instagram account [object Object]: {}
[2025-04-29T06:58:31.202Z] [ERROR] Error processing Instagram account [object Object]: {}
[2025-04-29T06:58:31.203Z] [ERROR] Error processing Instagram account [object Object]: {}
[2025-04-29T06:58:31.203Z] [ERROR] Error processing Instagram account [object Object]: {}
[2025-04-29T06:58:31.203Z] [ERROR] Error processing Instagram account [object Object]: {}
[2025-04-29T06:58:31.223Z] [ERROR] Error processing Twitter account [object Object]: {}
[2025-04-29T06:58:31.224Z] [ERROR] Error processing Twitter account [object Object]: {}
[2025-04-29T06:58:31.224Z] [ERROR] Error processing Twitter account [object Object]: {}
[2025-04-29T06:58:31.225Z] [ERROR] Error processing Twitter account [object Object]: {}
[2025-04-29T06:58:31.225Z] [ERROR] Error processing Twitter account [object Object]: {}
[2025-04-29T06:58:31.225Z] [ERROR] Error processing Twitter account [object Object]: {}
[2025-04-29T06:58:31.225Z] [ERROR] Error processing Twitter account [object Object]: {}
[2025-04-29T06:58:31.226Z] [ERROR] Error processing Twitter account [object Object]: {}
[2025-04-29T06:58:31.226Z] [ERROR] Error processing Twitter account [object Object]: {}
[2025-04-29T06:58:31.226Z] [ERROR] Error processing Twitter account [object Object]: {}
[2025-04-29T06:58:31.226Z] [ERROR] Error processing Twitter account [object Object]: {}
[2025-04-29T06:58:31.227Z] [ERROR] Error processing Twitter account [object Object]: {}
[2025-04-29T06:58:31.227Z] [ERROR] Error processing Twitter account [object Object]: {}
[2025-04-29T06:58:31.227Z] [ERROR] Error processing Twitter account [object Object]: {}
[2025-04-29T06:58:31.227Z] [ERROR] Error processing Twitter account [object Object]: {}
[2025-04-29T06:58:31.227Z] [ERROR] Error processing Twitter account [object Object]: {}
[2025-04-29T06:58:31.232Z] [ERROR] Error processing Instagram account [object Object]: {}
[2025-04-29T06:58:31.232Z] [ERROR] Error processing Instagram account [object Object]: {}
[2025-04-29T06:58:31.233Z] [ERROR] Error processing Instagram account [object Object]: {}
[2025-04-29T06:58:31.233Z] [ERROR] Error processing Instagram account [object Object]: {}
[2025-04-29T06:58:31.233Z] [ERROR] Error processing Instagram account [object Object]: {}
[2025-04-29T06:58:31.233Z] [ERROR] Error processing Instagram account [object Object]: {}
[2025-04-29T06:58:31.233Z] [ERROR] Error processing Instagram account [object Object]: {}
[2025-04-29T06:58:31.233Z] [ERROR] Error processing Instagram account [object Object]: {}
[2025-04-29T06:58:31.234Z] [ERROR] Error processing Instagram account [object Object]: {}
[2025-04-29T06:58:31.234Z] [ERROR] Error processing Instagram account [object Object]: {}
[2025-04-29T06:58:31.234Z] [ERROR] Error processing Instagram account [object Object]: {}
[2025-04-29T06:58:31.234Z] [ERROR] Error processing Instagram account [object Object]: {}
[2025-04-29T06:58:31.234Z] [ERROR] Error processing Instagram account [object Object]: {}
[2025-04-29T06:58:31.235Z] [ERROR] Error processing Instagram account [object Object]: {}
[2025-04-29T06:58:31.235Z] [ERROR] Error processing Instagram account [object Object]: {}
[2025-04-29T06:58:31.235Z] [ERROR] Error processing Instagram account [object Object]: {}
[2025-04-29T06:58:31.910Z] [ERROR] Error extracting live stream: {}
[2025-04-29T06:58:32.857Z] [ERROR] Error extracting live stream: {}
[2025-04-29T06:58:33.324Z] [ERROR] Error extracting live stream: {}
[2025-04-29T06:58:33.893Z] [ERROR] Error extracting live stream: {}
[2025-04-29T06:58:34.778Z] [ERROR] Error extracting live stream: {}
[2025-04-29T06:58:35.815Z] [ERROR] Error extracting live stream: {}
[2025-04-29T06:58:46.180Z] [ERROR] Error processing Twitter account [object Object]: {}
[2025-04-29T06:58:46.180Z] [ERROR] Error processing Twitter account [object Object]: {}
[2025-04-29T06:58:46.180Z] [ERROR] Error processing Twitter account [object Object]: {}
[2025-04-29T06:58:46.180Z] [ERROR] Error processing Twitter account [object Object]: {}
[2025-04-29T06:58:46.181Z] [ERROR] Error processing Twitter account [object Object]: {}
[2025-04-29T06:58:46.181Z] [ERROR] Error processing Twitter account [object Object]: {}
[2025-04-29T06:58:46.181Z] [ERROR] Error processing Twitter account [object Object]: {}
[2025-04-29T06:58:46.181Z] [ERROR] Error processing Twitter account [object Object]: {}
[2025-04-29T06:58:46.182Z] [ERROR] Error processing Twitter account [object Object]: {}
[2025-04-29T06:58:46.182Z] [ERROR] Error processing Twitter account [object Object]: {}
[2025-04-29T06:58:46.182Z] [ERROR] Error processing Twitter account [object Object]: {}
[2025-04-29T06:58:46.182Z] [ERROR] Error processing Twitter account [object Object]: {}
[2025-04-29T06:58:46.182Z] [ERROR] Error processing Twitter account [object Object]: {}
[2025-04-29T06:58:46.183Z] [ERROR] Error processing Twitter account [object Object]: {}
[2025-04-29T06:58:46.183Z] [ERROR] Error processing Twitter account [object Object]: {}
[2025-04-29T06:58:46.183Z] [ERROR] Error processing Twitter account [object Object]: {}
[2025-04-29T06:58:46.195Z] [ERROR] Error processing Instagram account [object Object]: {}
[2025-04-29T06:58:46.195Z] [ERROR] Error processing Instagram account [object Object]: {}
[2025-04-29T06:58:46.195Z] [ERROR] Error processing Instagram account [object Object]: {}
[2025-04-29T06:58:46.196Z] [ERROR] Error processing Instagram account [object Object]: {}
[2025-04-29T06:58:46.196Z] [ERROR] Error processing Instagram account [object Object]: {}
[2025-04-29T06:58:46.196Z] [ERROR] Error processing Instagram account [object Object]: {}
[2025-04-29T06:58:46.196Z] [ERROR] Error processing Instagram account [object Object]: {}
[2025-04-29T06:58:46.197Z] [ERROR] Error processing Instagram account [object Object]: {}
[2025-04-29T06:58:46.197Z] [ERROR] Error processing Instagram account [object Object]: {}
[2025-04-29T06:58:46.197Z] [ERROR] Error processing Instagram account [object Object]: {}
[2025-04-29T06:58:46.197Z] [ERROR] Error processing Instagram account [object Object]: {}
[2025-04-29T06:58:46.198Z] [ERROR] Error processing Instagram account [object Object]: {}
[2025-04-29T06:58:46.198Z] [ERROR] Error processing Instagram account [object Object]: {}
[2025-04-29T06:58:46.198Z] [ERROR] Error processing Instagram account [object Object]: {}
[2025-04-29T06:58:46.198Z] [ERROR] Error processing Instagram account [object Object]: {}
[2025-04-29T06:58:46.198Z] [ERROR] Error processing Instagram account [object Object]: {}
[2025-04-29T06:58:46.223Z] [ERROR] Error processing Twitter account [object Object]: {}
[2025-04-29T06:58:46.224Z] [ERROR] Error processing Twitter account [object Object]: {}
[2025-04-29T06:58:46.224Z] [ERROR] Error processing Twitter account [object Object]: {}
[2025-04-29T06:58:46.224Z] [ERROR] Error processing Twitter account [object Object]: {}
[2025-04-29T06:58:46.225Z] [ERROR] Error processing Twitter account [object Object]: {}
[2025-04-29T06:58:46.225Z] [ERROR] Error processing Twitter account [object Object]: {}
[2025-04-29T06:58:46.225Z] [ERROR] Error processing Twitter account [object Object]: {}
[2025-04-29T06:58:46.225Z] [ERROR] Error processing Twitter account [object Object]: {}
[2025-04-29T06:58:46.226Z] [ERROR] Error processing Twitter account [object Object]: {}
[2025-04-29T06:58:46.226Z] [ERROR] Error processing Twitter account [object Object]: {}
[2025-04-29T06:58:46.226Z] [ERROR] Error processing Twitter account [object Object]: {}
[2025-04-29T06:58:46.226Z] [ERROR] Error processing Twitter account [object Object]: {}
[2025-04-29T06:58:46.226Z] [ERROR] Error processing Twitter account [object Object]: {}
[2025-04-29T06:58:46.227Z] [ERROR] Error processing Twitter account [object Object]: {}
[2025-04-29T06:58:46.227Z] [ERROR] Error processing Twitter account [object Object]: {}
[2025-04-29T06:58:46.227Z] [ERROR] Error processing Twitter account [object Object]: {}
[2025-04-29T06:58:46.233Z] [ERROR] Error processing Instagram account [object Object]: {}
[2025-04-29T06:58:46.233Z] [ERROR] Error processing Instagram account [object Object]: {}
[2025-04-29T06:58:46.234Z] [ERROR] Error processing Instagram account [object Object]: {}
[2025-04-29T06:58:46.234Z] [ERROR] Error processing Instagram account [object Object]: {}
[2025-04-29T06:58:46.234Z] [ERROR] Error processing Instagram account [object Object]: {}
[2025-04-29T06:58:46.235Z] [ERROR] Error processing Instagram account [object Object]: {}
[2025-04-29T06:58:46.235Z] [ERROR] Error processing Instagram account [object Object]: {}
[2025-04-29T06:58:46.235Z] [ERROR] Error processing Instagram account [object Object]: {}
[2025-04-29T06:58:46.235Z] [ERROR] Error processing Instagram account [object Object]: {}
[2025-04-29T06:58:46.235Z] [ERROR] Error processing Instagram account [object Object]: {}
[2025-04-29T06:58:46.236Z] [ERROR] Error processing Instagram account [object Object]: {}
[2025-04-29T06:58:46.236Z] [ERROR] Error processing Instagram account [object Object]: {}
[2025-04-29T06:58:46.236Z] [ERROR] Error processing Instagram account [object Object]: {}
[2025-04-29T06:58:46.236Z] [ERROR] Error processing Instagram account [object Object]: {}
[2025-04-29T06:58:46.236Z] [ERROR] Error processing Instagram account [object Object]: {}
[2025-04-29T06:58:46.237Z] [ERROR] Error processing Instagram account [object Object]: {}
[2025-04-29T06:58:46.871Z] [ERROR] Error extracting live stream: {}
[2025-04-29T06:58:47.517Z] [ERROR] Error extracting live stream: {}
[2025-04-29T06:58:47.978Z] [ERROR] Error extracting live stream: {}
[2025-04-29T06:58:48.694Z] [ERROR] Error extracting live stream: {}
[2025-04-29T06:58:49.570Z] [ERROR] Error extracting live stream: {}
[2025-04-29T06:58:50.595Z] [ERROR] Error extracting live stream: {}
[2025-04-29T06:59:01.180Z] [ERROR] Error processing Twitter account [object Object]: {}
[2025-04-29T06:59:01.181Z] [ERROR] Error processing Twitter account [object Object]: {}
[2025-04-29T06:59:01.181Z] [ERROR] Error processing Twitter account [object Object]: {}
[2025-04-29T06:59:01.181Z] [ERROR] Error processing Twitter account [object Object]: {}
[2025-04-29T06:59:01.181Z] [ERROR] Error processing Twitter account [object Object]: {}
[2025-04-29T06:59:01.181Z] [ERROR] Error processing Twitter account [object Object]: {}
[2025-04-29T06:59:01.182Z] [ERROR] Error processing Twitter account [object Object]: {}
[2025-04-29T06:59:01.182Z] [ERROR] Error processing Twitter account [object Object]: {}
[2025-04-29T06:59:01.182Z] [ERROR] Error processing Twitter account [object Object]: {}
[2025-04-29T06:59:01.183Z] [ERROR] Error processing Twitter account [object Object]: {}
[2025-04-29T06:59:01.183Z] [ERROR] Error processing Twitter account [object Object]: {}
[2025-04-29T06:59:01.183Z] [ERROR] Error processing Twitter account [object Object]: {}
[2025-04-29T06:59:01.184Z] [ERROR] Error processing Twitter account [object Object]: {}
[2025-04-29T06:59:01.184Z] [ERROR] Error processing Twitter account [object Object]: {}
[2025-04-29T06:59:01.184Z] [ERROR] Error processing Twitter account [object Object]: {}
[2025-04-29T06:59:01.184Z] [ERROR] Error processing Twitter account [object Object]: {}
[2025-04-29T06:59:01.195Z] [ERROR] Error processing Instagram account [object Object]: {}
[2025-04-29T06:59:01.196Z] [ERROR] Error processing Instagram account [object Object]: {}
[2025-04-29T06:59:01.197Z] [ERROR] Error processing Instagram account [object Object]: {}
[2025-04-29T06:59:01.197Z] [ERROR] Error processing Instagram account [object Object]: {}
[2025-04-29T06:59:01.198Z] [ERROR] Error processing Instagram account [object Object]: {}
[2025-04-29T06:59:01.198Z] [ERROR] Error processing Instagram account [object Object]: {}
[2025-04-29T06:59:01.199Z] [ERROR] Error processing Instagram account [object Object]: {}
[2025-04-29T06:59:01.199Z] [ERROR] Error processing Instagram account [object Object]: {}
[2025-04-29T06:59:01.199Z] [ERROR] Error processing Instagram account [object Object]: {}
[2025-04-29T06:59:01.200Z] [ERROR] Error processing Instagram account [object Object]: {}
[2025-04-29T06:59:01.200Z] [ERROR] Error processing Instagram account [object Object]: {}
[2025-04-29T06:59:01.201Z] [ERROR] Error processing Instagram account [object Object]: {}
[2025-04-29T06:59:01.201Z] [ERROR] Error processing Instagram account [object Object]: {}
[2025-04-29T06:59:01.202Z] [ERROR] Error processing Instagram account [object Object]: {}
[2025-04-29T06:59:01.202Z] [ERROR] Error processing Instagram account [object Object]: {}
[2025-04-29T06:59:01.202Z] [ERROR] Error processing Instagram account [object Object]: {}
[2025-04-29T06:59:01.224Z] [ERROR] Error processing Twitter account [object Object]: {}
[2025-04-29T06:59:01.224Z] [ERROR] Error processing Twitter account [object Object]: {}
[2025-04-29T06:59:01.225Z] [ERROR] Error processing Twitter account [object Object]: {}
[2025-04-29T06:59:01.225Z] [ERROR] Error processing Twitter account [object Object]: {}
[2025-04-29T06:59:01.225Z] [ERROR] Error processing Twitter account [object Object]: {}
[2025-04-29T06:59:01.225Z] [ERROR] Error processing Twitter account [object Object]: {}
[2025-04-29T06:59:01.226Z] [ERROR] Error processing Twitter account [object Object]: {}
[2025-04-29T06:59:01.226Z] [ERROR] Error processing Twitter account [object Object]: {}
[2025-04-29T06:59:01.226Z] [ERROR] Error processing Twitter account [object Object]: {}
[2025-04-29T06:59:01.226Z] [ERROR] Error processing Twitter account [object Object]: {}
[2025-04-29T06:59:01.226Z] [ERROR] Error processing Twitter account [object Object]: {}
[2025-04-29T06:59:01.227Z] [ERROR] Error processing Twitter account [object Object]: {}
[2025-04-29T06:59:01.227Z] [ERROR] Error processing Twitter account [object Object]: {}
[2025-04-29T06:59:01.227Z] [ERROR] Error processing Twitter account [object Object]: {}
[2025-04-29T06:59:01.227Z] [ERROR] Error processing Twitter account [object Object]: {}
[2025-04-29T06:59:01.227Z] [ERROR] Error processing Twitter account [object Object]: {}
[2025-04-29T06:59:01.233Z] [ERROR] Error processing Instagram account [object Object]: {}
[2025-04-29T06:59:01.233Z] [ERROR] Error processing Instagram account [object Object]: {}
[2025-04-29T06:59:01.234Z] [ERROR] Error processing Instagram account [object Object]: {}
[2025-04-29T06:59:01.234Z] [ERROR] Error processing Instagram account [object Object]: {}
[2025-04-29T06:59:01.234Z] [ERROR] Error processing Instagram account [object Object]: {}
[2025-04-29T06:59:01.234Z] [ERROR] Error processing Instagram account [object Object]: {}
[2025-04-29T06:59:01.235Z] [ERROR] Error processing Instagram account [object Object]: {}
[2025-04-29T06:59:01.235Z] [ERROR] Error processing Instagram account [object Object]: {}
[2025-04-29T06:59:01.235Z] [ERROR] Error processing Instagram account [object Object]: {}
[2025-04-29T06:59:01.235Z] [ERROR] Error processing Instagram account [object Object]: {}
[2025-04-29T06:59:01.235Z] [ERROR] Error processing Instagram account [object Object]: {}
[2025-04-29T06:59:01.235Z] [ERROR] Error processing Instagram account [object Object]: {}
[2025-04-29T06:59:01.236Z] [ERROR] Error processing Instagram account [object Object]: {}
[2025-04-29T06:59:01.236Z] [ERROR] Error processing Instagram account [object Object]: {}
[2025-04-29T06:59:01.236Z] [ERROR] Error processing Instagram account [object Object]: {}
[2025-04-29T06:59:01.236Z] [ERROR] Error processing Instagram account [object Object]: {}
[2025-04-29T06:59:01.889Z] [ERROR] Error extracting live stream: {}
[2025-04-29T06:59:02.537Z] [ERROR] Error extracting live stream: {}
[2025-04-29T06:59:02.984Z] [ERROR] Error extracting live stream: {}
[2025-04-29T06:59:03.430Z] [ERROR] Error extracting live stream: {}
[2025-04-29T06:59:04.026Z] [ERROR] Error extracting live stream: {}
[2025-04-29T06:59:04.591Z] [ERROR] Error extracting live stream: {}
[2025-04-29T06:59:07.589Z] [ERROR] Error extracting live stream: {}
[2025-04-29T06:59:08.239Z] [ERROR] Error extracting live stream: {}
[2025-04-29T06:59:08.659Z] [ERROR] Error extracting live stream: {}
[2025-04-29T06:59:09.178Z] [ERROR] Error extracting live stream: {}
[2025-04-29T06:59:09.827Z] [ERROR] Error extracting live stream: {}
[2025-04-29T06:59:10.473Z] [ERROR] Error extracting live stream: {}
[2025-04-29T06:59:16.182Z] [ERROR] Error processing Twitter account [object Object]: {}
[2025-04-29T06:59:16.185Z] [ERROR] Error processing Twitter account [object Object]: {}
[2025-04-29T06:59:16.186Z] [ERROR] Error processing Twitter account [object Object]: {}
[2025-04-29T06:59:16.186Z] [ERROR] Error processing Twitter account [object Object]: {}
[2025-04-29T06:59:16.187Z] [ERROR] Error processing Twitter account [object Object]: {}
[2025-04-29T06:59:16.188Z] [ERROR] Error processing Twitter account [object Object]: {}
[2025-04-29T06:59:16.191Z] [ERROR] Error processing Twitter account [object Object]: {}
[2025-04-29T06:59:16.192Z] [ERROR] Error processing Twitter account [object Object]: {}
[2025-04-29T06:59:16.192Z] [ERROR] Error processing Twitter account [object Object]: {}
[2025-04-29T06:59:16.192Z] [ERROR] Error processing Twitter account [object Object]: {}
[2025-04-29T06:59:16.192Z] [ERROR] Error processing Twitter account [object Object]: {}
[2025-04-29T06:59:16.193Z] [ERROR] Error processing Twitter account [object Object]: {}
[2025-04-29T06:59:16.193Z] [ERROR] Error processing Twitter account [object Object]: {}
[2025-04-29T06:59:16.194Z] [ERROR] Error processing Twitter account [object Object]: {}
[2025-04-29T06:59:16.194Z] [ERROR] Error processing Twitter account [object Object]: {}
[2025-04-29T06:59:16.194Z] [ERROR] Error processing Twitter account [object Object]: {}
[2025-04-29T06:59:16.196Z] [ERROR] Error processing Instagram account [object Object]: {}
[2025-04-29T06:59:16.196Z] [ERROR] Error processing Instagram account [object Object]: {}
[2025-04-29T06:59:16.196Z] [ERROR] Error processing Instagram account [object Object]: {}
[2025-04-29T06:59:16.196Z] [ERROR] Error processing Instagram account [object Object]: {}
[2025-04-29T06:59:16.198Z] [ERROR] Error processing Instagram account [object Object]: {}
[2025-04-29T06:59:16.199Z] [ERROR] Error processing Instagram account [object Object]: {}
[2025-04-29T06:59:16.199Z] [ERROR] Error processing Instagram account [object Object]: {}
[2025-04-29T06:59:16.199Z] [ERROR] Error processing Instagram account [object Object]: {}
[2025-04-29T06:59:16.199Z] [ERROR] Error processing Instagram account [object Object]: {}
[2025-04-29T06:59:16.199Z] [ERROR] Error processing Instagram account [object Object]: {}
[2025-04-29T06:59:16.200Z] [ERROR] Error processing Instagram account [object Object]: {}
[2025-04-29T06:59:16.200Z] [ERROR] Error processing Instagram account [object Object]: {}
[2025-04-29T06:59:16.200Z] [ERROR] Error processing Instagram account [object Object]: {}
[2025-04-29T06:59:16.200Z] [ERROR] Error processing Instagram account [object Object]: {}
[2025-04-29T06:59:16.200Z] [ERROR] Error processing Instagram account [object Object]: {}
[2025-04-29T06:59:16.200Z] [ERROR] Error processing Instagram account [object Object]: {}
[2025-04-29T06:59:16.225Z] [ERROR] Error processing Twitter account [object Object]: {}
[2025-04-29T06:59:16.228Z] [ERROR] Error processing Twitter account [object Object]: {}
[2025-04-29T06:59:16.235Z] [ERROR] Error processing Twitter account [object Object]: {}
[2025-04-29T06:59:16.236Z] [ERROR] Error processing Twitter account [object Object]: {}
[2025-04-29T06:59:16.241Z] [ERROR] Error processing Twitter account [object Object]: {}
[2025-04-29T06:59:16.243Z] [ERROR] Error processing Twitter account [object Object]: {}
[2025-04-29T06:59:16.246Z] [ERROR] Error processing Twitter account [object Object]: {}
[2025-04-29T06:59:16.256Z] [ERROR] Error processing Twitter account [object Object]: {}
[2025-04-29T06:59:16.259Z] [ERROR] Error processing Twitter account [object Object]: {}
[2025-04-29T06:59:16.267Z] [ERROR] Error processing Twitter account [object Object]: {}
[2025-04-29T06:59:16.272Z] [ERROR] Error processing Twitter account [object Object]: {}
[2025-04-29T06:59:16.273Z] [ERROR] Error processing Twitter account [object Object]: {}
[2025-04-29T06:59:16.273Z] [ERROR] Error processing Twitter account [object Object]: {}
[2025-04-29T06:59:16.273Z] [ERROR] Error processing Twitter account [object Object]: {}
[2025-04-29T06:59:16.275Z] [ERROR] Error processing Twitter account [object Object]: {}
[2025-04-29T06:59:16.275Z] [ERROR] Error processing Twitter account [object Object]: {}
[2025-04-29T06:59:16.276Z] [ERROR] Error processing Instagram account [object Object]: {}
[2025-04-29T06:59:16.279Z] [ERROR] Error processing Instagram account [object Object]: {}
[2025-04-29T06:59:16.279Z] [ERROR] Error processing Instagram account [object Object]: {}
[2025-04-29T06:59:16.280Z] [ERROR] Error processing Instagram account [object Object]: {}
[2025-04-29T06:59:16.280Z] [ERROR] Error processing Instagram account [object Object]: {}
[2025-04-29T06:59:16.283Z] [ERROR] Error processing Instagram account [object Object]: {}
[2025-04-29T06:59:16.283Z] [ERROR] Error processing Instagram account [object Object]: {}
[2025-04-29T06:59:16.283Z] [ERROR] Error processing Instagram account [object Object]: {}
[2025-04-29T06:59:16.284Z] [ERROR] Error processing Instagram account [object Object]: {}
[2025-04-29T06:59:16.284Z] [ERROR] Error processing Instagram account [object Object]: {}
[2025-04-29T06:59:16.284Z] [ERROR] Error processing Instagram account [object Object]: {}
[2025-04-29T06:59:16.284Z] [ERROR] Error processing Instagram account [object Object]: {}
[2025-04-29T06:59:16.285Z] [ERROR] Error processing Instagram account [object Object]: {}
[2025-04-29T06:59:16.285Z] [ERROR] Error processing Instagram account [object Object]: {}
[2025-04-29T06:59:16.285Z] [ERROR] Error processing Instagram account [object Object]: {}
[2025-04-29T06:59:16.285Z] [ERROR] Error processing Instagram account [object Object]: {}
[2025-04-29T06:59:16.809Z] [ERROR] Error processing Twitter account [object Object]: {}
[2025-04-29T06:59:16.814Z] [ERROR] Error processing Twitter account [object Object]: {}
[2025-04-29T06:59:16.818Z] [ERROR] Error processing Twitter account [object Object]: {}
[2025-04-29T06:59:16.818Z] [ERROR] Error processing Twitter account [object Object]: {}
[2025-04-29T06:59:16.819Z] [ERROR] Error processing Twitter account [object Object]: {}
[2025-04-29T06:59:16.819Z] [ERROR] Error processing Twitter account [object Object]: {}
[2025-04-29T06:59:16.819Z] [ERROR] Error processing Twitter account [object Object]: {}
[2025-04-29T06:59:16.819Z] [ERROR] Error processing Twitter account [object Object]: {}
[2025-04-29T06:59:16.819Z] [ERROR] Error processing Twitter account [object Object]: {}
[2025-04-29T06:59:16.820Z] [ERROR] Error processing Twitter account [object Object]: {}
[2025-04-29T06:59:16.820Z] [ERROR] Error processing Twitter account [object Object]: {}
[2025-04-29T06:59:16.820Z] [ERROR] Error processing Twitter account [object Object]: {}
[2025-04-29T06:59:16.821Z] [ERROR] Error processing Twitter account [object Object]: {}
[2025-04-29T06:59:16.822Z] [ERROR] Error processing Twitter account [object Object]: {}
[2025-04-29T06:59:16.822Z] [ERROR] Error processing Twitter account [object Object]: {}
[2025-04-29T06:59:16.822Z] [ERROR] Error processing Twitter account [object Object]: {}
[2025-04-29T06:59:16.823Z] [ERROR] Error processing Instagram account [object Object]: {}
[2025-04-29T06:59:16.823Z] [ERROR] Error processing Instagram account [object Object]: {}
[2025-04-29T06:59:16.824Z] [ERROR] Error processing Instagram account [object Object]: {}
[2025-04-29T06:59:16.824Z] [ERROR] Error processing Instagram account [object Object]: {}
[2025-04-29T06:59:16.824Z] [ERROR] Error processing Instagram account [object Object]: {}
[2025-04-29T06:59:16.824Z] [ERROR] Error processing Instagram account [object Object]: {}
[2025-04-29T06:59:16.825Z] [ERROR] Error processing Instagram account [object Object]: {}
[2025-04-29T06:59:16.825Z] [ERROR] Error processing Instagram account [object Object]: {}
[2025-04-29T06:59:16.825Z] [ERROR] Error processing Instagram account [object Object]: {}
[2025-04-29T06:59:16.825Z] [ERROR] Error processing Instagram account [object Object]: {}
[2025-04-29T06:59:16.825Z] [ERROR] Error processing Instagram account [object Object]: {}
[2025-04-29T06:59:16.826Z] [ERROR] Error processing Instagram account [object Object]: {}
[2025-04-29T06:59:16.826Z] [ERROR] Error processing Instagram account [object Object]: {}
[2025-04-29T06:59:16.826Z] [ERROR] Error processing Instagram account [object Object]: {}
[2025-04-29T06:59:16.826Z] [ERROR] Error processing Instagram account [object Object]: {}
[2025-04-29T06:59:16.827Z] [ERROR] Error processing Instagram account [object Object]: {}
[2025-04-29T06:59:17.003Z] [ERROR] Error extracting live stream: {}
[2025-04-29T07:03:38.376Z] [ERROR] Error extracting live stream: {}
[2025-04-29T07:03:39.230Z] [ERROR] Error extracting live stream: {}
[2025-04-29T07:03:40.096Z] [ERROR] Error extracting live stream: {}
[2025-04-29T07:03:40.865Z] [ERROR] Error extracting live stream: {}
[2025-04-29T07:03:41.793Z] [ERROR] Error extracting live stream: {}
[2025-04-29T07:03:42.448Z] [ERROR] Error extracting live stream: {}
[2025-04-29T07:03:47.436Z] [ERROR] Error processing Instagram account [object Object]: {}
[2025-04-29T07:03:47.436Z] [ERROR] Error processing Instagram account [object Object]: {}
[2025-04-29T07:03:47.436Z] [ERROR] Error processing Instagram account [object Object]: {}
[2025-04-29T07:03:47.437Z] [ERROR] Error processing Instagram account [object Object]: {}
[2025-04-29T07:03:47.437Z] [ERROR] Error processing Instagram account [object Object]: {}
[2025-04-29T07:03:47.437Z] [ERROR] Error processing Instagram account [object Object]: {}
[2025-04-29T07:03:47.438Z] [ERROR] Error processing Instagram account [object Object]: {}
[2025-04-29T07:03:47.438Z] [ERROR] Error processing Instagram account [object Object]: {}
[2025-04-29T07:03:47.438Z] [ERROR] Error processing Instagram account [object Object]: {}
[2025-04-29T07:03:47.438Z] [ERROR] Error processing Instagram account [object Object]: {}
[2025-04-29T07:03:47.439Z] [ERROR] Error processing Instagram account [object Object]: {}
[2025-04-29T07:03:47.439Z] [ERROR] Error processing Instagram account [object Object]: {}
[2025-04-29T07:03:47.439Z] [ERROR] Error processing Instagram account [object Object]: {}
[2025-04-29T07:03:47.439Z] [ERROR] Error processing Instagram account [object Object]: {}
[2025-04-29T07:03:47.440Z] [ERROR] Error processing Instagram account [object Object]: {}
[2025-04-29T07:03:47.440Z] [ERROR] Error processing Instagram account [object Object]: {}
[2025-04-29T07:03:48.044Z] [ERROR] Error extracting live stream: {}
[2025-04-29T07:03:48.185Z] [ERROR] Error processing Instagram account [object Object]: {}
[2025-04-29T07:03:48.185Z] [ERROR] Error processing Instagram account [object Object]: {}
[2025-04-29T07:03:48.185Z] [ERROR] Error processing Instagram account [object Object]: {}
[2025-04-29T07:03:48.186Z] [ERROR] Error processing Instagram account [object Object]: {}
[2025-04-29T07:03:48.189Z] [ERROR] Error processing Instagram account [object Object]: {}
[2025-04-29T07:03:48.189Z] [ERROR] Error processing Instagram account [object Object]: {}
[2025-04-29T07:03:48.190Z] [ERROR] Error processing Instagram account [object Object]: {}
[2025-04-29T07:03:48.190Z] [ERROR] Error processing Instagram account [object Object]: {}
[2025-04-29T07:03:48.191Z] [ERROR] Error processing Instagram account [object Object]: {}
[2025-04-29T07:03:48.191Z] [ERROR] Error processing Instagram account [object Object]: {}
[2025-04-29T07:03:48.191Z] [ERROR] Error processing Instagram account [object Object]: {}
[2025-04-29T07:03:48.192Z] [ERROR] Error processing Instagram account [object Object]: {}
[2025-04-29T07:03:48.193Z] [ERROR] Error processing Instagram account [object Object]: {}
[2025-04-29T07:03:48.193Z] [ERROR] Error processing Instagram account [object Object]: {}
[2025-04-29T07:03:48.194Z] [ERROR] Error processing Instagram account [object Object]: {}
[2025-04-29T07:03:48.194Z] [ERROR] Error processing Instagram account [object Object]: {}
[2025-04-29T07:03:48.599Z] [ERROR] Error extracting live stream: {}
[2025-04-29T07:03:48.952Z] [ERROR] Error extracting live stream: {}
[2025-04-29T07:03:49.425Z] [ERROR] Error extracting live stream: {}
[2025-04-29T07:03:50.004Z] [ERROR] Error extracting live stream: {}
[2025-04-29T07:03:50.475Z] [ERROR] Error extracting live stream: {}
[2025-04-29T07:04:02.834Z] [ERROR] Error scraping Twitter for https://twitter.com/AA_AlyaJKT48: {"status":1,"signal":null,"output":[null,"","Traceback (most recent call last):\n  File \"<string>\", line 1, in <module>\n  File \"/home/runner/workspace/utils/web_scraper.py\", line 17, in <module>\n    from bs4 import BeautifulSoup\nModuleNotFoundError: No module named 'bs4'\n"],"pid":5106,"stdout":"","stderr":"Traceback (most recent call last):\n  File \"<string>\", line 1, in <module>\n  File \"/home/runner/workspace/utils/web_scraper.py\", line 17, in <module>\n    from bs4 import BeautifulSoup\nModuleNotFoundError: No module named 'bs4'\n"}
[2025-04-29T07:04:03.080Z] [ERROR] Error scraping Twitter for https://twitter.com/PS_AmandaJKT48: {"status":1,"signal":null,"output":[null,"","Traceback (most recent call last):\n  File \"<string>\", line 1, in <module>\n  File \"/home/runner/workspace/utils/web_scraper.py\", line 17, in <module>\n    from bs4 import BeautifulSoup\nModuleNotFoundError: No module named 'bs4'\n"],"pid":5112,"stdout":"","stderr":"Traceback (most recent call last):\n  File \"<string>\", line 1, in <module>\n  File \"/home/runner/workspace/utils/web_scraper.py\", line 17, in <module>\n    from bs4 import BeautifulSoup\nModuleNotFoundError: No module named 'bs4'\n"}
[2025-04-29T07:04:03.184Z] [ERROR] Error processing Instagram account [object Object]: {}
[2025-04-29T07:04:03.185Z] [ERROR] Error processing Instagram account [object Object]: {}
[2025-04-29T07:04:03.185Z] [ERROR] Error processing Instagram account [object Object]: {}
[2025-04-29T07:04:03.185Z] [ERROR] Error processing Instagram account [object Object]: {}
[2025-04-29T07:04:03.186Z] [ERROR] Error processing Instagram account [object Object]: {}
[2025-04-29T07:04:03.186Z] [ERROR] Error processing Instagram account [object Object]: {}
[2025-04-29T07:04:03.186Z] [ERROR] Error processing Instagram account [object Object]: {}
[2025-04-29T07:04:03.187Z] [ERROR] Error processing Instagram account [object Object]: {}
[2025-04-29T07:04:03.187Z] [ERROR] Error processing Instagram account [object Object]: {}
[2025-04-29T07:04:03.187Z] [ERROR] Error processing Instagram account [object Object]: {}
[2025-04-29T07:04:03.188Z] [ERROR] Error processing Instagram account [object Object]: {}
[2025-04-29T07:04:03.188Z] [ERROR] Error processing Instagram account [object Object]: {}
[2025-04-29T07:04:03.188Z] [ERROR] Error processing Instagram account [object Object]: {}
[2025-04-29T07:04:03.188Z] [ERROR] Error processing Instagram account [object Object]: {}
[2025-04-29T07:04:03.188Z] [ERROR] Error processing Instagram account [object Object]: {}
[2025-04-29T07:04:03.189Z] [ERROR] Error processing Instagram account [object Object]: {}
[2025-04-29T07:04:03.368Z] [ERROR] Error scraping Twitter for https://twitter.com/A_ChristyJKT48: {"status":1,"signal":null,"output":[null,"","Traceback (most recent call last):\n  File \"<string>\", line 1, in <module>\n  File \"/home/runner/workspace/utils/web_scraper.py\", line 17, in <module>\n    from bs4 import BeautifulSoup\nModuleNotFoundError: No module named 'bs4'\n"],"pid":5118,"stdout":"","stderr":"Traceback (most recent call last):\n  File \"<string>\", line 1, in <module>\n  File \"/home/runner/workspace/utils/web_scraper.py\", line 17, in <module>\n    from bs4 import BeautifulSoup\nModuleNotFoundError: No module named 'bs4'\n"}
[2025-04-29T07:04:03.489Z] [ERROR] Error scraping Twitter for https://twitter.com/AA_AlyaJKT48: {"status":1,"signal":null,"output":[null,"","Traceback (most recent call last):\n  File \"<string>\", line 1, in <module>\n  File \"/home/runner/workspace/utils/web_scraper.py\", line 17, in <module>\n    from bs4 import BeautifulSoup\nModuleNotFoundError: No module named 'bs4'\n"],"pid":5124,"stdout":"","stderr":"Traceback (most recent call last):\n  File \"<string>\", line 1, in <module>\n  File \"/home/runner/workspace/utils/web_scraper.py\", line 17, in <module>\n    from bs4 import BeautifulSoup\nModuleNotFoundError: No module named 'bs4'\n"}
[2025-04-29T07:04:03.653Z] [ERROR] Error scraping Twitter for https://twitter.com/AR_AnindyaJKT48: {"status":1,"signal":null,"output":[null,"","Traceback (most recent call last):\n  File \"<string>\", line 1, in <module>\n  File \"/home/runner/workspace/utils/web_scraper.py\", line 17, in <module>\n    from bs4 import BeautifulSoup\nModuleNotFoundError: No module named 'bs4'\n"],"pid":5131,"stdout":"","stderr":"Traceback (most recent call last):\n  File \"<string>\", line 1, in <module>\n  File \"/home/runner/workspace/utils/web_scraper.py\", line 17, in <module>\n    from bs4 import BeautifulSoup\nModuleNotFoundError: No module named 'bs4'\n"}
[2025-04-29T07:04:03.790Z] [ERROR] Error scraping Twitter for https://twitter.com/PS_AmandaJKT48: {"status":1,"signal":null,"output":[null,"","Traceback (most recent call last):\n  File \"<string>\", line 1, in <module>\n  File \"/home/runner/workspace/utils/web_scraper.py\", line 17, in <module>\n    from bs4 import BeautifulSoup\nModuleNotFoundError: No module named 'bs4'\n"],"pid":5137,"stdout":"","stderr":"Traceback (most recent call last):\n  File \"<string>\", line 1, in <module>\n  File \"/home/runner/workspace/utils/web_scraper.py\", line 17, in <module>\n    from bs4 import BeautifulSoup\nModuleNotFoundError: No module named 'bs4'\n"}
[2025-04-29T07:04:03.928Z] [ERROR] Error scraping Twitter for https://twitter.com/AU_LiaJKT48: {"status":1,"signal":null,"output":[null,"","Traceback (most recent call last):\n  File \"<string>\", line 1, in <module>\n  File \"/home/runner/workspace/utils/web_scraper.py\", line 17, in <module>\n    from bs4 import BeautifulSoup\nModuleNotFoundError: No module named 'bs4'\n"],"pid":5143,"stdout":"","stderr":"Traceback (most recent call last):\n  File \"<string>\", line 1, in <module>\n  File \"/home/runner/workspace/utils/web_scraper.py\", line 17, in <module>\n    from bs4 import BeautifulSoup\nModuleNotFoundError: No module named 'bs4'\n"}
[2025-04-29T07:04:04.061Z] [ERROR] Error scraping Twitter for https://twitter.com/A_ChristyJKT48: {"status":1,"signal":null,"output":[null,"","Traceback (most recent call last):\n  File \"<string>\", line 1, in <module>\n  File \"/home/runner/workspace/utils/web_scraper.py\", line 17, in <module>\n    from bs4 import BeautifulSoup\nModuleNotFoundError: No module named 'bs4'\n"],"pid":5149,"stdout":"","stderr":"Traceback (most recent call last):\n  File \"<string>\", line 1, in <module>\n  File \"/home/runner/workspace/utils/web_scraper.py\", line 17, in <module>\n    from bs4 import BeautifulSoup\nModuleNotFoundError: No module named 'bs4'\n"}
[2025-04-29T07:04:04.204Z] [ERROR] Error scraping Twitter for https://twitter.com/N_CathyJKT48: {"status":1,"signal":null,"output":[null,"","Traceback (most recent call last):\n  File \"<string>\", line 1, in <module>\n  File \"/home/runner/workspace/utils/web_scraper.py\", line 17, in <module>\n    from bs4 import BeautifulSoup\nModuleNotFoundError: No module named 'bs4'\n"],"pid":5155,"stdout":"","stderr":"Traceback (most recent call last):\n  File \"<string>\", line 1, in <module>\n  File \"/home/runner/workspace/utils/web_scraper.py\", line 17, in <module>\n    from bs4 import BeautifulSoup\nModuleNotFoundError: No module named 'bs4'\n"}
[2025-04-29T07:04:04.327Z] [ERROR] Error scraping Twitter for https://twitter.com/AR_AnindyaJKT48: {"status":1,"signal":null,"output":[null,"","Traceback (most recent call last):\n  File \"<string>\", line 1, in <module>\n  File \"/home/runner/workspace/utils/web_scraper.py\", line 17, in <module>\n    from bs4 import BeautifulSoup\nModuleNotFoundError: No module named 'bs4'\n"],"pid":5161,"stdout":"","stderr":"Traceback (most recent call last):\n  File \"<string>\", line 1, in <module>\n  File \"/home/runner/workspace/utils/web_scraper.py\", line 17, in <module>\n    from bs4 import BeautifulSoup\nModuleNotFoundError: No module named 'bs4'\n"}
[2025-04-29T07:04:04.476Z] [ERROR] Error scraping Twitter for https://twitter.com/Elin_JKT48: {"status":1,"signal":null,"output":[null,"","Traceback (most recent call last):\n  File \"<string>\", line 1, in <module>\n  File \"/home/runner/workspace/utils/web_scraper.py\", line 17, in <module>\n    from bs4 import BeautifulSoup\nModuleNotFoundError: No module named 'bs4'\n"],"pid":5167,"stdout":"","stderr":"Traceback (most recent call last):\n  File \"<string>\", line 1, in <module>\n  File \"/home/runner/workspace/utils/web_scraper.py\", line 17, in <module>\n    from bs4 import BeautifulSoup\nModuleNotFoundError: No module named 'bs4'\n"}
[2025-04-29T07:04:04.594Z] [ERROR] Error scraping Twitter for https://twitter.com/AU_LiaJKT48: {"status":1,"signal":null,"output":[null,"","Traceback (most recent call last):\n  File \"<string>\", line 1, in <module>\n  File \"/home/runner/workspace/utils/web_scraper.py\", line 17, in <module>\n    from bs4 import BeautifulSoup\nModuleNotFoundError: No module named 'bs4'\n"],"pid":5172,"stdout":"","stderr":"Traceback (most recent call last):\n  File \"<string>\", line 1, in <module>\n  File \"/home/runner/workspace/utils/web_scraper.py\", line 17, in <module>\n    from bs4 import BeautifulSoup\nModuleNotFoundError: No module named 'bs4'\n"}
[2025-04-29T07:04:04.762Z] [ERROR] Error scraping Twitter for https://twitter.com/DC_ChelseaJKT48: {"status":1,"signal":null,"output":[null,"","Traceback (most recent call last):\n  File \"<string>\", line 1, in <module>\n  File \"/home/runner/workspace/utils/web_scraper.py\", line 17, in <module>\n    from bs4 import BeautifulSoup\nModuleNotFoundError: No module named 'bs4'\n"],"pid":5178,"stdout":"","stderr":"Traceback (most recent call last):\n  File \"<string>\", line 1, in <module>\n  File \"/home/runner/workspace/utils/web_scraper.py\", line 17, in <module>\n    from bs4 import BeautifulSoup\nModuleNotFoundError: No module named 'bs4'\n"}
[2025-04-29T07:04:04.884Z] [ERROR] Error scraping Twitter for https://twitter.com/N_CathyJKT48: {"status":1,"signal":null,"output":[null,"","Traceback (most recent call last):\n  File \"<string>\", line 1, in <module>\n  File \"/home/runner/workspace/utils/web_scraper.py\", line 17, in <module>\n    from bs4 import BeautifulSoup\nModuleNotFoundError: No module named 'bs4'\n"],"pid":5184,"stdout":"","stderr":"Traceback (most recent call last):\n  File \"<string>\", line 1, in <module>\n  File \"/home/runner/workspace/utils/web_scraper.py\", line 17, in <module>\n    from bs4 import BeautifulSoup\nModuleNotFoundError: No module named 'bs4'\n"}
[2025-04-29T07:04:05.056Z] [ERROR] Error scraping Twitter for https://twitter.com/C_OnielJKT48: {"status":1,"signal":null,"output":[null,"","Traceback (most recent call last):\n  File \"<string>\", line 1, in <module>\n  File \"/home/runner/workspace/utils/web_scraper.py\", line 17, in <module>\n    from bs4 import BeautifulSoup\nModuleNotFoundError: No module named 'bs4'\n"],"pid":5190,"stdout":"","stderr":"Traceback (most recent call last):\n  File \"<string>\", line 1, in <module>\n  File \"/home/runner/workspace/utils/web_scraper.py\", line 17, in <module>\n    from bs4 import BeautifulSoup\nModuleNotFoundError: No module named 'bs4'\n"}
[2025-04-29T07:04:05.170Z] [ERROR] Error scraping Twitter for https://twitter.com/Elin_JKT48: {"status":1,"signal":null,"output":[null,"","Traceback (most recent call last):\n  File \"<string>\", line 1, in <module>\n  File \"/home/runner/workspace/utils/web_scraper.py\", line 17, in <module>\n    from bs4 import BeautifulSoup\nModuleNotFoundError: No module named 'bs4'\n"],"pid":5196,"stdout":"","stderr":"Traceback (most recent call last):\n  File \"<string>\", line 1, in <module>\n  File \"/home/runner/workspace/utils/web_scraper.py\", line 17, in <module>\n    from bs4 import BeautifulSoup\nModuleNotFoundError: No module named 'bs4'\n"}
[2025-04-29T07:04:05.344Z] [ERROR] Error scraping Twitter for https://twitter.com/Y_CynthiaJKT48: {"status":1,"signal":null,"output":[null,"","Traceback (most recent call last):\n  File \"<string>\", line 1, in <module>\n  File \"/home/runner/workspace/utils/web_scraper.py\", line 17, in <module>\n    from bs4 import BeautifulSoup\nModuleNotFoundError: No module named 'bs4'\n"],"pid":5202,"stdout":"","stderr":"Traceback (most recent call last):\n  File \"<string>\", line 1, in <module>\n  File \"/home/runner/workspace/utils/web_scraper.py\", line 17, in <module>\n    from bs4 import BeautifulSoup\nModuleNotFoundError: No module named 'bs4'\n"}
[2025-04-29T07:04:05.459Z] [ERROR] Error scraping Twitter for https://twitter.com/DC_ChelseaJKT48: {"status":1,"signal":null,"output":[null,"","Traceback (most recent call last):\n  File \"<string>\", line 1, in <module>\n  File \"/home/runner/workspace/utils/web_scraper.py\", line 17, in <module>\n    from bs4 import BeautifulSoup\nModuleNotFoundError: No module named 'bs4'\n"],"pid":5208,"stdout":"","stderr":"Traceback (most recent call last):\n  File \"<string>\", line 1, in <module>\n  File \"/home/runner/workspace/utils/web_scraper.py\", line 17, in <module>\n    from bs4 import BeautifulSoup\nModuleNotFoundError: No module named 'bs4'\n"}
[2025-04-29T07:04:05.624Z] [ERROR] Error scraping Twitter for https://twitter.com/Danella_JKT48: {"status":1,"signal":null,"output":[null,"","Traceback (most recent call last):\n  File \"<string>\", line 1, in <module>\n  File \"/home/runner/workspace/utils/web_scraper.py\", line 17, in <module>\n    from bs4 import BeautifulSoup\nModuleNotFoundError: No module named 'bs4'\n"],"pid":5214,"stdout":"","stderr":"Traceback (most recent call last):\n  File \"<string>\", line 1, in <module>\n  File \"/home/runner/workspace/utils/web_scraper.py\", line 17, in <module>\n    from bs4 import BeautifulSoup\nModuleNotFoundError: No module named 'bs4'\n"}
[2025-04-29T07:04:05.738Z] [ERROR] Error scraping Twitter for https://twitter.com/C_OnielJKT48: {"status":1,"signal":null,"output":[null,"","Traceback (most recent call last):\n  File \"<string>\", line 1, in <module>\n  File \"/home/runner/workspace/utils/web_scraper.py\", line 17, in <module>\n    from bs4 import BeautifulSoup\nModuleNotFoundError: No module named 'bs4'\n"],"pid":5220,"stdout":"","stderr":"Traceback (most recent call last):\n  File \"<string>\", line 1, in <module>\n  File \"/home/runner/workspace/utils/web_scraper.py\", line 17, in <module>\n    from bs4 import BeautifulSoup\nModuleNotFoundError: No module named 'bs4'\n"}
[2025-04-29T07:04:05.890Z] [ERROR] Error scraping Twitter for https://twitter.com/Daisy_JKT48: {"status":1,"signal":null,"output":[null,"","Traceback (most recent call last):\n  File \"<string>\", line 1, in <module>\n  File \"/home/runner/workspace/utils/web_scraper.py\", line 17, in <module>\n    from bs4 import BeautifulSoup\nModuleNotFoundError: No module named 'bs4'\n"],"pid":5226,"stdout":"","stderr":"Traceback (most recent call last):\n  File \"<string>\", line 1, in <module>\n  File \"/home/runner/workspace/utils/web_scraper.py\", line 17, in <module>\n    from bs4 import BeautifulSoup\nModuleNotFoundError: No module named 'bs4'\n"}
[2025-04-29T07:04:06.015Z] [ERROR] Error scraping Twitter for https://twitter.com/Y_CynthiaJKT48: {"status":1,"signal":null,"output":[null,"","Traceback (most recent call last):\n  File \"<string>\", line 1, in <module>\n  File \"/home/runner/workspace/utils/web_scraper.py\", line 17, in <module>\n    from bs4 import BeautifulSoup\nModuleNotFoundError: No module named 'bs4'\n"],"pid":5232,"stdout":"","stderr":"Traceback (most recent call last):\n  File \"<string>\", line 1, in <module>\n  File \"/home/runner/workspace/utils/web_scraper.py\", line 17, in <module>\n    from bs4 import BeautifulSoup\nModuleNotFoundError: No module named 'bs4'\n"}
[2025-04-29T07:04:06.154Z] [ERROR] Error scraping Twitter for https://twitter.com/F_OllaJKT48: {"status":1,"signal":null,"output":[null,"","Traceback (most recent call last):\n  File \"<string>\", line 1, in <module>\n  File \"/home/runner/workspace/utils/web_scraper.py\", line 17, in <module>\n    from bs4 import BeautifulSoup\nModuleNotFoundError: No module named 'bs4'\n"],"pid":5238,"stdout":"","stderr":"Traceback (most recent call last):\n  File \"<string>\", line 1, in <module>\n  File \"/home/runner/workspace/utils/web_scraper.py\", line 17, in <module>\n    from bs4 import BeautifulSoup\nModuleNotFoundError: No module named 'bs4'\n"}
[2025-04-29T07:04:06.289Z] [ERROR] Error scraping Twitter for https://twitter.com/Danella_JKT48: {"status":1,"signal":null,"output":[null,"","Traceback (most recent call last):\n  File \"<string>\", line 1, in <module>\n  File \"/home/runner/workspace/utils/web_scraper.py\", line 17, in <module>\n    from bs4 import BeautifulSoup\nModuleNotFoundError: No module named 'bs4'\n"],"pid":5244,"stdout":"","stderr":"Traceback (most recent call last):\n  File \"<string>\", line 1, in <module>\n  File \"/home/runner/workspace/utils/web_scraper.py\", line 17, in <module>\n    from bs4 import BeautifulSoup\nModuleNotFoundError: No module named 'bs4'\n"}
[2025-04-29T07:04:06.416Z] [ERROR] Error scraping Twitter for https://twitter.com/F_FeniJKT48: {"status":1,"signal":null,"output":[null,"","Traceback (most recent call last):\n  File \"<string>\", line 1, in <module>\n  File \"/home/runner/workspace/utils/web_scraper.py\", line 17, in <module>\n    from bs4 import BeautifulSoup\nModuleNotFoundError: No module named 'bs4'\n"],"pid":5250,"stdout":"","stderr":"Traceback (most recent call last):\n  File \"<string>\", line 1, in <module>\n  File \"/home/runner/workspace/utils/web_scraper.py\", line 17, in <module>\n    from bs4 import BeautifulSoup\nModuleNotFoundError: No module named 'bs4'\n"}
[2025-04-29T07:04:06.562Z] [ERROR] Error scraping Twitter for https://twitter.com/Daisy_JKT48: {"status":1,"signal":null,"output":[null,"","Traceback (most recent call last):\n  File \"<string>\", line 1, in <module>\n  File \"/home/runner/workspace/utils/web_scraper.py\", line 17, in <module>\n    from bs4 import BeautifulSoup\nModuleNotFoundError: No module named 'bs4'\n"],"pid":5256,"stdout":"","stderr":"Traceback (most recent call last):\n  File \"<string>\", line 1, in <module>\n  File \"/home/runner/workspace/utils/web_scraper.py\", line 17, in <module>\n    from bs4 import BeautifulSoup\nModuleNotFoundError: No module named 'bs4'\n"}
[2025-04-29T07:04:06.696Z] [ERROR] Error scraping Twitter for https://twitter.com/kanaia_jkt48v: {"status":1,"signal":null,"output":[null,"","Traceback (most recent call last):\n  File \"<string>\", line 1, in <module>\n  File \"/home/runner/workspace/utils/web_scraper.py\", line 17, in <module>\n    from bs4 import BeautifulSoup\nModuleNotFoundError: No module named 'bs4'\n"],"pid":5262,"stdout":"","stderr":"Traceback (most recent call last):\n  File \"<string>\", line 1, in <module>\n  File \"/home/runner/workspace/utils/web_scraper.py\", line 17, in <module>\n    from bs4 import BeautifulSoup\nModuleNotFoundError: No module named 'bs4'\n"}
[2025-04-29T07:04:06.818Z] [ERROR] Error scraping Twitter for https://twitter.com/F_OllaJKT48: {"status":1,"signal":null,"output":[null,"","Traceback (most recent call last):\n  File \"<string>\", line 1, in <module>\n  File \"/home/runner/workspace/utils/web_scraper.py\", line 17, in <module>\n    from bs4 import BeautifulSoup\nModuleNotFoundError: No module named 'bs4'\n"],"pid":5268,"stdout":"","stderr":"Traceback (most recent call last):\n  File \"<string>\", line 1, in <module>\n  File \"/home/runner/workspace/utils/web_scraper.py\", line 17, in <module>\n    from bs4 import BeautifulSoup\nModuleNotFoundError: No module named 'bs4'\n"}
[2025-04-29T07:04:06.975Z] [ERROR] Error scraping Twitter for https://twitter.com/officialJKT48: {"status":1,"signal":null,"output":[null,"","Traceback (most recent call last):\n  File \"<string>\", line 1, in <module>\n  File \"/home/runner/workspace/utils/web_scraper.py\", line 17, in <module>\n    from bs4 import BeautifulSoup\nModuleNotFoundError: No module named 'bs4'\n"],"pid":5275,"stdout":"","stderr":"Traceback (most recent call last):\n  File \"<string>\", line 1, in <module>\n  File \"/home/runner/workspace/utils/web_scraper.py\", line 17, in <module>\n    from bs4 import BeautifulSoup\nModuleNotFoundError: No module named 'bs4'\n"}
[2025-04-29T07:04:07.127Z] [ERROR] Error scraping Twitter for https://twitter.com/F_FeniJKT48: {"status":1,"signal":null,"output":[null,"","Traceback (most recent call last):\n  File \"<string>\", line 1, in <module>\n  File \"/home/runner/workspace/utils/web_scraper.py\", line 17, in <module>\n    from bs4 import BeautifulSoup\nModuleNotFoundError: No module named 'bs4'\n"],"pid":5281,"stdout":"","stderr":"Traceback (most recent call last):\n  File \"<string>\", line 1, in <module>\n  File \"/home/runner/workspace/utils/web_scraper.py\", line 17, in <module>\n    from bs4 import BeautifulSoup\nModuleNotFoundError: No module named 'bs4'\n"}
[2025-04-29T07:04:07.269Z] [ERROR] Error scraping Twitter for https://twitter.com/officialJKT48: {"status":1,"signal":null,"output":[null,"","Traceback (most recent call last):\n  File \"<string>\", line 1, in <module>\n  File \"/home/runner/workspace/utils/web_scraper.py\", line 17, in <module>\n    from bs4 import BeautifulSoup\nModuleNotFoundError: No module named 'bs4'\n"],"pid":5287,"stdout":"","stderr":"Traceback (most recent call last):\n  File \"<string>\", line 1, in <module>\n  File \"/home/runner/workspace/utils/web_scraper.py\", line 17, in <module>\n    from bs4 import BeautifulSoup\nModuleNotFoundError: No module named 'bs4'\n"}
[2025-04-29T07:04:07.275Z] [ERROR] Error processing Instagram account [object Object]: {}
[2025-04-29T07:04:07.276Z] [ERROR] Error processing Instagram account [object Object]: {}
[2025-04-29T07:04:07.277Z] [ERROR] Error processing Instagram account [object Object]: {}
[2025-04-29T07:04:07.279Z] [ERROR] Error processing Instagram account [object Object]: {}
[2025-04-29T07:04:07.281Z] [ERROR] Error processing Instagram account [object Object]: {}
[2025-04-29T07:04:07.281Z] [ERROR] Error processing Instagram account [object Object]: {}
[2025-04-29T07:04:07.283Z] [ERROR] Error processing Instagram account [object Object]: {}
[2025-04-29T07:04:07.283Z] [ERROR] Error processing Instagram account [object Object]: {}
[2025-04-29T07:04:07.284Z] [ERROR] Error processing Instagram account [object Object]: {}
[2025-04-29T07:04:07.285Z] [ERROR] Error processing Instagram account [object Object]: {}
[2025-04-29T07:04:07.285Z] [ERROR] Error processing Instagram account [object Object]: {}
[2025-04-29T07:04:07.285Z] [ERROR] Error processing Instagram account [object Object]: {}
[2025-04-29T07:04:07.285Z] [ERROR] Error processing Instagram account [object Object]: {}
[2025-04-29T07:04:07.286Z] [ERROR] Error processing Instagram account [object Object]: {}
[2025-04-29T07:04:07.288Z] [ERROR] Error processing Instagram account [object Object]: {}
[2025-04-29T07:04:07.288Z] [ERROR] Error processing Instagram account [object Object]: {}
[2025-04-29T07:04:07.471Z] [ERROR] Error scraping Twitter for https://twitter.com/kanaia_jkt48v: {"status":1,"signal":null,"output":[null,"","Traceback (most recent call last):\n  File \"<string>\", line 1, in <module>\n  File \"/home/runner/workspace/utils/web_scraper.py\", line 17, in <module>\n    from bs4 import BeautifulSoup\nModuleNotFoundError: No module named 'bs4'\n"],"pid":5293,"stdout":"","stderr":"Traceback (most recent call last):\n  File \"<string>\", line 1, in <module>\n  File \"/home/runner/workspace/utils/web_scraper.py\", line 17, in <module>\n    from bs4 import BeautifulSoup\nModuleNotFoundError: No module named 'bs4'\n"}
[2025-04-29T07:04:07.813Z] [ERROR] Error scraping Twitter for https://twitter.com/officialJKT48: {"status":1,"signal":null,"output":[null,"","Traceback (most recent call last):\n  File \"<string>\", line 1, in <module>\n  File \"/home/runner/workspace/utils/web_scraper.py\", line 17, in <module>\n    from bs4 import BeautifulSoup\nModuleNotFoundError: No module named 'bs4'\n"],"pid":5299,"stdout":"","stderr":"Traceback (most recent call last):\n  File \"<string>\", line 1, in <module>\n  File \"/home/runner/workspace/utils/web_scraper.py\", line 17, in <module>\n    from bs4 import BeautifulSoup\nModuleNotFoundError: No module named 'bs4'\n"}
[2025-04-29T07:04:07.878Z] [ERROR] Error extracting live stream: {}
[2025-04-29T07:04:08.123Z] [ERROR] Error scraping Twitter for https://twitter.com/officialJKT48: {"status":1,"signal":null,"output":[null,"","Traceback (most recent call last):\n  File \"<string>\", line 1, in <module>\n  File \"/home/runner/workspace/utils/web_scraper.py\", line 17, in <module>\n    from bs4 import BeautifulSoup\nModuleNotFoundError: No module named 'bs4'\n"],"pid":5305,"stdout":"","stderr":"Traceback (most recent call last):\n  File \"<string>\", line 1, in <module>\n  File \"/home/runner/workspace/utils/web_scraper.py\", line 17, in <module>\n    from bs4 import BeautifulSoup\nModuleNotFoundError: No module named 'bs4'\n"}
[2025-04-29T07:04:08.449Z] [ERROR] Error extracting live stream: {}
[2025-04-29T07:04:08.782Z] [ERROR] Error extracting live stream: {}
[2025-04-29T07:04:09.265Z] [ERROR] Error extracting live stream: {}
[2025-04-29T07:04:09.816Z] [ERROR] Error extracting live stream: {}
[2025-04-29T07:04:10.597Z] [ERROR] Error extracting live stream: {}
[2025-04-29T07:04:18.005Z] [ERROR] Error extracting live stream: {}
[2025-04-29T07:04:18.185Z] [ERROR] Error processing Instagram account [object Object]: {}
[2025-04-29T07:04:18.186Z] [ERROR] Error processing Instagram account [object Object]: {}
[2025-04-29T07:04:18.186Z] [ERROR] Error processing Instagram account [object Object]: {}
[2025-04-29T07:04:18.187Z] [ERROR] Error processing Instagram account [object Object]: {}
[2025-04-29T07:04:18.187Z] [ERROR] Error processing Instagram account [object Object]: {}
[2025-04-29T07:04:18.187Z] [ERROR] Error processing Instagram account [object Object]: {}
[2025-04-29T07:04:18.188Z] [ERROR] Error processing Instagram account [object Object]: {}
[2025-04-29T07:04:18.188Z] [ERROR] Error processing Instagram account [object Object]: {}
[2025-04-29T07:04:18.188Z] [ERROR] Error processing Instagram account [object Object]: {}
[2025-04-29T07:04:18.188Z] [ERROR] Error processing Instagram account [object Object]: {}
[2025-04-29T07:04:18.188Z] [ERROR] Error processing Instagram account [object Object]: {}
[2025-04-29T07:04:18.189Z] [ERROR] Error processing Instagram account [object Object]: {}
[2025-04-29T07:04:18.189Z] [ERROR] Error processing Instagram account [object Object]: {}
[2025-04-29T07:04:18.189Z] [ERROR] Error processing Instagram account [object Object]: {}
[2025-04-29T07:04:18.189Z] [ERROR] Error processing Instagram account [object Object]: {}
[2025-04-29T07:04:18.190Z] [ERROR] Error processing Instagram account [object Object]: {}
[2025-04-29T07:04:18.587Z] [ERROR] Error extracting live stream: {}
[2025-04-29T07:04:18.926Z] [ERROR] Error extracting live stream: {}
[2025-04-29T07:04:19.353Z] [ERROR] Error extracting live stream: {}
[2025-04-29T07:04:19.858Z] [ERROR] Error extracting live stream: {}
[2025-04-29T07:04:20.323Z] [ERROR] Error extracting live stream: {}
[2025-04-29T07:04:22.276Z] [ERROR] Error processing Instagram account [object Object]: {}
[2025-04-29T07:04:22.277Z] [ERROR] Error processing Instagram account [object Object]: {}
[2025-04-29T07:04:22.277Z] [ERROR] Error processing Instagram account [object Object]: {}
[2025-04-29T07:04:22.277Z] [ERROR] Error processing Instagram account [object Object]: {}
[2025-04-29T07:04:22.278Z] [ERROR] Error processing Instagram account [object Object]: {}
[2025-04-29T07:04:22.278Z] [ERROR] Error processing Instagram account [object Object]: {}
[2025-04-29T07:04:22.278Z] [ERROR] Error processing Instagram account [object Object]: {}
[2025-04-29T07:04:22.278Z] [ERROR] Error processing Instagram account [object Object]: {}
[2025-04-29T07:04:22.278Z] [ERROR] Error processing Instagram account [object Object]: {}
[2025-04-29T07:04:22.279Z] [ERROR] Error processing Instagram account [object Object]: {}
[2025-04-29T07:04:22.279Z] [ERROR] Error processing Instagram account [object Object]: {}
[2025-04-29T07:04:22.279Z] [ERROR] Error processing Instagram account [object Object]: {}
[2025-04-29T07:04:22.279Z] [ERROR] Error processing Instagram account [object Object]: {}
[2025-04-29T07:04:22.280Z] [ERROR] Error processing Instagram account [object Object]: {}
[2025-04-29T07:04:22.280Z] [ERROR] Error processing Instagram account [object Object]: {}
[2025-04-29T07:04:22.280Z] [ERROR] Error processing Instagram account [object Object]: {}
[2025-04-29T07:04:33.011Z] [ERROR] Error extracting live stream: {}
[2025-04-29T07:04:33.185Z] [ERROR] Error processing Instagram account [object Object]: {}
[2025-04-29T07:04:33.186Z] [ERROR] Error processing Instagram account [object Object]: {}
[2025-04-29T07:04:33.186Z] [ERROR] Error processing Instagram account [object Object]: {}
[2025-04-29T07:04:33.187Z] [ERROR] Error processing Instagram account [object Object]: {}
[2025-04-29T07:04:33.188Z] [ERROR] Error processing Instagram account [object Object]: {}
[2025-04-29T07:04:33.189Z] [ERROR] Error processing Instagram account [object Object]: {}
[2025-04-29T07:04:33.191Z] [ERROR] Error processing Instagram account [object Object]: {}
[2025-04-29T07:04:33.192Z] [ERROR] Error processing Instagram account [object Object]: {}
[2025-04-29T07:04:33.192Z] [ERROR] Error processing Instagram account [object Object]: {}
[2025-04-29T07:04:33.192Z] [ERROR] Error processing Instagram account [object Object]: {}
[2025-04-29T07:04:33.193Z] [ERROR] Error processing Instagram account [object Object]: {}
[2025-04-29T07:04:33.193Z] [ERROR] Error processing Instagram account [object Object]: {}
[2025-04-29T07:04:33.194Z] [ERROR] Error processing Instagram account [object Object]: {}
[2025-04-29T07:04:33.194Z] [ERROR] Error processing Instagram account [object Object]: {}
[2025-04-29T07:04:33.194Z] [ERROR] Error processing Instagram account [object Object]: {}
[2025-04-29T07:04:33.195Z] [ERROR] Error processing Instagram account [object Object]: {}
[2025-04-29T07:04:33.543Z] [ERROR] Error extracting live stream: {}
[2025-04-29T07:04:33.964Z] [ERROR] Error extracting live stream: {}
[2025-04-29T07:04:34.531Z] [ERROR] Error extracting live stream: {}
[2025-04-29T07:04:35.135Z] [ERROR] Error extracting live stream: {}
[2025-04-29T07:04:35.608Z] [ERROR] Error extracting live stream: {}
[2025-04-29T07:04:37.276Z] [ERROR] Error processing Instagram account [object Object]: {}
[2025-04-29T07:04:37.276Z] [ERROR] Error processing Instagram account [object Object]: {}
[2025-04-29T07:04:37.276Z] [ERROR] Error processing Instagram account [object Object]: {}
[2025-04-29T07:04:37.276Z] [ERROR] Error processing Instagram account [object Object]: {}
[2025-04-29T07:04:37.277Z] [ERROR] Error processing Instagram account [object Object]: {}
[2025-04-29T07:04:37.277Z] [ERROR] Error processing Instagram account [object Object]: {}
[2025-04-29T07:04:37.277Z] [ERROR] Error processing Instagram account [object Object]: {}
[2025-04-29T07:04:37.277Z] [ERROR] Error processing Instagram account [object Object]: {}
[2025-04-29T07:04:37.278Z] [ERROR] Error processing Instagram account [object Object]: {}
[2025-04-29T07:04:37.278Z] [ERROR] Error processing Instagram account [object Object]: {}
[2025-04-29T07:04:37.278Z] [ERROR] Error processing Instagram account [object Object]: {}
[2025-04-29T07:04:37.278Z] [ERROR] Error processing Instagram account [object Object]: {}
[2025-04-29T07:04:37.278Z] [ERROR] Error processing Instagram account [object Object]: {}
[2025-04-29T07:04:37.279Z] [ERROR] Error processing Instagram account [object Object]: {}
[2025-04-29T07:04:37.279Z] [ERROR] Error processing Instagram account [object Object]: {}
[2025-04-29T07:04:37.279Z] [ERROR] Error processing Instagram account [object Object]: {}
[2025-04-29T07:04:48.082Z] [ERROR] Error extracting live stream: {}
[2025-04-29T07:04:48.186Z] [ERROR] Error processing Instagram account [object Object]: {}
[2025-04-29T07:04:48.191Z] [ERROR] Error processing Instagram account [object Object]: {}
[2025-04-29T07:04:48.193Z] [ERROR] Error processing Instagram account [object Object]: {}
[2025-04-29T07:04:48.194Z] [ERROR] Error processing Instagram account [object Object]: {}
[2025-04-29T07:04:48.196Z] [ERROR] Error processing Instagram account [object Object]: {}
[2025-04-29T07:04:48.197Z] [ERROR] Error processing Instagram account [object Object]: {}
[2025-04-29T07:04:48.198Z] [ERROR] Error processing Instagram account [object Object]: {}
[2025-04-29T07:04:48.199Z] [ERROR] Error processing Instagram account [object Object]: {}
[2025-04-29T07:04:48.200Z] [ERROR] Error processing Instagram account [object Object]: {}
[2025-04-29T07:04:48.200Z] [ERROR] Error processing Instagram account [object Object]: {}
[2025-04-29T07:04:48.201Z] [ERROR] Error processing Instagram account [object Object]: {}
[2025-04-29T07:04:48.201Z] [ERROR] Error processing Instagram account [object Object]: {}
[2025-04-29T07:04:48.201Z] [ERROR] Error processing Instagram account [object Object]: {}
[2025-04-29T07:04:48.201Z] [ERROR] Error processing Instagram account [object Object]: {}
[2025-04-29T07:04:48.206Z] [ERROR] Error processing Instagram account [object Object]: {}
[2025-04-29T07:04:48.206Z] [ERROR] Error processing Instagram account [object Object]: {}
[2025-04-29T07:04:48.655Z] [ERROR] Error extracting live stream: {}
[2025-04-29T07:04:49.078Z] [ERROR] Error extracting live stream: {}
[2025-04-29T07:04:49.535Z] [ERROR] Error extracting live stream: {}
[2025-04-29T07:04:50.140Z] [ERROR] Error extracting live stream: {}
[2025-04-29T07:04:50.640Z] [ERROR] Error extracting live stream: {}
[2025-04-29T07:04:52.276Z] [ERROR] Error processing Instagram account [object Object]: {}
[2025-04-29T07:04:52.276Z] [ERROR] Error processing Instagram account [object Object]: {}
[2025-04-29T07:04:52.277Z] [ERROR] Error processing Instagram account [object Object]: {}
[2025-04-29T07:04:52.277Z] [ERROR] Error processing Instagram account [object Object]: {}
[2025-04-29T07:04:52.277Z] [ERROR] Error processing Instagram account [object Object]: {}
[2025-04-29T07:04:52.277Z] [ERROR] Error processing Instagram account [object Object]: {}
[2025-04-29T07:04:52.278Z] [ERROR] Error processing Instagram account [object Object]: {}
[2025-04-29T07:04:52.278Z] [ERROR] Error processing Instagram account [object Object]: {}
[2025-04-29T07:04:52.279Z] [ERROR] Error processing Instagram account [object Object]: {}
[2025-04-29T07:04:52.279Z] [ERROR] Error processing Instagram account [object Object]: {}
[2025-04-29T07:04:52.279Z] [ERROR] Error processing Instagram account [object Object]: {}
[2025-04-29T07:04:52.279Z] [ERROR] Error processing Instagram account [object Object]: {}
[2025-04-29T07:04:52.280Z] [ERROR] Error processing Instagram account [object Object]: {}
[2025-04-29T07:04:52.280Z] [ERROR] Error processing Instagram account [object Object]: {}
[2025-04-29T07:04:52.280Z] [ERROR] Error processing Instagram account [object Object]: {}
[2025-04-29T07:04:52.280Z] [ERROR] Error processing Instagram account [object Object]: {}
[2025-04-29T07:05:01.592Z] [ERROR] Error scraping YouTube: 2025-04-29 07:05:01,514 - trafilatura.downloads - ERROR - not a 200 response: 404 for URL https://www.youtube.com/@OfficialJKT48/videos
2025-04-29 07:05:01,514 - web_scraper - ERROR - Failed to download content from https://www.youtube.com/@OfficialJKT48/videos

[2025-04-29T07:05:02.100Z] [ERROR] Error scraping YouTube: 2025-04-29 07:05:02,059 - trafilatura.downloads - ERROR - not a 200 response: 404 for URL https://www.youtube.com/@OfficialJKT48/videos
2025-04-29 07:05:02,059 - web_scraper - ERROR - Failed to download content from https://www.youtube.com/@OfficialJKT48/videos

[2025-04-29T07:05:03.083Z] [ERROR] Error extracting live stream: {}
[2025-04-29T07:05:03.186Z] [ERROR] Error processing Instagram account [object Object]: {}
[2025-04-29T07:05:03.188Z] [ERROR] Error processing Instagram account [object Object]: {}
[2025-04-29T07:05:03.188Z] [ERROR] Error processing Instagram account [object Object]: {}
[2025-04-29T07:05:03.189Z] [ERROR] Error processing Instagram account [object Object]: {}
[2025-04-29T07:05:03.189Z] [ERROR] Error processing Instagram account [object Object]: {}
[2025-04-29T07:05:03.189Z] [ERROR] Error processing Instagram account [object Object]: {}
[2025-04-29T07:05:03.189Z] [ERROR] Error processing Instagram account [object Object]: {}
[2025-04-29T07:05:03.190Z] [ERROR] Error processing Instagram account [object Object]: {}
[2025-04-29T07:05:03.190Z] [ERROR] Error processing Instagram account [object Object]: {}
[2025-04-29T07:05:03.191Z] [ERROR] Error processing Instagram account [object Object]: {}
[2025-04-29T07:05:03.191Z] [ERROR] Error processing Instagram account [object Object]: {}
[2025-04-29T07:05:03.192Z] [ERROR] Error processing Instagram account [object Object]: {}
[2025-04-29T07:05:03.194Z] [ERROR] Error processing Instagram account [object Object]: {}
[2025-04-29T07:05:03.196Z] [ERROR] Error processing Instagram account [object Object]: {}
[2025-04-29T07:05:03.196Z] [ERROR] Error processing Instagram account [object Object]: {}
[2025-04-29T07:05:03.197Z] [ERROR] Error processing Instagram account [object Object]: {}
[2025-04-29T07:05:03.819Z] [ERROR] Error extracting live stream: {}
[2025-04-29T07:05:04.456Z] [ERROR] Error extracting live stream: {}
[2025-04-29T07:05:05.049Z] [ERROR] Error extracting live stream: {}
[2025-04-29T07:05:05.694Z] [ERROR] Error extracting live stream: {}
[2025-04-29T07:05:06.219Z] [ERROR] Error extracting live stream: {}
[2025-04-29T07:05:07.276Z] [ERROR] Error processing Instagram account [object Object]: {}
[2025-04-29T07:05:07.276Z] [ERROR] Error processing Instagram account [object Object]: {}
[2025-04-29T07:05:07.277Z] [ERROR] Error processing Instagram account [object Object]: {}
[2025-04-29T07:05:07.277Z] [ERROR] Error processing Instagram account [object Object]: {}
[2025-04-29T07:05:07.277Z] [ERROR] Error processing Instagram account [object Object]: {}
[2025-04-29T07:05:07.277Z] [ERROR] Error processing Instagram account [object Object]: {}
[2025-04-29T07:05:07.278Z] [ERROR] Error processing Instagram account [object Object]: {}
[2025-04-29T07:05:07.278Z] [ERROR] Error processing Instagram account [object Object]: {}
[2025-04-29T07:05:07.278Z] [ERROR] Error processing Instagram account [object Object]: {}
[2025-04-29T07:05:07.278Z] [ERROR] Error processing Instagram account [object Object]: {}
[2025-04-29T07:05:07.278Z] [ERROR] Error processing Instagram account [object Object]: {}
[2025-04-29T07:05:07.279Z] [ERROR] Error processing Instagram account [object Object]: {}
[2025-04-29T07:05:07.279Z] [ERROR] Error processing Instagram account [object Object]: {}
[2025-04-29T07:05:07.279Z] [ERROR] Error processing Instagram account [object Object]: {}
[2025-04-29T07:05:07.279Z] [ERROR] Error processing Instagram account [object Object]: {}
[2025-04-29T07:05:07.280Z] [ERROR] Error processing Instagram account [object Object]: {}
[2025-04-29T07:05:18.071Z] [ERROR] Error extracting live stream: {}
[2025-04-29T07:05:18.186Z] [ERROR] Error processing Instagram account [object Object]: {}
[2025-04-29T07:05:18.187Z] [ERROR] Error processing Instagram account [object Object]: {}
[2025-04-29T07:05:18.188Z] [ERROR] Error processing Instagram account [object Object]: {}
[2025-04-29T07:05:18.188Z] [ERROR] Error processing Instagram account [object Object]: {}
[2025-04-29T07:05:18.189Z] [ERROR] Error processing Instagram account [object Object]: {}
[2025-04-29T07:05:18.189Z] [ERROR] Error processing Instagram account [object Object]: {}
[2025-04-29T07:05:18.190Z] [ERROR] Error processing Instagram account [object Object]: {}
[2025-04-29T07:05:18.191Z] [ERROR] Error processing Instagram account [object Object]: {}
[2025-04-29T07:05:18.191Z] [ERROR] Error processing Instagram account [object Object]: {}
[2025-04-29T07:05:18.192Z] [ERROR] Error processing Instagram account [object Object]: {}
[2025-04-29T07:05:18.198Z] [ERROR] Error processing Instagram account [object Object]: {}
[2025-04-29T07:05:18.198Z] [ERROR] Error processing Instagram account [object Object]: {}
[2025-04-29T07:05:18.202Z] [ERROR] Error processing Instagram account [object Object]: {}
[2025-04-29T07:05:18.202Z] [ERROR] Error processing Instagram account [object Object]: {}
[2025-04-29T07:05:18.202Z] [ERROR] Error processing Instagram account [object Object]: {}
[2025-04-29T07:05:18.203Z] [ERROR] Error processing Instagram account [object Object]: {}
[2025-04-29T07:05:18.731Z] [ERROR] Error extracting live stream: {}
[2025-04-29T07:05:19.145Z] [ERROR] Error extracting live stream: {}
[2025-04-29T07:05:19.602Z] [ERROR] Error extracting live stream: {}
[2025-04-29T07:05:20.197Z] [ERROR] Error extracting live stream: {}
[2025-04-29T07:05:20.721Z] [ERROR] Error extracting live stream: {}
[2025-04-29T07:05:22.276Z] [ERROR] Error processing Instagram account [object Object]: {}
[2025-04-29T07:05:22.276Z] [ERROR] Error processing Instagram account [object Object]: {}
[2025-04-29T07:05:22.277Z] [ERROR] Error processing Instagram account [object Object]: {}
[2025-04-29T07:05:22.277Z] [ERROR] Error processing Instagram account [object Object]: {}
[2025-04-29T07:05:22.277Z] [ERROR] Error processing Instagram account [object Object]: {}
[2025-04-29T07:05:22.277Z] [ERROR] Error processing Instagram account [object Object]: {}
[2025-04-29T07:05:22.278Z] [ERROR] Error processing Instagram account [object Object]: {}
[2025-04-29T07:05:22.278Z] [ERROR] Error processing Instagram account [object Object]: {}
[2025-04-29T07:05:22.278Z] [ERROR] Error processing Instagram account [object Object]: {}
[2025-04-29T07:05:22.278Z] [ERROR] Error processing Instagram account [object Object]: {}
[2025-04-29T07:05:22.278Z] [ERROR] Error processing Instagram account [object Object]: {}
[2025-04-29T07:05:22.279Z] [ERROR] Error processing Instagram account [object Object]: {}
[2025-04-29T07:05:22.279Z] [ERROR] Error processing Instagram account [object Object]: {}
[2025-04-29T07:05:22.279Z] [ERROR] Error processing Instagram account [object Object]: {}
[2025-04-29T07:05:22.279Z] [ERROR] Error processing Instagram account [object Object]: {}
[2025-04-29T07:05:22.279Z] [ERROR] Error processing Instagram account [object Object]: {}
[2025-04-29T07:05:32.924Z] [ERROR] Error extracting live stream: {}
[2025-04-29T07:05:33.192Z] [ERROR] Error processing Instagram account [object Object]: {}
[2025-04-29T07:05:33.194Z] [ERROR] Error processing Instagram account [object Object]: {}
[2025-04-29T07:05:33.202Z] [ERROR] Error processing Instagram account [object Object]: {}
[2025-04-29T07:05:33.211Z] [ERROR] Error processing Instagram account [object Object]: {}
[2025-04-29T07:05:33.213Z] [ERROR] Error processing Instagram account [object Object]: {}
[2025-04-29T07:05:33.220Z] [ERROR] Error processing Instagram account [object Object]: {}
[2025-04-29T07:05:33.221Z] [ERROR] Error processing Instagram account [object Object]: {}
[2025-04-29T07:05:33.224Z] [ERROR] Error processing Instagram account [object Object]: {}
[2025-04-29T07:05:33.225Z] [ERROR] Error processing Instagram account [object Object]: {}
[2025-04-29T07:05:33.226Z] [ERROR] Error processing Instagram account [object Object]: {}
[2025-04-29T07:05:33.227Z] [ERROR] Error processing Instagram account [object Object]: {}
[2025-04-29T07:05:33.229Z] [ERROR] Error processing Instagram account [object Object]: {}
[2025-04-29T07:05:33.231Z] [ERROR] Error processing Instagram account [object Object]: {}
[2025-04-29T07:05:33.231Z] [ERROR] Error processing Instagram account [object Object]: {}
[2025-04-29T07:05:33.232Z] [ERROR] Error processing Instagram account [object Object]: {}
[2025-04-29T07:05:33.232Z] [ERROR] Error processing Instagram account [object Object]: {}
[2025-04-29T07:05:33.445Z] [ERROR] Error extracting live stream: {}
[2025-04-29T07:05:33.839Z] [ERROR] Error extracting live stream: {}
[2025-04-29T07:05:34.336Z] [ERROR] Error extracting live stream: {}
[2025-04-29T07:05:34.908Z] [ERROR] Error extracting live stream: {}
[2025-04-29T07:05:35.524Z] [ERROR] Error extracting live stream: {}
[2025-04-29T07:05:37.277Z] [ERROR] Error processing Instagram account [object Object]: {}
[2025-04-29T07:05:37.277Z] [ERROR] Error processing Instagram account [object Object]: {}
[2025-04-29T07:05:37.278Z] [ERROR] Error processing Instagram account [object Object]: {}
[2025-04-29T07:05:37.278Z] [ERROR] Error processing Instagram account [object Object]: {}
[2025-04-29T07:05:37.278Z] [ERROR] Error processing Instagram account [object Object]: {}
[2025-04-29T07:05:37.279Z] [ERROR] Error processing Instagram account [object Object]: {}
[2025-04-29T07:05:37.279Z] [ERROR] Error processing Instagram account [object Object]: {}
[2025-04-29T07:05:37.279Z] [ERROR] Error processing Instagram account [object Object]: {}
[2025-04-29T07:05:37.280Z] [ERROR] Error processing Instagram account [object Object]: {}
[2025-04-29T07:05:37.280Z] [ERROR] Error processing Instagram account [object Object]: {}
[2025-04-29T07:05:37.280Z] [ERROR] Error processing Instagram account [object Object]: {}
[2025-04-29T07:05:37.280Z] [ERROR] Error processing Instagram account [object Object]: {}
[2025-04-29T07:05:37.281Z] [ERROR] Error processing Instagram account [object Object]: {}
[2025-04-29T07:05:37.281Z] [ERROR] Error processing Instagram account [object Object]: {}
[2025-04-29T07:05:37.281Z] [ERROR] Error processing Instagram account [object Object]: {}
[2025-04-29T07:05:37.281Z] [ERROR] Error processing Instagram account [object Object]: {}
[2025-04-29T07:05:48.104Z] [ERROR] Error extracting live stream: {}
[2025-04-29T07:05:48.193Z] [ERROR] Error processing Instagram account [object Object]: {}
[2025-04-29T07:05:48.195Z] [ERROR] Error processing Instagram account [object Object]: {}
[2025-04-29T07:05:48.195Z] [ERROR] Error processing Instagram account [object Object]: {}
[2025-04-29T07:05:48.196Z] [ERROR] Error processing Instagram account [object Object]: {}
[2025-04-29T07:05:48.197Z] [ERROR] Error processing Instagram account [object Object]: {}
[2025-04-29T07:05:48.198Z] [ERROR] Error processing Instagram account [object Object]: {}
[2025-04-29T07:05:48.199Z] [ERROR] Error processing Instagram account [object Object]: {}
[2025-04-29T07:05:48.200Z] [ERROR] Error processing Instagram account [object Object]: {}
[2025-04-29T07:05:48.201Z] [ERROR] Error processing Instagram account [object Object]: {}
[2025-04-29T07:05:48.205Z] [ERROR] Error processing Instagram account [object Object]: {}
[2025-04-29T07:05:48.206Z] [ERROR] Error processing Instagram account [object Object]: {}
[2025-04-29T07:05:48.207Z] [ERROR] Error processing Instagram account [object Object]: {}
[2025-04-29T07:05:48.209Z] [ERROR] Error processing Instagram account [object Object]: {}
[2025-04-29T07:05:48.210Z] [ERROR] Error processing Instagram account [object Object]: {}
[2025-04-29T07:05:48.211Z] [ERROR] Error processing Instagram account [object Object]: {}
[2025-04-29T07:05:48.212Z] [ERROR] Error processing Instagram account [object Object]: {}
[2025-04-29T07:05:48.793Z] [ERROR] Error extracting live stream: {}
[2025-04-29T07:05:49.256Z] [ERROR] Error extracting live stream: {}
[2025-04-29T07:05:49.887Z] [ERROR] Error extracting live stream: {}
[2025-04-29T07:05:50.533Z] [ERROR] Error extracting live stream: {}
[2025-04-29T07:05:51.228Z] [ERROR] Error extracting live stream: {}
[2025-04-29T07:05:52.277Z] [ERROR] Error processing Instagram account [object Object]: {}
[2025-04-29T07:05:52.278Z] [ERROR] Error processing Instagram account [object Object]: {}
[2025-04-29T07:05:52.279Z] [ERROR] Error processing Instagram account [object Object]: {}
[2025-04-29T07:05:52.279Z] [ERROR] Error processing Instagram account [object Object]: {}
[2025-04-29T07:05:52.280Z] [ERROR] Error processing Instagram account [object Object]: {}
[2025-04-29T07:05:52.280Z] [ERROR] Error processing Instagram account [object Object]: {}
[2025-04-29T07:05:52.281Z] [ERROR] Error processing Instagram account [object Object]: {}
[2025-04-29T07:05:52.282Z] [ERROR] Error processing Instagram account [object Object]: {}
[2025-04-29T07:05:52.283Z] [ERROR] Error processing Instagram account [object Object]: {}
[2025-04-29T07:05:52.285Z] [ERROR] Error processing Instagram account [object Object]: {}
[2025-04-29T07:05:52.286Z] [ERROR] Error processing Instagram account [object Object]: {}
[2025-04-29T07:05:52.288Z] [ERROR] Error processing Instagram account [object Object]: {}
[2025-04-29T07:05:52.288Z] [ERROR] Error processing Instagram account [object Object]: {}
[2025-04-29T07:05:52.288Z] [ERROR] Error processing Instagram account [object Object]: {}
[2025-04-29T07:05:52.288Z] [ERROR] Error processing Instagram account [object Object]: {}
[2025-04-29T07:05:52.289Z] [ERROR] Error processing Instagram account [object Object]: {}
[2025-04-29T07:06:03.196Z] [ERROR] Error processing Instagram account [object Object]: {}
[2025-04-29T07:06:03.197Z] [ERROR] Error processing Instagram account [object Object]: {}
[2025-04-29T07:06:03.197Z] [ERROR] Error processing Instagram account [object Object]: {}
[2025-04-29T07:06:03.197Z] [ERROR] Error processing Instagram account [object Object]: {}
[2025-04-29T07:06:03.197Z] [ERROR] Error processing Instagram account [object Object]: {}
[2025-04-29T07:06:03.197Z] [ERROR] Error processing Instagram account [object Object]: {}
[2025-04-29T07:06:03.198Z] [ERROR] Error processing Instagram account [object Object]: {}
[2025-04-29T07:06:03.198Z] [ERROR] Error processing Instagram account [object Object]: {}
[2025-04-29T07:06:03.201Z] [ERROR] Error processing Instagram account [object Object]: {}
[2025-04-29T07:06:03.203Z] [ERROR] Error processing Instagram account [object Object]: {}
[2025-04-29T07:06:03.203Z] [ERROR] Error processing Instagram account [object Object]: {}
[2025-04-29T07:06:03.204Z] [ERROR] Error processing Instagram account [object Object]: {}
[2025-04-29T07:06:03.206Z] [ERROR] Error processing Instagram account [object Object]: {}
[2025-04-29T07:06:03.207Z] [ERROR] Error processing Instagram account [object Object]: {}
[2025-04-29T07:06:03.208Z] [ERROR] Error processing Instagram account [object Object]: {}
[2025-04-29T07:06:03.208Z] [ERROR] Error processing Instagram account [object Object]: {}
[2025-04-29T07:06:03.881Z] [ERROR] Error extracting live stream: {}
[2025-04-29T07:06:05.568Z] [ERROR] Error extracting live stream: {}
[2025-04-29T07:06:06.368Z] [ERROR] Error extracting live stream: {}
[2025-04-29T07:06:08.135Z] [ERROR] Error extracting live stream: {}
[2025-04-29T07:06:08.620Z] [ERROR] Error processing Instagram account [object Object]: {}
[2025-04-29T07:06:08.621Z] [ERROR] Error processing Instagram account [object Object]: {}
[2025-04-29T07:06:08.622Z] [ERROR] Error processing Instagram account [object Object]: {}
[2025-04-29T07:06:08.622Z] [ERROR] Error processing Instagram account [object Object]: {}
[2025-04-29T07:06:08.622Z] [ERROR] Error processing Instagram account [object Object]: {}
[2025-04-29T07:06:08.622Z] [ERROR] Error processing Instagram account [object Object]: {}
[2025-04-29T07:06:08.622Z] [ERROR] Error processing Instagram account [object Object]: {}
[2025-04-29T07:06:08.622Z] [ERROR] Error processing Instagram account [object Object]: {}
[2025-04-29T07:06:08.623Z] [ERROR] Error processing Instagram account [object Object]: {}
[2025-04-29T07:06:08.623Z] [ERROR] Error processing Instagram account [object Object]: {}
[2025-04-29T07:06:08.623Z] [ERROR] Error processing Instagram account [object Object]: {}
[2025-04-29T07:06:08.624Z] [ERROR] Error processing Instagram account [object Object]: {}
[2025-04-29T07:06:08.626Z] [ERROR] Error processing Instagram account [object Object]: {}
[2025-04-29T07:06:08.626Z] [ERROR] Error processing Instagram account [object Object]: {}
[2025-04-29T07:06:08.626Z] [ERROR] Error processing Instagram account [object Object]: {}
[2025-04-29T07:06:08.627Z] [ERROR] Error processing Instagram account [object Object]: {}
[2025-04-29T07:06:09.236Z] [ERROR] Error extracting live stream: {}
[2025-04-29T07:06:10.081Z] [ERROR] Error extracting live stream: {}
[2025-04-29T07:06:18.195Z] [ERROR] Error processing Instagram account [object Object]: {}
[2025-04-29T07:06:18.203Z] [ERROR] Error processing Instagram account [object Object]: {}
[2025-04-29T07:06:18.206Z] [ERROR] Error processing Instagram account [object Object]: {}
[2025-04-29T07:06:18.211Z] [ERROR] Error processing Instagram account [object Object]: {}
[2025-04-29T07:06:18.215Z] [ERROR] Error processing Instagram account [object Object]: {}
[2025-04-29T07:06:18.224Z] [ERROR] Error processing Instagram account [object Object]: {}
[2025-04-29T07:06:18.235Z] [ERROR] Error processing Instagram account [object Object]: {}
[2025-04-29T07:06:18.254Z] [ERROR] Error processing Instagram account [object Object]: {}
[2025-04-29T07:06:18.256Z] [ERROR] Error processing Instagram account [object Object]: {}
[2025-04-29T07:06:18.256Z] [ERROR] Error processing Instagram account [object Object]: {}
[2025-04-29T07:06:18.256Z] [ERROR] Error processing Instagram account [object Object]: {}
[2025-04-29T07:06:18.257Z] [ERROR] Error processing Instagram account [object Object]: {}
[2025-04-29T07:06:18.257Z] [ERROR] Error processing Instagram account [object Object]: {}
[2025-04-29T07:06:18.258Z] [ERROR] Error processing Instagram account [object Object]: {}
[2025-04-29T07:06:18.258Z] [ERROR] Error processing Instagram account [object Object]: {}
[2025-04-29T07:06:18.267Z] [ERROR] Error processing Instagram account [object Object]: {}
[2025-04-29T07:06:18.800Z] [ERROR] Error extracting live stream: {}
[2025-04-29T07:06:20.777Z] [ERROR] Error extracting live stream: {}
[2025-04-29T07:06:21.628Z] [ERROR] Error extracting live stream: {}
[2025-04-29T07:06:22.800Z] [ERROR] Error extracting live stream: {}
[2025-04-29T07:06:23.620Z] [ERROR] Error processing Instagram account [object Object]: {}
[2025-04-29T07:06:23.621Z] [ERROR] Error processing Instagram account [object Object]: {}
[2025-04-29T07:06:23.621Z] [ERROR] Error processing Instagram account [object Object]: {}
[2025-04-29T07:06:23.622Z] [ERROR] Error processing Instagram account [object Object]: {}
[2025-04-29T07:06:23.627Z] [ERROR] Error processing Instagram account [object Object]: {}
[2025-04-29T07:06:23.627Z] [ERROR] Error processing Instagram account [object Object]: {}
[2025-04-29T07:06:23.628Z] [ERROR] Error processing Instagram account [object Object]: {}
[2025-04-29T07:06:23.630Z] [ERROR] Error processing Instagram account [object Object]: {}
[2025-04-29T07:06:23.631Z] [ERROR] Error processing Instagram account [object Object]: {}
[2025-04-29T07:06:23.631Z] [ERROR] Error processing Instagram account [object Object]: {}
[2025-04-29T07:06:23.632Z] [ERROR] Error processing Instagram account [object Object]: {}
[2025-04-29T07:06:23.637Z] [ERROR] Error processing Instagram account [object Object]: {}
[2025-04-29T07:06:23.637Z] [ERROR] Error processing Instagram account [object Object]: {}
[2025-04-29T07:06:23.638Z] [ERROR] Error processing Instagram account [object Object]: {}
[2025-04-29T07:06:23.638Z] [ERROR] Error processing Instagram account [object Object]: {}
[2025-04-29T07:06:23.638Z] [ERROR] Error processing Instagram account [object Object]: {}
[2025-04-29T07:06:24.279Z] [ERROR] Error extracting live stream: {}
[2025-04-29T07:06:25.855Z] [ERROR] Error extracting live stream: {}
[2025-04-29T07:06:33.196Z] [ERROR] Error processing Instagram account [object Object]: {}
[2025-04-29T07:06:33.213Z] [ERROR] Error processing Instagram account [object Object]: {}
[2025-04-29T07:06:33.223Z] [ERROR] Error processing Instagram account [object Object]: {}
[2025-04-29T07:06:33.225Z] [ERROR] Error processing Instagram account [object Object]: {}
[2025-04-29T07:06:33.247Z] [ERROR] Error processing Instagram account [object Object]: {}
[2025-04-29T07:06:33.249Z] [ERROR] Error processing Instagram account [object Object]: {}
[2025-04-29T07:06:33.251Z] [ERROR] Error processing Instagram account [object Object]: {}
[2025-04-29T07:06:33.252Z] [ERROR] Error processing Instagram account [object Object]: {}
[2025-04-29T07:06:33.256Z] [ERROR] Error processing Instagram account [object Object]: {}
[2025-04-29T07:06:33.259Z] [ERROR] Error processing Instagram account [object Object]: {}
[2025-04-29T07:06:33.265Z] [ERROR] Error processing Instagram account [object Object]: {}
[2025-04-29T07:06:33.271Z] [ERROR] Error processing Instagram account [object Object]: {}
[2025-04-29T07:06:33.272Z] [ERROR] Error processing Instagram account [object Object]: {}
[2025-04-29T07:06:33.272Z] [ERROR] Error processing Instagram account [object Object]: {}
[2025-04-29T07:06:33.272Z] [ERROR] Error processing Instagram account [object Object]: {}
[2025-04-29T07:06:33.272Z] [ERROR] Error processing Instagram account [object Object]: {}
[2025-04-29T07:06:33.487Z] [ERROR] Error extracting live stream: {}
[2025-04-29T07:06:34.584Z] [ERROR] Error extracting live stream: {}
[2025-04-29T07:06:35.514Z] [ERROR] Error extracting live stream: {}
[2025-04-29T07:06:36.653Z] [ERROR] Error extracting live stream: {}
[2025-04-29T07:06:38.861Z] [ERROR] Error extracting live stream: {}
[2025-04-29T07:06:39.594Z] [ERROR] Error processing Instagram account [object Object]: {}
[2025-04-29T07:06:39.597Z] [ERROR] Error processing Instagram account [object Object]: {}
[2025-04-29T07:06:39.602Z] [ERROR] Error processing Instagram account [object Object]: {}
[2025-04-29T07:06:39.604Z] [ERROR] Error processing Instagram account [object Object]: {}
[2025-04-29T07:06:39.605Z] [ERROR] Error processing Instagram account [object Object]: {}
[2025-04-29T07:06:39.607Z] [ERROR] Error processing Instagram account [object Object]: {}
[2025-04-29T07:06:39.609Z] [ERROR] Error processing Instagram account [object Object]: {}
[2025-04-29T07:06:39.612Z] [ERROR] Error processing Instagram account [object Object]: {}
[2025-04-29T07:06:39.613Z] [ERROR] Error processing Instagram account [object Object]: {}
[2025-04-29T07:06:39.614Z] [ERROR] Error processing Instagram account [object Object]: {}
[2025-04-29T07:06:39.616Z] [ERROR] Error processing Instagram account [object Object]: {}
[2025-04-29T07:06:39.619Z] [ERROR] Error processing Instagram account [object Object]: {}
[2025-04-29T07:06:39.620Z] [ERROR] Error processing Instagram account [object Object]: {}
[2025-04-29T07:06:39.621Z] [ERROR] Error processing Instagram account [object Object]: {}
[2025-04-29T07:06:39.621Z] [ERROR] Error processing Instagram account [object Object]: {}
[2025-04-29T07:06:39.622Z] [ERROR] Error processing Instagram account [object Object]: {}
[2025-04-29T07:06:40.130Z] [ERROR] Error extracting live stream: {}
[2025-04-29T07:06:48.196Z] [ERROR] Error processing Instagram account [object Object]: {}
[2025-04-29T07:06:48.198Z] [ERROR] Error processing Instagram account [object Object]: {}
[2025-04-29T07:06:48.200Z] [ERROR] Error processing Instagram account [object Object]: {}
[2025-04-29T07:06:48.201Z] [ERROR] Error processing Instagram account [object Object]: {}
[2025-04-29T07:06:48.202Z] [ERROR] Error processing Instagram account [object Object]: {}
[2025-04-29T07:06:48.202Z] [ERROR] Error processing Instagram account [object Object]: {}
[2025-04-29T07:06:48.203Z] [ERROR] Error processing Instagram account [object Object]: {}
[2025-04-29T07:06:48.203Z] [ERROR] Error processing Instagram account [object Object]: {}
[2025-04-29T07:06:48.205Z] [ERROR] Error processing Instagram account [object Object]: {}
[2025-04-29T07:06:48.205Z] [ERROR] Error processing Instagram account [object Object]: {}
[2025-04-29T07:06:48.207Z] [ERROR] Error processing Instagram account [object Object]: {}
[2025-04-29T07:06:48.220Z] [ERROR] Error processing Instagram account [object Object]: {}
[2025-04-29T07:06:48.224Z] [ERROR] Error processing Instagram account [object Object]: {}
[2025-04-29T07:06:48.231Z] [ERROR] Error processing Instagram account [object Object]: {}
[2025-04-29T07:06:48.233Z] [ERROR] Error processing Instagram account [object Object]: {}
[2025-04-29T07:06:48.237Z] [ERROR] Error processing Instagram account [object Object]: {}
[2025-04-29T07:06:48.303Z] [ERROR] Error extracting live stream: {}
[2025-04-29T07:06:49.372Z] [ERROR] Error extracting live stream: {}
[2025-04-29T07:06:49.730Z] [ERROR] Error extracting live stream: {}
[2025-04-29T07:06:50.178Z] [ERROR] Error extracting live stream: {}
[2025-04-29T07:06:50.817Z] [ERROR] Error extracting live stream: {}
[2025-04-29T07:06:51.582Z] [ERROR] Error extracting live stream: {}
[2025-04-29T07:06:54.593Z] [ERROR] Error processing Instagram account [object Object]: {}
[2025-04-29T07:06:54.594Z] [ERROR] Error processing Instagram account [object Object]: {}
[2025-04-29T07:06:54.595Z] [ERROR] Error processing Instagram account [object Object]: {}
[2025-04-29T07:06:54.595Z] [ERROR] Error processing Instagram account [object Object]: {}
[2025-04-29T07:06:54.595Z] [ERROR] Error processing Instagram account [object Object]: {}
[2025-04-29T07:06:54.596Z] [ERROR] Error processing Instagram account [object Object]: {}
[2025-04-29T07:06:54.596Z] [ERROR] Error processing Instagram account [object Object]: {}
[2025-04-29T07:06:54.596Z] [ERROR] Error processing Instagram account [object Object]: {}
[2025-04-29T07:06:54.596Z] [ERROR] Error processing Instagram account [object Object]: {}
[2025-04-29T07:06:54.596Z] [ERROR] Error processing Instagram account [object Object]: {}
[2025-04-29T07:06:54.597Z] [ERROR] Error processing Instagram account [object Object]: {}
[2025-04-29T07:06:54.597Z] [ERROR] Error processing Instagram account [object Object]: {}
[2025-04-29T07:06:54.597Z] [ERROR] Error processing Instagram account [object Object]: {}
[2025-04-29T07:06:54.597Z] [ERROR] Error processing Instagram account [object Object]: {}
[2025-04-29T07:06:54.598Z] [ERROR] Error processing Instagram account [object Object]: {}
[2025-04-29T07:06:54.598Z] [ERROR] Error processing Instagram account [object Object]: {}
[2025-04-29T07:07:03.086Z] [ERROR] Error extracting live stream: {}
[2025-04-29T07:07:03.197Z] [ERROR] Error processing Instagram account [object Object]: {}
[2025-04-29T07:07:03.215Z] [ERROR] Error processing Instagram account [object Object]: {}
[2025-04-29T07:07:03.223Z] [ERROR] Error processing Instagram account [object Object]: {}
[2025-04-29T07:07:03.245Z] [ERROR] Error processing Instagram account [object Object]: {}
[2025-04-29T07:07:03.247Z] [ERROR] Error processing Instagram account [object Object]: {}
[2025-04-29T07:07:03.247Z] [ERROR] Error processing Instagram account [object Object]: {}
[2025-04-29T07:07:03.247Z] [ERROR] Error processing Instagram account [object Object]: {}
[2025-04-29T07:07:03.248Z] [ERROR] Error processing Instagram account [object Object]: {}
[2025-04-29T07:07:03.248Z] [ERROR] Error processing Instagram account [object Object]: {}
[2025-04-29T07:07:03.248Z] [ERROR] Error processing Instagram account [object Object]: {}
[2025-04-29T07:07:03.248Z] [ERROR] Error processing Instagram account [object Object]: {}
[2025-04-29T07:07:03.249Z] [ERROR] Error processing Instagram account [object Object]: {}
[2025-04-29T07:07:03.249Z] [ERROR] Error processing Instagram account [object Object]: {}
[2025-04-29T07:07:03.249Z] [ERROR] Error processing Instagram account [object Object]: {}
[2025-04-29T07:07:03.249Z] [ERROR] Error processing Instagram account [object Object]: {}
[2025-04-29T07:07:03.250Z] [ERROR] Error processing Instagram account [object Object]: {}
[2025-04-29T07:07:03.695Z] [ERROR] Error extracting live stream: {}
[2025-04-29T07:07:04.123Z] [ERROR] Error extracting live stream: {}
[2025-04-29T07:07:04.660Z] [ERROR] Error extracting live stream: {}
[2025-04-29T07:07:05.397Z] [ERROR] Error extracting live stream: {}
[2025-04-29T07:07:05.956Z] [ERROR] Error extracting live stream: {}
[2025-04-29T07:07:09.594Z] [ERROR] Error processing Instagram account [object Object]: {}
[2025-04-29T07:07:09.595Z] [ERROR] Error processing Instagram account [object Object]: {}
[2025-04-29T07:07:09.595Z] [ERROR] Error processing Instagram account [object Object]: {}
[2025-04-29T07:07:09.595Z] [ERROR] Error processing Instagram account [object Object]: {}
[2025-04-29T07:07:09.596Z] [ERROR] Error processing Instagram account [object Object]: {}
[2025-04-29T07:07:09.596Z] [ERROR] Error processing Instagram account [object Object]: {}
[2025-04-29T07:07:09.596Z] [ERROR] Error processing Instagram account [object Object]: {}
[2025-04-29T07:07:09.596Z] [ERROR] Error processing Instagram account [object Object]: {}
[2025-04-29T07:07:09.596Z] [ERROR] Error processing Instagram account [object Object]: {}
[2025-04-29T07:07:09.597Z] [ERROR] Error processing Instagram account [object Object]: {}
[2025-04-29T07:07:09.597Z] [ERROR] Error processing Instagram account [object Object]: {}
[2025-04-29T07:07:09.597Z] [ERROR] Error processing Instagram account [object Object]: {}
[2025-04-29T07:07:09.597Z] [ERROR] Error processing Instagram account [object Object]: {}
[2025-04-29T07:07:09.597Z] [ERROR] Error processing Instagram account [object Object]: {}
[2025-04-29T07:07:09.597Z] [ERROR] Error processing Instagram account [object Object]: {}
[2025-04-29T07:07:09.598Z] [ERROR] Error processing Instagram account [object Object]: {}
[2025-04-29T07:07:18.084Z] [ERROR] Error extracting live stream: {}
[2025-04-29T07:07:18.198Z] [ERROR] Error processing Instagram account [object Object]: {}
[2025-04-29T07:07:18.200Z] [ERROR] Error processing Instagram account [object Object]: {}
[2025-04-29T07:07:18.201Z] [ERROR] Error processing Instagram account [object Object]: {}
[2025-04-29T07:07:18.201Z] [ERROR] Error processing Instagram account [object Object]: {}
[2025-04-29T07:07:18.202Z] [ERROR] Error processing Instagram account [object Object]: {}
[2025-04-29T07:07:18.202Z] [ERROR] Error processing Instagram account [object Object]: {}
[2025-04-29T07:07:18.203Z] [ERROR] Error processing Instagram account [object Object]: {}
[2025-04-29T07:07:18.203Z] [ERROR] Error processing Instagram account [object Object]: {}
[2025-04-29T07:07:18.204Z] [ERROR] Error processing Instagram account [object Object]: {}
[2025-04-29T07:07:18.205Z] [ERROR] Error processing Instagram account [object Object]: {}
[2025-04-29T07:07:18.206Z] [ERROR] Error processing Instagram account [object Object]: {}
[2025-04-29T07:07:18.206Z] [ERROR] Error processing Instagram account [object Object]: {}
[2025-04-29T07:07:18.206Z] [ERROR] Error processing Instagram account [object Object]: {}
[2025-04-29T07:07:18.206Z] [ERROR] Error processing Instagram account [object Object]: {}
[2025-04-29T07:07:18.206Z] [ERROR] Error processing Instagram account [object Object]: {}
[2025-04-29T07:07:18.207Z] [ERROR] Error processing Instagram account [object Object]: {}
[2025-04-29T07:07:18.667Z] [ERROR] Error extracting live stream: {}
[2025-04-29T07:07:19.076Z] [ERROR] Error extracting live stream: {}
[2025-04-29T07:07:19.503Z] [ERROR] Error extracting live stream: {}
[2025-04-29T07:07:20.134Z] [ERROR] Error extracting live stream: {}
[2025-04-29T07:07:20.762Z] [ERROR] Error extracting live stream: {}
[2025-04-29T07:07:24.595Z] [ERROR] Error processing Instagram account [object Object]: {}
[2025-04-29T07:07:24.595Z] [ERROR] Error processing Instagram account [object Object]: {}
[2025-04-29T07:07:24.595Z] [ERROR] Error processing Instagram account [object Object]: {}
[2025-04-29T07:07:24.595Z] [ERROR] Error processing Instagram account [object Object]: {}
[2025-04-29T07:07:24.596Z] [ERROR] Error processing Instagram account [object Object]: {}
[2025-04-29T07:07:24.596Z] [ERROR] Error processing Instagram account [object Object]: {}
[2025-04-29T07:07:24.596Z] [ERROR] Error processing Instagram account [object Object]: {}
[2025-04-29T07:07:24.596Z] [ERROR] Error processing Instagram account [object Object]: {}
[2025-04-29T07:07:24.597Z] [ERROR] Error processing Instagram account [object Object]: {}
[2025-04-29T07:07:24.597Z] [ERROR] Error processing Instagram account [object Object]: {}
[2025-04-29T07:07:24.597Z] [ERROR] Error processing Instagram account [object Object]: {}
[2025-04-29T07:07:24.597Z] [ERROR] Error processing Instagram account [object Object]: {}
[2025-04-29T07:07:24.598Z] [ERROR] Error processing Instagram account [object Object]: {}
[2025-04-29T07:07:24.598Z] [ERROR] Error processing Instagram account [object Object]: {}
[2025-04-29T07:07:24.598Z] [ERROR] Error processing Instagram account [object Object]: {}
[2025-04-29T07:07:24.598Z] [ERROR] Error processing Instagram account [object Object]: {}
[2025-04-29T07:07:33.029Z] [ERROR] Error extracting live stream: {}
[2025-04-29T07:07:33.199Z] [ERROR] Error processing Instagram account [object Object]: {}
[2025-04-29T07:07:33.201Z] [ERROR] Error processing Instagram account [object Object]: {}
[2025-04-29T07:07:33.202Z] [ERROR] Error processing Instagram account [object Object]: {}
[2025-04-29T07:07:33.203Z] [ERROR] Error processing Instagram account [object Object]: {}
[2025-04-29T07:07:33.205Z] [ERROR] Error processing Instagram account [object Object]: {}
[2025-04-29T07:07:33.205Z] [ERROR] Error processing Instagram account [object Object]: {}
[2025-04-29T07:07:33.205Z] [ERROR] Error processing Instagram account [object Object]: {}
[2025-04-29T07:07:33.208Z] [ERROR] Error processing Instagram account [object Object]: {}
[2025-04-29T07:07:33.210Z] [ERROR] Error processing Instagram account [object Object]: {}
[2025-04-29T07:07:33.213Z] [ERROR] Error processing Instagram account [object Object]: {}
[2025-04-29T07:07:33.214Z] [ERROR] Error processing Instagram account [object Object]: {}
[2025-04-29T07:07:33.215Z] [ERROR] Error processing Instagram account [object Object]: {}
[2025-04-29T07:07:33.216Z] [ERROR] Error processing Instagram account [object Object]: {}
[2025-04-29T07:07:33.216Z] [ERROR] Error processing Instagram account [object Object]: {}
[2025-04-29T07:07:33.217Z] [ERROR] Error processing Instagram account [object Object]: {}
[2025-04-29T07:07:33.217Z] [ERROR] Error processing Instagram account [object Object]: {}
[2025-04-29T07:07:33.636Z] [ERROR] Error extracting live stream: {}
[2025-04-29T07:07:34.058Z] [ERROR] Error extracting live stream: {}
[2025-04-29T07:07:34.532Z] [ERROR] Error extracting live stream: {}
[2025-04-29T07:07:35.096Z] [ERROR] Error extracting live stream: {}
[2025-04-29T07:07:35.676Z] [ERROR] Error extracting live stream: {}
[2025-04-29T07:07:39.596Z] [ERROR] Error processing Instagram account [object Object]: {}
[2025-04-29T07:07:39.598Z] [ERROR] Error processing Instagram account [object Object]: {}
[2025-04-29T07:07:39.600Z] [ERROR] Error processing Instagram account [object Object]: {}
[2025-04-29T07:07:39.600Z] [ERROR] Error processing Instagram account [object Object]: {}
[2025-04-29T07:07:39.604Z] [ERROR] Error processing Instagram account [object Object]: {}
[2025-04-29T07:07:39.604Z] [ERROR] Error processing Instagram account [object Object]: {}
[2025-04-29T07:07:39.605Z] [ERROR] Error processing Instagram account [object Object]: {}
[2025-04-29T07:07:39.605Z] [ERROR] Error processing Instagram account [object Object]: {}
[2025-04-29T07:07:39.605Z] [ERROR] Error processing Instagram account [object Object]: {}
[2025-04-29T07:07:39.605Z] [ERROR] Error processing Instagram account [object Object]: {}
[2025-04-29T07:07:39.606Z] [ERROR] Error processing Instagram account [object Object]: {}
[2025-04-29T07:07:39.607Z] [ERROR] Error processing Instagram account [object Object]: {}
[2025-04-29T07:07:39.608Z] [ERROR] Error processing Instagram account [object Object]: {}
[2025-04-29T07:07:39.610Z] [ERROR] Error processing Instagram account [object Object]: {}
[2025-04-29T07:07:39.612Z] [ERROR] Error processing Instagram account [object Object]: {}
[2025-04-29T07:07:39.613Z] [ERROR] Error processing Instagram account [object Object]: {}
[2025-04-29T07:07:48.072Z] [ERROR] Error extracting live stream: {}
[2025-04-29T07:07:48.200Z] [ERROR] Error processing Instagram account [object Object]: {}
[2025-04-29T07:07:48.200Z] [ERROR] Error processing Instagram account [object Object]: {}
[2025-04-29T07:07:48.200Z] [ERROR] Error processing Instagram account [object Object]: {}
[2025-04-29T07:07:48.201Z] [ERROR] Error processing Instagram account [object Object]: {}
[2025-04-29T07:07:48.201Z] [ERROR] Error processing Instagram account [object Object]: {}
[2025-04-29T07:07:48.201Z] [ERROR] Error processing Instagram account [object Object]: {}
[2025-04-29T07:07:48.202Z] [ERROR] Error processing Instagram account [object Object]: {}
[2025-04-29T07:07:48.202Z] [ERROR] Error processing Instagram account [object Object]: {}
[2025-04-29T07:07:48.202Z] [ERROR] Error processing Instagram account [object Object]: {}
[2025-04-29T07:07:48.202Z] [ERROR] Error processing Instagram account [object Object]: {}
[2025-04-29T07:07:48.203Z] [ERROR] Error processing Instagram account [object Object]: {}
[2025-04-29T07:07:48.203Z] [ERROR] Error processing Instagram account [object Object]: {}
[2025-04-29T07:07:48.204Z] [ERROR] Error processing Instagram account [object Object]: {}
[2025-04-29T07:07:48.204Z] [ERROR] Error processing Instagram account [object Object]: {}
[2025-04-29T07:07:48.204Z] [ERROR] Error processing Instagram account [object Object]: {}
[2025-04-29T07:07:48.205Z] [ERROR] Error processing Instagram account [object Object]: {}
[2025-04-29T07:07:48.719Z] [ERROR] Error extracting live stream: {}
[2025-04-29T07:07:49.233Z] [ERROR] Error extracting live stream: {}
[2025-04-29T07:07:49.713Z] [ERROR] Error extracting live stream: {}
[2025-04-29T07:07:50.309Z] [ERROR] Error extracting live stream: {}
[2025-04-29T07:07:50.929Z] [ERROR] Error extracting live stream: {}
[2025-04-29T07:07:54.596Z] [ERROR] Error processing Instagram account [object Object]: {}
[2025-04-29T07:07:54.597Z] [ERROR] Error processing Instagram account [object Object]: {}
[2025-04-29T07:07:54.598Z] [ERROR] Error processing Instagram account [object Object]: {}
[2025-04-29T07:07:54.599Z] [ERROR] Error processing Instagram account [object Object]: {}
[2025-04-29T07:07:54.599Z] [ERROR] Error processing Instagram account [object Object]: {}
[2025-04-29T07:07:54.599Z] [ERROR] Error processing Instagram account [object Object]: {}
[2025-04-29T07:07:54.599Z] [ERROR] Error processing Instagram account [object Object]: {}
[2025-04-29T07:07:54.600Z] [ERROR] Error processing Instagram account [object Object]: {}
[2025-04-29T07:07:54.600Z] [ERROR] Error processing Instagram account [object Object]: {}
[2025-04-29T07:07:54.600Z] [ERROR] Error processing Instagram account [object Object]: {}
[2025-04-29T07:07:54.600Z] [ERROR] Error processing Instagram account [object Object]: {}
[2025-04-29T07:07:54.602Z] [ERROR] Error processing Instagram account [object Object]: {}
[2025-04-29T07:07:54.603Z] [ERROR] Error processing Instagram account [object Object]: {}
[2025-04-29T07:07:54.603Z] [ERROR] Error processing Instagram account [object Object]: {}
[2025-04-29T07:07:54.603Z] [ERROR] Error processing Instagram account [object Object]: {}
[2025-04-29T07:07:54.603Z] [ERROR] Error processing Instagram account [object Object]: {}
[2025-04-29T07:08:03.049Z] [ERROR] Error extracting live stream: {}
[2025-04-29T07:08:03.201Z] [ERROR] Error processing Instagram account [object Object]: {}
[2025-04-29T07:08:03.202Z] [ERROR] Error processing Instagram account [object Object]: {}
[2025-04-29T07:08:03.202Z] [ERROR] Error processing Instagram account [object Object]: {}
[2025-04-29T07:08:03.203Z] [ERROR] Error processing Instagram account [object Object]: {}
[2025-04-29T07:08:03.203Z] [ERROR] Error processing Instagram account [object Object]: {}
[2025-04-29T07:08:03.203Z] [ERROR] Error processing Instagram account [object Object]: {}
[2025-04-29T07:08:03.204Z] [ERROR] Error processing Instagram account [object Object]: {}
[2025-04-29T07:08:03.205Z] [ERROR] Error processing Instagram account [object Object]: {}
[2025-04-29T07:08:03.205Z] [ERROR] Error processing Instagram account [object Object]: {}
[2025-04-29T07:08:03.206Z] [ERROR] Error processing Instagram account [object Object]: {}
[2025-04-29T07:08:03.206Z] [ERROR] Error processing Instagram account [object Object]: {}
[2025-04-29T07:08:03.206Z] [ERROR] Error processing Instagram account [object Object]: {}
[2025-04-29T07:08:03.207Z] [ERROR] Error processing Instagram account [object Object]: {}
[2025-04-29T07:08:03.207Z] [ERROR] Error processing Instagram account [object Object]: {}
[2025-04-29T07:08:03.208Z] [ERROR] Error processing Instagram account [object Object]: {}
[2025-04-29T07:08:03.208Z] [ERROR] Error processing Instagram account [object Object]: {}
[2025-04-29T07:08:03.749Z] [ERROR] Error extracting live stream: {}
[2025-04-29T07:08:04.069Z] [ERROR] Error extracting live stream: {}
[2025-04-29T07:08:04.661Z] [ERROR] Error extracting live stream: {}
[2025-04-29T07:08:05.271Z] [ERROR] Error extracting live stream: {}
[2025-04-29T07:08:05.829Z] [ERROR] Error extracting live stream: {}
[2025-04-29T07:08:09.595Z] [ERROR] Error processing Instagram account [object Object]: {}
[2025-04-29T07:08:09.596Z] [ERROR] Error processing Instagram account [object Object]: {}
[2025-04-29T07:08:09.596Z] [ERROR] Error processing Instagram account [object Object]: {}
[2025-04-29T07:08:09.596Z] [ERROR] Error processing Instagram account [object Object]: {}
[2025-04-29T07:08:09.597Z] [ERROR] Error processing Instagram account [object Object]: {}
[2025-04-29T07:08:09.597Z] [ERROR] Error processing Instagram account [object Object]: {}
[2025-04-29T07:08:09.597Z] [ERROR] Error processing Instagram account [object Object]: {}
[2025-04-29T07:08:09.597Z] [ERROR] Error processing Instagram account [object Object]: {}
[2025-04-29T07:08:09.598Z] [ERROR] Error processing Instagram account [object Object]: {}
[2025-04-29T07:08:09.598Z] [ERROR] Error processing Instagram account [object Object]: {}
[2025-04-29T07:08:09.598Z] [ERROR] Error processing Instagram account [object Object]: {}
[2025-04-29T07:08:09.599Z] [ERROR] Error processing Instagram account [object Object]: {}
[2025-04-29T07:08:09.599Z] [ERROR] Error processing Instagram account [object Object]: {}
[2025-04-29T07:08:09.599Z] [ERROR] Error processing Instagram account [object Object]: {}
[2025-04-29T07:08:09.600Z] [ERROR] Error processing Instagram account [object Object]: {}
[2025-04-29T07:08:09.600Z] [ERROR] Error processing Instagram account [object Object]: {}
[2025-04-29T07:08:18.008Z] [ERROR] Error extracting live stream: {}
[2025-04-29T07:08:18.201Z] [ERROR] Error processing Instagram account [object Object]: {}
[2025-04-29T07:08:18.206Z] [ERROR] Error processing Instagram account [object Object]: {}
[2025-04-29T07:08:18.208Z] [ERROR] Error processing Instagram account [object Object]: {}
[2025-04-29T07:08:18.211Z] [ERROR] Error processing Instagram account [object Object]: {}
[2025-04-29T07:08:18.213Z] [ERROR] Error processing Instagram account [object Object]: {}
[2025-04-29T07:08:18.214Z] [ERROR] Error processing Instagram account [object Object]: {}
[2025-04-29T07:08:18.215Z] [ERROR] Error processing Instagram account [object Object]: {}
[2025-04-29T07:08:18.215Z] [ERROR] Error processing Instagram account [object Object]: {}
[2025-04-29T07:08:18.216Z] [ERROR] Error processing Instagram account [object Object]: {}
[2025-04-29T07:08:18.216Z] [ERROR] Error processing Instagram account [object Object]: {}
[2025-04-29T07:08:18.218Z] [ERROR] Error processing Instagram account [object Object]: {}
[2025-04-29T07:08:18.218Z] [ERROR] Error processing Instagram account [object Object]: {}
[2025-04-29T07:08:18.218Z] [ERROR] Error processing Instagram account [object Object]: {}
[2025-04-29T07:08:18.219Z] [ERROR] Error processing Instagram account [object Object]: {}
[2025-04-29T07:08:18.219Z] [ERROR] Error processing Instagram account [object Object]: {}
[2025-04-29T07:08:18.220Z] [ERROR] Error processing Instagram account [object Object]: {}
[2025-04-29T07:08:18.638Z] [ERROR] Error extracting live stream: {}
[2025-04-29T07:08:18.988Z] [ERROR] Error extracting live stream: {}
[2025-04-29T07:08:19.392Z] [ERROR] Error extracting live stream: {}
[2025-04-29T07:08:19.885Z] [ERROR] Error extracting live stream: {}
[2025-04-29T07:08:20.400Z] [ERROR] Error extracting live stream: {}
[2025-04-29T07:08:24.595Z] [ERROR] Error processing Instagram account [object Object]: {}
[2025-04-29T07:08:24.595Z] [ERROR] Error processing Instagram account [object Object]: {}
[2025-04-29T07:08:24.595Z] [ERROR] Error processing Instagram account [object Object]: {}
[2025-04-29T07:08:24.595Z] [ERROR] Error processing Instagram account [object Object]: {}
[2025-04-29T07:08:24.596Z] [ERROR] Error processing Instagram account [object Object]: {}
[2025-04-29T07:08:24.596Z] [ERROR] Error processing Instagram account [object Object]: {}
[2025-04-29T07:08:24.596Z] [ERROR] Error processing Instagram account [object Object]: {}
[2025-04-29T07:08:24.596Z] [ERROR] Error processing Instagram account [object Object]: {}
[2025-04-29T07:08:24.597Z] [ERROR] Error processing Instagram account [object Object]: {}
[2025-04-29T07:08:24.597Z] [ERROR] Error processing Instagram account [object Object]: {}
[2025-04-29T07:08:24.597Z] [ERROR] Error processing Instagram account [object Object]: {}
[2025-04-29T07:08:24.597Z] [ERROR] Error processing Instagram account [object Object]: {}
[2025-04-29T07:08:24.597Z] [ERROR] Error processing Instagram account [object Object]: {}
[2025-04-29T07:08:24.598Z] [ERROR] Error processing Instagram account [object Object]: {}
[2025-04-29T07:08:24.598Z] [ERROR] Error processing Instagram account [object Object]: {}
[2025-04-29T07:08:24.598Z] [ERROR] Error processing Instagram account [object Object]: {}
[2025-04-29T07:08:32.974Z] [ERROR] Error extracting live stream: {}
[2025-04-29T07:08:33.201Z] [ERROR] Error processing Instagram account [object Object]: {}
[2025-04-29T07:08:33.203Z] [ERROR] Error processing Instagram account [object Object]: {}
[2025-04-29T07:08:33.203Z] [ERROR] Error processing Instagram account [object Object]: {}
[2025-04-29T07:08:33.204Z] [ERROR] Error processing Instagram account [object Object]: {}
[2025-04-29T07:08:33.204Z] [ERROR] Error processing Instagram account [object Object]: {}
[2025-04-29T07:08:33.204Z] [ERROR] Error processing Instagram account [object Object]: {}
[2025-04-29T07:08:33.205Z] [ERROR] Error processing Instagram account [object Object]: {}
[2025-04-29T07:08:33.206Z] [ERROR] Error processing Instagram account [object Object]: {}
[2025-04-29T07:08:33.206Z] [ERROR] Error processing Instagram account [object Object]: {}
[2025-04-29T07:08:33.206Z] [ERROR] Error processing Instagram account [object Object]: {}
[2025-04-29T07:08:33.207Z] [ERROR] Error processing Instagram account [object Object]: {}
[2025-04-29T07:08:33.208Z] [ERROR] Error processing Instagram account [object Object]: {}
[2025-04-29T07:08:33.208Z] [ERROR] Error processing Instagram account [object Object]: {}
[2025-04-29T07:08:33.210Z] [ERROR] Error processing Instagram account [object Object]: {}
[2025-04-29T07:08:33.210Z] [ERROR] Error processing Instagram account [object Object]: {}
[2025-04-29T07:08:33.211Z] [ERROR] Error processing Instagram account [object Object]: {}
[2025-04-29T07:08:33.575Z] [ERROR] Error extracting live stream: {}
[2025-04-29T07:08:33.893Z] [ERROR] Error extracting live stream: {}
[2025-04-29T07:08:34.307Z] [ERROR] Error extracting live stream: {}
[2025-04-29T07:08:34.791Z] [ERROR] Error extracting live stream: {}
[2025-04-29T07:08:35.331Z] [ERROR] Error extracting live stream: {}
[2025-04-29T07:08:39.595Z] [ERROR] Error processing Instagram account [object Object]: {}
[2025-04-29T07:08:39.596Z] [ERROR] Error processing Instagram account [object Object]: {}
[2025-04-29T07:08:39.596Z] [ERROR] Error processing Instagram account [object Object]: {}
[2025-04-29T07:08:39.596Z] [ERROR] Error processing Instagram account [object Object]: {}
[2025-04-29T07:08:39.596Z] [ERROR] Error processing Instagram account [object Object]: {}
[2025-04-29T07:08:39.596Z] [ERROR] Error processing Instagram account [object Object]: {}
[2025-04-29T07:08:39.597Z] [ERROR] Error processing Instagram account [object Object]: {}
[2025-04-29T07:08:39.597Z] [ERROR] Error processing Instagram account [object Object]: {}
[2025-04-29T07:08:39.597Z] [ERROR] Error processing Instagram account [object Object]: {}
[2025-04-29T07:08:39.597Z] [ERROR] Error processing Instagram account [object Object]: {}
[2025-04-29T07:08:39.597Z] [ERROR] Error processing Instagram account [object Object]: {}
[2025-04-29T07:08:39.598Z] [ERROR] Error processing Instagram account [object Object]: {}
[2025-04-29T07:08:39.598Z] [ERROR] Error processing Instagram account [object Object]: {}
[2025-04-29T07:08:39.598Z] [ERROR] Error processing Instagram account [object Object]: {}
[2025-04-29T07:08:39.598Z] [ERROR] Error processing Instagram account [object Object]: {}
[2025-04-29T07:08:39.598Z] [ERROR] Error processing Instagram account [object Object]: {}
[2025-04-29T07:08:47.995Z] [ERROR] Error extracting live stream: {}
[2025-04-29T07:08:48.203Z] [ERROR] Error processing Instagram account [object Object]: {}
[2025-04-29T07:08:48.204Z] [ERROR] Error processing Instagram account [object Object]: {}
[2025-04-29T07:08:48.204Z] [ERROR] Error processing Instagram account [object Object]: {}
[2025-04-29T07:08:48.205Z] [ERROR] Error processing Instagram account [object Object]: {}
[2025-04-29T07:08:48.205Z] [ERROR] Error processing Instagram account [object Object]: {}
[2025-04-29T07:08:48.206Z] [ERROR] Error processing Instagram account [object Object]: {}
[2025-04-29T07:08:48.207Z] [ERROR] Error processing Instagram account [object Object]: {}
[2025-04-29T07:08:48.208Z] [ERROR] Error processing Instagram account [object Object]: {}
[2025-04-29T07:08:48.208Z] [ERROR] Error processing Instagram account [object Object]: {}
[2025-04-29T07:08:48.209Z] [ERROR] Error processing Instagram account [object Object]: {}
[2025-04-29T07:08:48.209Z] [ERROR] Error processing Instagram account [object Object]: {}
[2025-04-29T07:08:48.209Z] [ERROR] Error processing Instagram account [object Object]: {}
[2025-04-29T07:08:48.209Z] [ERROR] Error processing Instagram account [object Object]: {}
[2025-04-29T07:08:48.209Z] [ERROR] Error processing Instagram account [object Object]: {}
[2025-04-29T07:08:48.209Z] [ERROR] Error processing Instagram account [object Object]: {}
[2025-04-29T07:08:48.210Z] [ERROR] Error processing Instagram account [object Object]: {}
[2025-04-29T07:08:48.614Z] [ERROR] Error extracting live stream: {}
[2025-04-29T07:08:48.991Z] [ERROR] Error extracting live stream: {}
[2025-04-29T07:08:49.384Z] [ERROR] Error extracting live stream: {}
[2025-04-29T07:08:49.890Z] [ERROR] Error extracting live stream: {}
[2025-04-29T07:08:50.376Z] [ERROR] Error extracting live stream: {}
[2025-04-29T07:08:54.595Z] [ERROR] Error processing Instagram account [object Object]: {}
[2025-04-29T07:08:54.597Z] [ERROR] Error processing Instagram account [object Object]: {}
[2025-04-29T07:08:54.597Z] [ERROR] Error processing Instagram account [object Object]: {}
[2025-04-29T07:08:54.598Z] [ERROR] Error processing Instagram account [object Object]: {}
[2025-04-29T07:08:54.598Z] [ERROR] Error processing Instagram account [object Object]: {}
[2025-04-29T07:08:54.598Z] [ERROR] Error processing Instagram account [object Object]: {}
[2025-04-29T07:08:54.598Z] [ERROR] Error processing Instagram account [object Object]: {}
[2025-04-29T07:08:54.598Z] [ERROR] Error processing Instagram account [object Object]: {}
[2025-04-29T07:08:54.599Z] [ERROR] Error processing Instagram account [object Object]: {}
[2025-04-29T07:08:54.599Z] [ERROR] Error processing Instagram account [object Object]: {}
[2025-04-29T07:08:54.599Z] [ERROR] Error processing Instagram account [object Object]: {}
[2025-04-29T07:08:54.599Z] [ERROR] Error processing Instagram account [object Object]: {}
[2025-04-29T07:08:54.599Z] [ERROR] Error processing Instagram account [object Object]: {}
[2025-04-29T07:08:54.600Z] [ERROR] Error processing Instagram account [object Object]: {}
[2025-04-29T07:08:54.600Z] [ERROR] Error processing Instagram account [object Object]: {}
[2025-04-29T07:08:54.600Z] [ERROR] Error processing Instagram account [object Object]: {}
[2025-04-29T07:09:03.085Z] [ERROR] Error extracting live stream: {}
[2025-04-29T07:09:03.204Z] [ERROR] Error processing Instagram account [object Object]: {}
[2025-04-29T07:09:03.205Z] [ERROR] Error processing Instagram account [object Object]: {}
[2025-04-29T07:09:03.206Z] [ERROR] Error processing Instagram account [object Object]: {}
[2025-04-29T07:09:03.213Z] [ERROR] Error processing Instagram account [object Object]: {}
[2025-04-29T07:09:03.214Z] [ERROR] Error processing Instagram account [object Object]: {}
[2025-04-29T07:09:03.214Z] [ERROR] Error processing Instagram account [object Object]: {}
[2025-04-29T07:09:03.215Z] [ERROR] Error processing Instagram account [object Object]: {}
[2025-04-29T07:09:03.215Z] [ERROR] Error processing Instagram account [object Object]: {}
[2025-04-29T07:09:03.224Z] [ERROR] Error processing Instagram account [object Object]: {}
[2025-04-29T07:09:03.224Z] [ERROR] Error processing Instagram account [object Object]: {}
[2025-04-29T07:09:03.225Z] [ERROR] Error processing Instagram account [object Object]: {}
[2025-04-29T07:09:03.225Z] [ERROR] Error processing Instagram account [object Object]: {}
[2025-04-29T07:09:03.225Z] [ERROR] Error processing Instagram account [object Object]: {}
[2025-04-29T07:09:03.225Z] [ERROR] Error processing Instagram account [object Object]: {}
[2025-04-29T07:09:03.225Z] [ERROR] Error processing Instagram account [object Object]: {}
[2025-04-29T07:09:03.226Z] [ERROR] Error processing Instagram account [object Object]: {}
[2025-04-29T07:09:03.801Z] [ERROR] Error extracting live stream: {}
[2025-04-29T07:09:04.287Z] [ERROR] Error extracting live stream: {}
[2025-04-29T07:09:04.930Z] [ERROR] Error extracting live stream: {}
[2025-04-29T07:09:05.557Z] [ERROR] Error extracting live stream: {}
[2025-04-29T07:09:06.228Z] [ERROR] Error extracting live stream: {}
[2025-04-29T07:09:08.564Z] [ERROR] Error scraping Twitter for https://twitter.com/AA_AlyaJKT48: {"status":1,"signal":null,"output":[null,"","Traceback (most recent call last):\n  File \"<string>\", line 1, in <module>\nImportError: cannot import name 'get_latest_tweet' from 'utils.web_scraper' (/home/runner/workspace/utils/web_scraper.py)\n"],"pid":6381,"stdout":"","stderr":"Traceback (most recent call last):\n  File \"<string>\", line 1, in <module>\nImportError: cannot import name 'get_latest_tweet' from 'utils.web_scraper' (/home/runner/workspace/utils/web_scraper.py)\n"}
[2025-04-29T07:09:09.213Z] [ERROR] Error scraping Twitter for https://twitter.com/AA_AlyaJKT48: {"status":1,"signal":null,"output":[null,"","Traceback (most recent call last):\n  File \"<string>\", line 1, in <module>\nImportError: cannot import name 'get_latest_tweet' from 'utils.web_scraper' (/home/runner/workspace/utils/web_scraper.py)\n"],"pid":6387,"stdout":"","stderr":"Traceback (most recent call last):\n  File \"<string>\", line 1, in <module>\nImportError: cannot import name 'get_latest_tweet' from 'utils.web_scraper' (/home/runner/workspace/utils/web_scraper.py)\n"}
[2025-04-29T07:09:09.703Z] [ERROR] Error scraping Twitter for https://twitter.com/PS_AmandaJKT48: {"status":1,"signal":null,"output":[null,"","Traceback (most recent call last):\n  File \"<string>\", line 1, in <module>\nImportError: cannot import name 'get_latest_tweet' from 'utils.web_scraper' (/home/runner/workspace/utils/web_scraper.py)\n"],"pid":6393,"stdout":"","stderr":"Traceback (most recent call last):\n  File \"<string>\", line 1, in <module>\nImportError: cannot import name 'get_latest_tweet' from 'utils.web_scraper' (/home/runner/workspace/utils/web_scraper.py)\n"}
[2025-04-29T07:09:10.471Z] [ERROR] Error scraping Twitter for https://twitter.com/PS_AmandaJKT48: {"status":1,"signal":null,"output":[null,"","Traceback (most recent call last):\n  File \"<string>\", line 1, in <module>\nImportError: cannot import name 'get_latest_tweet' from 'utils.web_scraper' (/home/runner/workspace/utils/web_scraper.py)\n"],"pid":6399,"stdout":"","stderr":"Traceback (most recent call last):\n  File \"<string>\", line 1, in <module>\nImportError: cannot import name 'get_latest_tweet' from 'utils.web_scraper' (/home/runner/workspace/utils/web_scraper.py)\n"}
[2025-04-29T07:09:10.919Z] [ERROR] Error scraping Twitter for https://twitter.com/A_ChristyJKT48: {"status":1,"signal":null,"output":[null,"","Traceback (most recent call last):\n  File \"<string>\", line 1, in <module>\nImportError: cannot import name 'get_latest_tweet' from 'utils.web_scraper' (/home/runner/workspace/utils/web_scraper.py)\n"],"pid":6406,"stdout":"","stderr":"Traceback (most recent call last):\n  File \"<string>\", line 1, in <module>\nImportError: cannot import name 'get_latest_tweet' from 'utils.web_scraper' (/home/runner/workspace/utils/web_scraper.py)\n"}
[2025-04-29T07:09:11.700Z] [ERROR] Error scraping Twitter for https://twitter.com/A_ChristyJKT48: {"status":1,"signal":null,"output":[null,"","Traceback (most recent call last):\n  File \"<string>\", line 1, in <module>\nImportError: cannot import name 'get_latest_tweet' from 'utils.web_scraper' (/home/runner/workspace/utils/web_scraper.py)\n"],"pid":6413,"stdout":"","stderr":"Traceback (most recent call last):\n  File \"<string>\", line 1, in <module>\nImportError: cannot import name 'get_latest_tweet' from 'utils.web_scraper' (/home/runner/workspace/utils/web_scraper.py)\n"}
[2025-04-29T07:09:12.235Z] [ERROR] Error scraping Twitter for https://twitter.com/AR_AnindyaJKT48: {"status":1,"signal":null,"output":[null,"","Traceback (most recent call last):\n  File \"<string>\", line 1, in <module>\nImportError: cannot import name 'get_latest_tweet' from 'utils.web_scraper' (/home/runner/workspace/utils/web_scraper.py)\n"],"pid":6418,"stdout":"","stderr":"Traceback (most recent call last):\n  File \"<string>\", line 1, in <module>\nImportError: cannot import name 'get_latest_tweet' from 'utils.web_scraper' (/home/runner/workspace/utils/web_scraper.py)\n"}
[2025-04-29T07:09:13.205Z] [ERROR] Error scraping Twitter for https://twitter.com/AR_AnindyaJKT48: {"status":1,"signal":null,"output":[null,"","Traceback (most recent call last):\n  File \"<string>\", line 1, in <module>\nImportError: cannot import name 'get_latest_tweet' from 'utils.web_scraper' (/home/runner/workspace/utils/web_scraper.py)\n"],"pid":6423,"stdout":"","stderr":"Traceback (most recent call last):\n  File \"<string>\", line 1, in <module>\nImportError: cannot import name 'get_latest_tweet' from 'utils.web_scraper' (/home/runner/workspace/utils/web_scraper.py)\n"}
[2025-04-29T07:09:13.858Z] [ERROR] Error scraping Twitter for https://twitter.com/AU_LiaJKT48: {"status":1,"signal":null,"output":[null,"","Traceback (most recent call last):\n  File \"<string>\", line 1, in <module>\nImportError: cannot import name 'get_latest_tweet' from 'utils.web_scraper' (/home/runner/workspace/utils/web_scraper.py)\n"],"pid":6429,"stdout":"","stderr":"Traceback (most recent call last):\n  File \"<string>\", line 1, in <module>\nImportError: cannot import name 'get_latest_tweet' from 'utils.web_scraper' (/home/runner/workspace/utils/web_scraper.py)\n"}
[2025-04-29T07:09:14.759Z] [ERROR] Error scraping Twitter for https://twitter.com/AU_LiaJKT48: {"status":1,"signal":null,"output":[null,"","Traceback (most recent call last):\n  File \"<string>\", line 1, in <module>\nImportError: cannot import name 'get_latest_tweet' from 'utils.web_scraper' (/home/runner/workspace/utils/web_scraper.py)\n"],"pid":6435,"stdout":"","stderr":"Traceback (most recent call last):\n  File \"<string>\", line 1, in <module>\nImportError: cannot import name 'get_latest_tweet' from 'utils.web_scraper' (/home/runner/workspace/utils/web_scraper.py)\n"}
[2025-04-29T07:09:15.461Z] [ERROR] Error scraping Twitter for https://twitter.com/N_CathyJKT48: {"status":1,"signal":null,"output":[null,"","Traceback (most recent call last):\n  File \"<string>\", line 1, in <module>\nImportError: cannot import name 'get_latest_tweet' from 'utils.web_scraper' (/home/runner/workspace/utils/web_scraper.py)\n"],"pid":6441,"stdout":"","stderr":"Traceback (most recent call last):\n  File \"<string>\", line 1, in <module>\nImportError: cannot import name 'get_latest_tweet' from 'utils.web_scraper' (/home/runner/workspace/utils/web_scraper.py)\n"}
[2025-04-29T07:09:16.050Z] [ERROR] Error scraping Twitter for https://twitter.com/N_CathyJKT48: {"status":1,"signal":null,"output":[null,"","Traceback (most recent call last):\n  File \"<string>\", line 1, in <module>\nImportError: cannot import name 'get_latest_tweet' from 'utils.web_scraper' (/home/runner/workspace/utils/web_scraper.py)\n"],"pid":6446,"stdout":"","stderr":"Traceback (most recent call last):\n  File \"<string>\", line 1, in <module>\nImportError: cannot import name 'get_latest_tweet' from 'utils.web_scraper' (/home/runner/workspace/utils/web_scraper.py)\n"}
[2025-04-29T07:09:16.734Z] [ERROR] Error scraping Twitter for https://twitter.com/Elin_JKT48: {"status":1,"signal":null,"output":[null,"","Traceback (most recent call last):\n  File \"<string>\", line 1, in <module>\nImportError: cannot import name 'get_latest_tweet' from 'utils.web_scraper' (/home/runner/workspace/utils/web_scraper.py)\n"],"pid":6452,"stdout":"","stderr":"Traceback (most recent call last):\n  File \"<string>\", line 1, in <module>\nImportError: cannot import name 'get_latest_tweet' from 'utils.web_scraper' (/home/runner/workspace/utils/web_scraper.py)\n"}
[2025-04-29T07:09:17.379Z] [ERROR] Error scraping Twitter for https://twitter.com/Elin_JKT48: {"status":1,"signal":null,"output":[null,"","Traceback (most recent call last):\n  File \"<string>\", line 1, in <module>\nImportError: cannot import name 'get_latest_tweet' from 'utils.web_scraper' (/home/runner/workspace/utils/web_scraper.py)\n"],"pid":6458,"stdout":"","stderr":"Traceback (most recent call last):\n  File \"<string>\", line 1, in <module>\nImportError: cannot import name 'get_latest_tweet' from 'utils.web_scraper' (/home/runner/workspace/utils/web_scraper.py)\n"}
[2025-04-29T07:09:18.183Z] [ERROR] Error scraping Twitter for https://twitter.com/DC_ChelseaJKT48: {"status":1,"signal":null,"output":[null,"","Traceback (most recent call last):\n  File \"<string>\", line 1, in <module>\nImportError: cannot import name 'get_latest_tweet' from 'utils.web_scraper' (/home/runner/workspace/utils/web_scraper.py)\n"],"pid":6465,"stdout":"","stderr":"Traceback (most recent call last):\n  File \"<string>\", line 1, in <module>\nImportError: cannot import name 'get_latest_tweet' from 'utils.web_scraper' (/home/runner/workspace/utils/web_scraper.py)\n"}
[2025-04-29T07:09:18.675Z] [ERROR] Error scraping Twitter for https://twitter.com/DC_ChelseaJKT48: {"status":1,"signal":null,"output":[null,"","Traceback (most recent call last):\n  File \"<string>\", line 1, in <module>\nImportError: cannot import name 'get_latest_tweet' from 'utils.web_scraper' (/home/runner/workspace/utils/web_scraper.py)\n"],"pid":6472,"stdout":"","stderr":"Traceback (most recent call last):\n  File \"<string>\", line 1, in <module>\nImportError: cannot import name 'get_latest_tweet' from 'utils.web_scraper' (/home/runner/workspace/utils/web_scraper.py)\n"}
[2025-04-29T07:09:19.544Z] [ERROR] Error scraping Twitter for https://twitter.com/C_OnielJKT48: {"status":1,"signal":null,"output":[null,"","Traceback (most recent call last):\n  File \"<string>\", line 1, in <module>\nImportError: cannot import name 'get_latest_tweet' from 'utils.web_scraper' (/home/runner/workspace/utils/web_scraper.py)\n"],"pid":6478,"stdout":"","stderr":"Traceback (most recent call last):\n  File \"<string>\", line 1, in <module>\nImportError: cannot import name 'get_latest_tweet' from 'utils.web_scraper' (/home/runner/workspace/utils/web_scraper.py)\n"}
[2025-04-29T07:09:20.071Z] [ERROR] Error scraping Twitter for https://twitter.com/C_OnielJKT48: {"status":1,"signal":null,"output":[null,"","Traceback (most recent call last):\n  File \"<string>\", line 1, in <module>\nImportError: cannot import name 'get_latest_tweet' from 'utils.web_scraper' (/home/runner/workspace/utils/web_scraper.py)\n"],"pid":6483,"stdout":"","stderr":"Traceback (most recent call last):\n  File \"<string>\", line 1, in <module>\nImportError: cannot import name 'get_latest_tweet' from 'utils.web_scraper' (/home/runner/workspace/utils/web_scraper.py)\n"}
[2025-04-29T07:09:20.979Z] [ERROR] Error scraping Twitter for https://twitter.com/Y_CynthiaJKT48: {"status":1,"signal":null,"output":[null,"","Traceback (most recent call last):\n  File \"<string>\", line 1, in <module>\nImportError: cannot import name 'get_latest_tweet' from 'utils.web_scraper' (/home/runner/workspace/utils/web_scraper.py)\n"],"pid":6488,"stdout":"","stderr":"Traceback (most recent call last):\n  File \"<string>\", line 1, in <module>\nImportError: cannot import name 'get_latest_tweet' from 'utils.web_scraper' (/home/runner/workspace/utils/web_scraper.py)\n"}
[2025-04-29T07:09:21.321Z] [ERROR] Error scraping Twitter for https://twitter.com/Y_CynthiaJKT48: {"status":1,"signal":null,"output":[null,"","Traceback (most recent call last):\n  File \"<string>\", line 1, in <module>\nImportError: cannot import name 'get_latest_tweet' from 'utils.web_scraper' (/home/runner/workspace/utils/web_scraper.py)\n"],"pid":6494,"stdout":"","stderr":"Traceback (most recent call last):\n  File \"<string>\", line 1, in <module>\nImportError: cannot import name 'get_latest_tweet' from 'utils.web_scraper' (/home/runner/workspace/utils/web_scraper.py)\n"}
[2025-04-29T07:09:22.217Z] [ERROR] Error scraping Twitter for https://twitter.com/Danella_JKT48: {"status":1,"signal":null,"output":[null,"","Traceback (most recent call last):\n  File \"<string>\", line 1, in <module>\nImportError: cannot import name 'get_latest_tweet' from 'utils.web_scraper' (/home/runner/workspace/utils/web_scraper.py)\n"],"pid":6500,"stdout":"","stderr":"Traceback (most recent call last):\n  File \"<string>\", line 1, in <module>\nImportError: cannot import name 'get_latest_tweet' from 'utils.web_scraper' (/home/runner/workspace/utils/web_scraper.py)\n"}
[2025-04-29T07:09:22.534Z] [ERROR] Error scraping Twitter for https://twitter.com/Danella_JKT48: {"status":1,"signal":null,"output":[null,"","Traceback (most recent call last):\n  File \"<string>\", line 1, in <module>\nImportError: cannot import name 'get_latest_tweet' from 'utils.web_scraper' (/home/runner/workspace/utils/web_scraper.py)\n"],"pid":6507,"stdout":"","stderr":"Traceback (most recent call last):\n  File \"<string>\", line 1, in <module>\nImportError: cannot import name 'get_latest_tweet' from 'utils.web_scraper' (/home/runner/workspace/utils/web_scraper.py)\n"}
[2025-04-29T07:09:23.576Z] [ERROR] Error scraping Twitter for https://twitter.com/Daisy_JKT48: {"status":1,"signal":null,"output":[null,"","Traceback (most recent call last):\n  File \"<string>\", line 1, in <module>\nImportError: cannot import name 'get_latest_tweet' from 'utils.web_scraper' (/home/runner/workspace/utils/web_scraper.py)\n"],"pid":6514,"stdout":"","stderr":"Traceback (most recent call last):\n  File \"<string>\", line 1, in <module>\nImportError: cannot import name 'get_latest_tweet' from 'utils.web_scraper' (/home/runner/workspace/utils/web_scraper.py)\n"}
[2025-04-29T07:09:23.938Z] [ERROR] Error scraping Twitter for https://twitter.com/Daisy_JKT48: {"status":1,"signal":null,"output":[null,"","Traceback (most recent call last):\n  File \"<string>\", line 1, in <module>\nImportError: cannot import name 'get_latest_tweet' from 'utils.web_scraper' (/home/runner/workspace/utils/web_scraper.py)\n"],"pid":6520,"stdout":"","stderr":"Traceback (most recent call last):\n  File \"<string>\", line 1, in <module>\nImportError: cannot import name 'get_latest_tweet' from 'utils.web_scraper' (/home/runner/workspace/utils/web_scraper.py)\n"}
[2025-04-29T07:09:25.468Z] [ERROR] Error scraping Twitter for https://twitter.com/F_OllaJKT48: {"status":1,"signal":null,"output":[null,"","Traceback (most recent call last):\n  File \"<string>\", line 1, in <module>\nImportError: cannot import name 'get_latest_tweet' from 'utils.web_scraper' (/home/runner/workspace/utils/web_scraper.py)\n"],"pid":6526,"stdout":"","stderr":"Traceback (most recent call last):\n  File \"<string>\", line 1, in <module>\nImportError: cannot import name 'get_latest_tweet' from 'utils.web_scraper' (/home/runner/workspace/utils/web_scraper.py)\n"}
[2025-04-29T07:09:25.795Z] [ERROR] Error scraping Twitter for https://twitter.com/F_OllaJKT48: {"status":1,"signal":null,"output":[null,"","Traceback (most recent call last):\n  File \"<string>\", line 1, in <module>\nImportError: cannot import name 'get_latest_tweet' from 'utils.web_scraper' (/home/runner/workspace/utils/web_scraper.py)\n"],"pid":6532,"stdout":"","stderr":"Traceback (most recent call last):\n  File \"<string>\", line 1, in <module>\nImportError: cannot import name 'get_latest_tweet' from 'utils.web_scraper' (/home/runner/workspace/utils/web_scraper.py)\n"}
[2025-04-29T07:09:26.671Z] [ERROR] Error scraping Twitter for https://twitter.com/F_FeniJKT48: {"status":1,"signal":null,"output":[null,"","Traceback (most recent call last):\n  File \"<string>\", line 1, in <module>\nImportError: cannot import name 'get_latest_tweet' from 'utils.web_scraper' (/home/runner/workspace/utils/web_scraper.py)\n"],"pid":6539,"stdout":"","stderr":"Traceback (most recent call last):\n  File \"<string>\", line 1, in <module>\nImportError: cannot import name 'get_latest_tweet' from 'utils.web_scraper' (/home/runner/workspace/utils/web_scraper.py)\n"}
[2025-04-29T07:09:27.260Z] [ERROR] Error scraping Twitter for https://twitter.com/F_FeniJKT48: {"status":1,"signal":null,"output":[null,"","Traceback (most recent call last):\n  File \"<string>\", line 1, in <module>\nImportError: cannot import name 'get_latest_tweet' from 'utils.web_scraper' (/home/runner/workspace/utils/web_scraper.py)\n"],"pid":6545,"stdout":"","stderr":"Traceback (most recent call last):\n  File \"<string>\", line 1, in <module>\nImportError: cannot import name 'get_latest_tweet' from 'utils.web_scraper' (/home/runner/workspace/utils/web_scraper.py)\n"}
[2025-04-29T07:09:27.922Z] [ERROR] Error scraping Twitter for https://twitter.com/kanaia_jkt48v: {"status":1,"signal":null,"output":[null,"","Traceback (most recent call last):\n  File \"<string>\", line 1, in <module>\nImportError: cannot import name 'get_latest_tweet' from 'utils.web_scraper' (/home/runner/workspace/utils/web_scraper.py)\n"],"pid":6551,"stdout":"","stderr":"Traceback (most recent call last):\n  File \"<string>\", line 1, in <module>\nImportError: cannot import name 'get_latest_tweet' from 'utils.web_scraper' (/home/runner/workspace/utils/web_scraper.py)\n"}
[2025-04-29T07:09:28.625Z] [ERROR] Error scraping Twitter for https://twitter.com/kanaia_jkt48v: {"status":1,"signal":null,"output":[null,"","Traceback (most recent call last):\n  File \"<string>\", line 1, in <module>\nImportError: cannot import name 'get_latest_tweet' from 'utils.web_scraper' (/home/runner/workspace/utils/web_scraper.py)\n"],"pid":6557,"stdout":"","stderr":"Traceback (most recent call last):\n  File \"<string>\", line 1, in <module>\nImportError: cannot import name 'get_latest_tweet' from 'utils.web_scraper' (/home/runner/workspace/utils/web_scraper.py)\n"}
[2025-04-29T07:09:29.554Z] [ERROR] Error scraping Twitter for https://twitter.com/officialJKT48: {"status":1,"signal":null,"output":[null,"","Traceback (most recent call last):\n  File \"<string>\", line 1, in <module>\nImportError: cannot import name 'get_latest_tweet' from 'utils.web_scraper' (/home/runner/workspace/utils/web_scraper.py)\n"],"pid":6564,"stdout":"","stderr":"Traceback (most recent call last):\n  File \"<string>\", line 1, in <module>\nImportError: cannot import name 'get_latest_tweet' from 'utils.web_scraper' (/home/runner/workspace/utils/web_scraper.py)\n"}
[2025-04-29T07:09:30.323Z] [ERROR] Error scraping Twitter for https://twitter.com/officialJKT48: {"status":1,"signal":null,"output":[null,"","Traceback (most recent call last):\n  File \"<string>\", line 1, in <module>\nImportError: cannot import name 'get_latest_tweet' from 'utils.web_scraper' (/home/runner/workspace/utils/web_scraper.py)\n"],"pid":6645,"stdout":"","stderr":"Traceback (most recent call last):\n  File \"<string>\", line 1, in <module>\nImportError: cannot import name 'get_latest_tweet' from 'utils.web_scraper' (/home/runner/workspace/utils/web_scraper.py)\n"}
[2025-04-29T07:09:31.074Z] [ERROR] Error scraping Twitter for https://twitter.com/officialJKT48: {"status":1,"signal":null,"output":[null,"","Traceback (most recent call last):\n  File \"<string>\", line 1, in <module>\nImportError: cannot import name 'get_latest_tweet' from 'utils.web_scraper' (/home/runner/workspace/utils/web_scraper.py)\n"],"pid":6651,"stdout":"","stderr":"Traceback (most recent call last):\n  File \"<string>\", line 1, in <module>\nImportError: cannot import name 'get_latest_tweet' from 'utils.web_scraper' (/home/runner/workspace/utils/web_scraper.py)\n"}
[2025-04-29T07:09:31.082Z] [ERROR] Error processing Instagram account [object Object]: {}
[2025-04-29T07:09:31.086Z] [ERROR] Error processing Instagram account [object Object]: {}
[2025-04-29T07:09:31.087Z] [ERROR] Error processing Instagram account [object Object]: {}
[2025-04-29T07:09:31.089Z] [ERROR] Error processing Instagram account [object Object]: {}
[2025-04-29T07:09:31.090Z] [ERROR] Error processing Instagram account [object Object]: {}
[2025-04-29T07:09:31.091Z] [ERROR] Error processing Instagram account [object Object]: {}
[2025-04-29T07:09:31.093Z] [ERROR] Error processing Instagram account [object Object]: {}
[2025-04-29T07:09:31.095Z] [ERROR] Error processing Instagram account [object Object]: {}
[2025-04-29T07:09:31.095Z] [ERROR] Error processing Instagram account [object Object]: {}
[2025-04-29T07:09:31.097Z] [ERROR] Error processing Instagram account [object Object]: {}
[2025-04-29T07:09:31.097Z] [ERROR] Error processing Instagram account [object Object]: {}
[2025-04-29T07:09:31.098Z] [ERROR] Error processing Instagram account [object Object]: {}
[2025-04-29T07:09:31.100Z] [ERROR] Error processing Instagram account [object Object]: {}
[2025-04-29T07:09:31.100Z] [ERROR] Error processing Instagram account [object Object]: {}
[2025-04-29T07:09:31.100Z] [ERROR] Error processing Instagram account [object Object]: {}
[2025-04-29T07:09:31.102Z] [ERROR] Error processing Instagram account [object Object]: {}
[2025-04-29T07:09:31.738Z] [ERROR] Error scraping Twitter for https://twitter.com/officialJKT48: {"status":1,"signal":null,"output":[null,"","Traceback (most recent call last):\n  File \"<string>\", line 1, in <module>\nImportError: cannot import name 'get_latest_tweet' from 'utils.web_scraper' (/home/runner/workspace/utils/web_scraper.py)\n"],"pid":6657,"stdout":"","stderr":"Traceback (most recent call last):\n  File \"<string>\", line 1, in <module>\nImportError: cannot import name 'get_latest_tweet' from 'utils.web_scraper' (/home/runner/workspace/utils/web_scraper.py)\n"}
[2025-04-29T07:09:31.756Z] [ERROR] Error processing Instagram account [object Object]: {}
[2025-04-29T07:09:31.756Z] [ERROR] Error processing Instagram account [object Object]: {}
[2025-04-29T07:09:31.758Z] [ERROR] Error processing Instagram account [object Object]: {}
[2025-04-29T07:09:31.759Z] [ERROR] Error processing Instagram account [object Object]: {}
[2025-04-29T07:09:31.759Z] [ERROR] Error processing Instagram account [object Object]: {}
[2025-04-29T07:09:31.759Z] [ERROR] Error processing Instagram account [object Object]: {}
[2025-04-29T07:09:31.760Z] [ERROR] Error processing Instagram account [object Object]: {}
[2025-04-29T07:09:31.760Z] [ERROR] Error processing Instagram account [object Object]: {}
[2025-04-29T07:09:31.760Z] [ERROR] Error processing Instagram account [object Object]: {}
[2025-04-29T07:09:31.760Z] [ERROR] Error processing Instagram account [object Object]: {}
[2025-04-29T07:09:31.761Z] [ERROR] Error processing Instagram account [object Object]: {}
[2025-04-29T07:09:31.761Z] [ERROR] Error processing Instagram account [object Object]: {}
[2025-04-29T07:09:31.761Z] [ERROR] Error processing Instagram account [object Object]: {}
[2025-04-29T07:09:31.762Z] [ERROR] Error processing Instagram account [object Object]: {}
[2025-04-29T07:09:31.769Z] [ERROR] Error processing Instagram account [object Object]: {}
[2025-04-29T07:09:31.771Z] [ERROR] Error processing Instagram account [object Object]: {}
[2025-04-29T07:09:32.044Z] [ERROR] Error extracting live stream: {}
[2025-04-29T07:09:32.807Z] [ERROR] Error extracting live stream: {}
[2025-04-29T07:09:33.305Z] [ERROR] Error extracting live stream: {}
[2025-04-29T07:09:33.858Z] [ERROR] Error extracting live stream: {}
[2025-04-29T07:09:34.551Z] [ERROR] Error extracting live stream: {}
[2025-04-29T07:09:35.322Z] [ERROR] Error extracting live stream: {}
[2025-04-29T07:09:46.084Z] [ERROR] Error processing Instagram account [object Object]: {}
[2025-04-29T07:09:46.088Z] [ERROR] Error processing Instagram account [object Object]: {}
[2025-04-29T07:09:46.109Z] [ERROR] Error processing Instagram account [object Object]: {}
[2025-04-29T07:09:46.110Z] [ERROR] Error processing Instagram account [object Object]: {}
[2025-04-29T07:09:46.110Z] [ERROR] Error processing Instagram account [object Object]: {}
[2025-04-29T07:09:46.111Z] [ERROR] Error processing Instagram account [object Object]: {}
[2025-04-29T07:09:46.113Z] [ERROR] Error processing Instagram account [object Object]: {}
[2025-04-29T07:09:46.113Z] [ERROR] Error processing Instagram account [object Object]: {}
[2025-04-29T07:09:46.113Z] [ERROR] Error processing Instagram account [object Object]: {}
[2025-04-29T07:09:46.121Z] [ERROR] Error processing Instagram account [object Object]: {}
[2025-04-29T07:09:46.122Z] [ERROR] Error processing Instagram account [object Object]: {}
[2025-04-29T07:09:46.122Z] [ERROR] Error processing Instagram account [object Object]: {}
[2025-04-29T07:09:46.122Z] [ERROR] Error processing Instagram account [object Object]: {}
[2025-04-29T07:09:46.122Z] [ERROR] Error processing Instagram account [object Object]: {}
[2025-04-29T07:09:46.123Z] [ERROR] Error processing Instagram account [object Object]: {}
[2025-04-29T07:09:46.123Z] [ERROR] Error processing Instagram account [object Object]: {}
[2025-04-29T07:09:46.756Z] [ERROR] Error processing Instagram account [object Object]: {}
[2025-04-29T07:09:46.761Z] [ERROR] Error processing Instagram account [object Object]: {}
[2025-04-29T07:09:46.762Z] [ERROR] Error processing Instagram account [object Object]: {}
[2025-04-29T07:09:46.762Z] [ERROR] Error processing Instagram account [object Object]: {}
[2025-04-29T07:09:46.763Z] [ERROR] Error processing Instagram account [object Object]: {}
[2025-04-29T07:09:46.764Z] [ERROR] Error processing Instagram account [object Object]: {}
[2025-04-29T07:09:46.764Z] [ERROR] Error processing Instagram account [object Object]: {}
[2025-04-29T07:09:46.765Z] [ERROR] Error processing Instagram account [object Object]: {}
[2025-04-29T07:09:46.766Z] [ERROR] Error processing Instagram account [object Object]: {}
[2025-04-29T07:09:46.766Z] [ERROR] Error processing Instagram account [object Object]: {}
[2025-04-29T07:09:46.767Z] [ERROR] Error processing Instagram account [object Object]: {}
[2025-04-29T07:09:46.768Z] [ERROR] Error processing Instagram account [object Object]: {}
[2025-04-29T07:09:46.770Z] [ERROR] Error processing Instagram account [object Object]: {}
[2025-04-29T07:09:46.772Z] [ERROR] Error processing Instagram account [object Object]: {}
[2025-04-29T07:09:46.773Z] [ERROR] Error processing Instagram account [object Object]: {}
[2025-04-29T07:09:46.774Z] [ERROR] Error processing Instagram account [object Object]: {}
[2025-04-29T07:09:46.842Z] [ERROR] Error extracting live stream: {}
[2025-04-29T07:09:47.421Z] [ERROR] Error extracting live stream: {}
[2025-04-29T07:09:50.270Z] [ERROR] Error extracting live stream: {}
[2025-04-29T07:09:50.865Z] [ERROR] Error extracting live stream: {}
[2025-04-29T07:09:51.576Z] [ERROR] Error extracting live stream: {}
[2025-04-29T07:09:52.387Z] [ERROR] Error extracting live stream: {}
[2025-04-29T07:10:01.085Z] [ERROR] Error processing Instagram account [object Object]: {}
[2025-04-29T07:10:01.086Z] [ERROR] Error processing Instagram account [object Object]: {}
[2025-04-29T07:10:01.087Z] [ERROR] Error processing Instagram account [object Object]: {}
[2025-04-29T07:10:01.087Z] [ERROR] Error processing Instagram account [object Object]: {}
[2025-04-29T07:10:01.087Z] [ERROR] Error processing Instagram account [object Object]: {}
[2025-04-29T07:10:01.087Z] [ERROR] Error processing Instagram account [object Object]: {}
[2025-04-29T07:10:01.088Z] [ERROR] Error processing Instagram account [object Object]: {}
[2025-04-29T07:10:01.088Z] [ERROR] Error processing Instagram account [object Object]: {}
[2025-04-29T07:10:01.088Z] [ERROR] Error processing Instagram account [object Object]: {}
[2025-04-29T07:10:01.088Z] [ERROR] Error processing Instagram account [object Object]: {}
[2025-04-29T07:10:01.088Z] [ERROR] Error processing Instagram account [object Object]: {}
[2025-04-29T07:10:01.089Z] [ERROR] Error processing Instagram account [object Object]: {}
[2025-04-29T07:10:01.089Z] [ERROR] Error processing Instagram account [object Object]: {}
[2025-04-29T07:10:01.089Z] [ERROR] Error processing Instagram account [object Object]: {}
[2025-04-29T07:10:01.089Z] [ERROR] Error processing Instagram account [object Object]: {}
[2025-04-29T07:10:01.090Z] [ERROR] Error processing Instagram account [object Object]: {}
[2025-04-29T07:10:01.759Z] [ERROR] Error processing Instagram account [object Object]: {}
[2025-04-29T07:10:01.775Z] [ERROR] Error processing Instagram account [object Object]: {}
[2025-04-29T07:10:01.787Z] [ERROR] Error processing Instagram account [object Object]: {}
[2025-04-29T07:10:01.789Z] [ERROR] Error processing Instagram account [object Object]: {}
[2025-04-29T07:10:01.792Z] [ERROR] Error processing Instagram account [object Object]: {}
[2025-04-29T07:10:01.794Z] [ERROR] Error processing Instagram account [object Object]: {}
[2025-04-29T07:10:01.796Z] [ERROR] Error processing Instagram account [object Object]: {}
[2025-04-29T07:10:01.822Z] [ERROR] Error processing Instagram account [object Object]: {}
[2025-04-29T07:10:01.824Z] [ERROR] Error processing Instagram account [object Object]: {}
[2025-04-29T07:10:01.827Z] [ERROR] Error processing Instagram account [object Object]: {}
[2025-04-29T07:10:01.828Z] [ERROR] Error processing Instagram account [object Object]: {}
[2025-04-29T07:10:01.830Z] [ERROR] Error processing Instagram account [object Object]: {}
[2025-04-29T07:10:01.831Z] [ERROR] Error processing Instagram account [object Object]: {}
[2025-04-29T07:10:01.833Z] [ERROR] Error processing Instagram account [object Object]: {}
[2025-04-29T07:10:01.833Z] [ERROR] Error processing Instagram account [object Object]: {}
[2025-04-29T07:10:01.835Z] [ERROR] Error processing Instagram account [object Object]: {}
[2025-04-29T07:10:02.751Z] [ERROR] Error extracting live stream: {}
[2025-04-29T07:10:03.336Z] [ERROR] Error scraping YouTube: 2025-04-29 07:10:01,888 - trafilatura.downloads - ERROR - not a 200 response: 404 for URL https://www.youtube.com/@OfficialJKT48/videos
2025-04-29 07:10:01,888 - web_scraper - ERROR - Failed to download content from https://www.youtube.com/@OfficialJKT48/videos

[2025-04-29T07:10:04.056Z] [ERROR] Error extracting live stream: {}
[2025-04-29T07:10:04.320Z] [ERROR] Error scraping YouTube: 2025-04-29 07:10:03,959 - trafilatura.downloads - ERROR - not a 200 response: 404 for URL https://www.youtube.com/@OfficialJKT48/videos
2025-04-29 07:10:03,959 - web_scraper - ERROR - Failed to download content from https://www.youtube.com/@OfficialJKT48/videos

[2025-04-29T07:10:05.014Z] [ERROR] Error extracting live stream: {}
[2025-04-29T07:10:06.324Z] [ERROR] Error extracting live stream: {}
[2025-04-29T07:10:07.537Z] [ERROR] Error extracting live stream: {}
[2025-04-29T07:10:08.585Z] [ERROR] Error extracting live stream: {}
[2025-04-29T07:10:16.090Z] [ERROR] Error processing Instagram account [object Object]: {}
[2025-04-29T07:10:16.091Z] [ERROR] Error processing Instagram account [object Object]: {}
[2025-04-29T07:10:16.092Z] [ERROR] Error processing Instagram account [object Object]: {}
[2025-04-29T07:10:16.093Z] [ERROR] Error processing Instagram account [object Object]: {}
[2025-04-29T07:10:16.093Z] [ERROR] Error processing Instagram account [object Object]: {}
[2025-04-29T07:10:16.094Z] [ERROR] Error processing Instagram account [object Object]: {}
[2025-04-29T07:10:16.095Z] [ERROR] Error processing Instagram account [object Object]: {}
[2025-04-29T07:10:16.096Z] [ERROR] Error processing Instagram account [object Object]: {}
[2025-04-29T07:10:16.097Z] [ERROR] Error processing Instagram account [object Object]: {}
[2025-04-29T07:10:16.097Z] [ERROR] Error processing Instagram account [object Object]: {}
[2025-04-29T07:10:16.097Z] [ERROR] Error processing Instagram account [object Object]: {}
[2025-04-29T07:10:16.100Z] [ERROR] Error processing Instagram account [object Object]: {}
[2025-04-29T07:10:16.102Z] [ERROR] Error processing Instagram account [object Object]: {}
[2025-04-29T07:10:16.103Z] [ERROR] Error processing Instagram account [object Object]: {}
[2025-04-29T07:10:16.106Z] [ERROR] Error processing Instagram account [object Object]: {}
[2025-04-29T07:10:16.108Z] [ERROR] Error processing Instagram account [object Object]: {}
[2025-04-29T07:10:16.760Z] [ERROR] Error processing Instagram account [object Object]: {}
[2025-04-29T07:10:16.761Z] [ERROR] Error processing Instagram account [object Object]: {}
[2025-04-29T07:10:16.762Z] [ERROR] Error processing Instagram account [object Object]: {}
[2025-04-29T07:10:16.762Z] [ERROR] Error processing Instagram account [object Object]: {}
[2025-04-29T07:10:16.763Z] [ERROR] Error processing Instagram account [object Object]: {}
[2025-04-29T07:10:16.763Z] [ERROR] Error processing Instagram account [object Object]: {}
[2025-04-29T07:10:16.763Z] [ERROR] Error processing Instagram account [object Object]: {}
[2025-04-29T07:10:16.764Z] [ERROR] Error processing Instagram account [object Object]: {}
[2025-04-29T07:10:16.765Z] [ERROR] Error processing Instagram account [object Object]: {}
[2025-04-29T07:10:16.766Z] [ERROR] Error processing Instagram account [object Object]: {}
[2025-04-29T07:10:16.766Z] [ERROR] Error processing Instagram account [object Object]: {}
[2025-04-29T07:10:16.767Z] [ERROR] Error processing Instagram account [object Object]: {}
[2025-04-29T07:10:16.768Z] [ERROR] Error processing Instagram account [object Object]: {}
[2025-04-29T07:10:16.773Z] [ERROR] Error processing Instagram account [object Object]: {}
[2025-04-29T07:10:16.774Z] [ERROR] Error processing Instagram account [object Object]: {}
[2025-04-29T07:10:16.775Z] [ERROR] Error processing Instagram account [object Object]: {}
[2025-04-29T07:10:16.803Z] [ERROR] Error extracting live stream: {}
[2025-04-29T07:10:17.583Z] [ERROR] Error extracting live stream: {}
[2025-04-29T07:10:18.042Z] [ERROR] Error extracting live stream: {}
[2025-04-29T07:10:18.633Z] [ERROR] Error extracting live stream: {}
[2025-04-29T07:10:19.330Z] [ERROR] Error extracting live stream: {}
[2025-04-29T07:10:20.011Z] [ERROR] Error extracting live stream: {}
[2025-04-29T07:10:31.090Z] [ERROR] Error processing Instagram account [object Object]: {}
[2025-04-29T07:10:31.095Z] [ERROR] Error processing Instagram account [object Object]: {}
[2025-04-29T07:10:31.097Z] [ERROR] Error processing Instagram account [object Object]: {}
[2025-04-29T07:10:31.099Z] [ERROR] Error processing Instagram account [object Object]: {}
[2025-04-29T07:10:31.101Z] [ERROR] Error processing Instagram account [object Object]: {}
[2025-04-29T07:10:31.102Z] [ERROR] Error processing Instagram account [object Object]: {}
[2025-04-29T07:10:31.104Z] [ERROR] Error processing Instagram account [object Object]: {}
[2025-04-29T07:10:31.106Z] [ERROR] Error processing Instagram account [object Object]: {}
[2025-04-29T07:10:31.108Z] [ERROR] Error processing Instagram account [object Object]: {}
[2025-04-29T07:10:31.109Z] [ERROR] Error processing Instagram account [object Object]: {}
[2025-04-29T07:10:31.111Z] [ERROR] Error processing Instagram account [object Object]: {}
[2025-04-29T07:10:31.113Z] [ERROR] Error processing Instagram account [object Object]: {}
[2025-04-29T07:10:31.114Z] [ERROR] Error processing Instagram account [object Object]: {}
[2025-04-29T07:10:31.115Z] [ERROR] Error processing Instagram account [object Object]: {}
[2025-04-29T07:10:31.116Z] [ERROR] Error processing Instagram account [object Object]: {}
[2025-04-29T07:10:31.117Z] [ERROR] Error processing Instagram account [object Object]: {}
[2025-04-29T07:10:31.716Z] [ERROR] Error extracting live stream: {}
[2025-04-29T07:10:31.760Z] [ERROR] Error processing Instagram account [object Object]: {}
[2025-04-29T07:10:31.761Z] [ERROR] Error processing Instagram account [object Object]: {}
[2025-04-29T07:10:31.762Z] [ERROR] Error processing Instagram account [object Object]: {}
[2025-04-29T07:10:31.762Z] [ERROR] Error processing Instagram account [object Object]: {}
[2025-04-29T07:10:31.763Z] [ERROR] Error processing Instagram account [object Object]: {}
[2025-04-29T07:10:31.770Z] [ERROR] Error processing Instagram account [object Object]: {}
[2025-04-29T07:10:31.771Z] [ERROR] Error processing Instagram account [object Object]: {}
[2025-04-29T07:10:31.776Z] [ERROR] Error processing Instagram account [object Object]: {}
[2025-04-29T07:10:31.779Z] [ERROR] Error processing Instagram account [object Object]: {}
[2025-04-29T07:10:31.780Z] [ERROR] Error processing Instagram account [object Object]: {}
[2025-04-29T07:10:31.783Z] [ERROR] Error processing Instagram account [object Object]: {}
[2025-04-29T07:10:31.786Z] [ERROR] Error processing Instagram account [object Object]: {}
[2025-04-29T07:10:31.787Z] [ERROR] Error processing Instagram account [object Object]: {}
[2025-04-29T07:10:31.788Z] [ERROR] Error processing Instagram account [object Object]: {}
[2025-04-29T07:10:31.789Z] [ERROR] Error processing Instagram account [object Object]: {}
[2025-04-29T07:10:31.789Z] [ERROR] Error processing Instagram account [object Object]: {}
[2025-04-29T07:10:32.508Z] [ERROR] Error extracting live stream: {}
[2025-04-29T07:10:32.987Z] [ERROR] Error extracting live stream: {}
[2025-04-29T07:10:33.625Z] [ERROR] Error extracting live stream: {}
[2025-04-29T07:10:34.285Z] [ERROR] Error extracting live stream: {}
[2025-04-29T07:10:34.990Z] [ERROR] Error extracting live stream: {}
[2025-04-29T07:10:46.090Z] [ERROR] Error processing Instagram account [object Object]: {}
[2025-04-29T07:10:46.091Z] [ERROR] Error processing Instagram account [object Object]: {}
[2025-04-29T07:10:46.091Z] [ERROR] Error processing Instagram account [object Object]: {}
[2025-04-29T07:10:46.092Z] [ERROR] Error processing Instagram account [object Object]: {}
[2025-04-29T07:10:46.092Z] [ERROR] Error processing Instagram account [object Object]: {}
[2025-04-29T07:10:46.092Z] [ERROR] Error processing Instagram account [object Object]: {}
[2025-04-29T07:10:46.092Z] [ERROR] Error processing Instagram account [object Object]: {}
[2025-04-29T07:10:46.093Z] [ERROR] Error processing Instagram account [object Object]: {}
[2025-04-29T07:10:46.093Z] [ERROR] Error processing Instagram account [object Object]: {}
[2025-04-29T07:10:46.094Z] [ERROR] Error processing Instagram account [object Object]: {}
[2025-04-29T07:10:46.094Z] [ERROR] Error processing Instagram account [object Object]: {}
[2025-04-29T07:10:46.095Z] [ERROR] Error processing Instagram account [object Object]: {}
[2025-04-29T07:10:46.095Z] [ERROR] Error processing Instagram account [object Object]: {}
[2025-04-29T07:10:46.096Z] [ERROR] Error processing Instagram account [object Object]: {}
[2025-04-29T07:10:46.096Z] [ERROR] Error processing Instagram account [object Object]: {}
[2025-04-29T07:10:46.097Z] [ERROR] Error processing Instagram account [object Object]: {}
[2025-04-29T07:10:46.760Z] [ERROR] Error processing Instagram account [object Object]: {}
[2025-04-29T07:10:46.764Z] [ERROR] Error processing Instagram account [object Object]: {}
[2025-04-29T07:10:46.766Z] [ERROR] Error processing Instagram account [object Object]: {}
[2025-04-29T07:10:46.767Z] [ERROR] Error processing Instagram account [object Object]: {}
[2025-04-29T07:10:46.767Z] [ERROR] Error processing Instagram account [object Object]: {}
[2025-04-29T07:10:46.767Z] [ERROR] Error processing Instagram account [object Object]: {}
[2025-04-29T07:10:46.767Z] [ERROR] Error processing Instagram account [object Object]: {}
[2025-04-29T07:10:46.769Z] [ERROR] Error processing Instagram account [object Object]: {}
[2025-04-29T07:10:46.769Z] [ERROR] Error processing Instagram account [object Object]: {}
[2025-04-29T07:10:46.769Z] [ERROR] Error processing Instagram account [object Object]: {}
[2025-04-29T07:10:46.770Z] [ERROR] Error processing Instagram account [object Object]: {}
[2025-04-29T07:10:46.771Z] [ERROR] Error processing Instagram account [object Object]: {}
[2025-04-29T07:10:46.772Z] [ERROR] Error processing Instagram account [object Object]: {}
[2025-04-29T07:10:46.773Z] [ERROR] Error processing Instagram account [object Object]: {}
[2025-04-29T07:10:46.774Z] [ERROR] Error processing Instagram account [object Object]: {}
[2025-04-29T07:10:46.775Z] [ERROR] Error processing Instagram account [object Object]: {}
[2025-04-29T07:10:46.972Z] [ERROR] Error extracting live stream: {}
[2025-04-29T07:10:47.598Z] [ERROR] Error extracting live stream: {}
[2025-04-29T07:10:48.036Z] [ERROR] Error extracting live stream: {}
[2025-04-29T07:10:48.640Z] [ERROR] Error extracting live stream: {}
[2025-04-29T07:10:49.273Z] [ERROR] Error extracting live stream: {}
[2025-04-29T07:10:50.035Z] [ERROR] Error extracting live stream: {}
[2025-04-29T07:11:01.092Z] [ERROR] Error processing Instagram account [object Object]: {}
[2025-04-29T07:11:01.096Z] [ERROR] Error processing Instagram account [object Object]: {}
[2025-04-29T07:11:01.097Z] [ERROR] Error processing Instagram account [object Object]: {}
[2025-04-29T07:11:01.097Z] [ERROR] Error processing Instagram account [object Object]: {}
[2025-04-29T07:11:01.098Z] [ERROR] Error processing Instagram account [object Object]: {}
[2025-04-29T07:11:01.098Z] [ERROR] Error processing Instagram account [object Object]: {}
[2025-04-29T07:11:01.100Z] [ERROR] Error processing Instagram account [object Object]: {}
[2025-04-29T07:11:01.102Z] [ERROR] Error processing Instagram account [object Object]: {}
[2025-04-29T07:11:01.114Z] [ERROR] Error processing Instagram account [object Object]: {}
[2025-04-29T07:11:01.116Z] [ERROR] Error processing Instagram account [object Object]: {}
[2025-04-29T07:11:01.123Z] [ERROR] Error processing Instagram account [object Object]: {}
[2025-04-29T07:11:01.128Z] [ERROR] Error processing Instagram account [object Object]: {}
[2025-04-29T07:11:01.128Z] [ERROR] Error processing Instagram account [object Object]: {}
[2025-04-29T07:11:01.128Z] [ERROR] Error processing Instagram account [object Object]: {}
[2025-04-29T07:11:01.129Z] [ERROR] Error processing Instagram account [object Object]: {}
[2025-04-29T07:11:01.129Z] [ERROR] Error processing Instagram account [object Object]: {}
[2025-04-29T07:11:01.760Z] [ERROR] Error processing Instagram account [object Object]: {}
[2025-04-29T07:11:01.763Z] [ERROR] Error processing Instagram account [object Object]: {}
[2025-04-29T07:11:01.766Z] [ERROR] Error processing Instagram account [object Object]: {}
[2025-04-29T07:11:01.768Z] [ERROR] Error processing Instagram account [object Object]: {}
[2025-04-29T07:11:01.769Z] [ERROR] Error processing Instagram account [object Object]: {}
[2025-04-29T07:11:01.771Z] [ERROR] Error processing Instagram account [object Object]: {}
[2025-04-29T07:11:01.777Z] [ERROR] Error processing Instagram account [object Object]: {}
[2025-04-29T07:11:01.779Z] [ERROR] Error processing Instagram account [object Object]: {}
[2025-04-29T07:11:01.779Z] [ERROR] Error processing Instagram account [object Object]: {}
[2025-04-29T07:11:01.780Z] [ERROR] Error processing Instagram account [object Object]: {}
[2025-04-29T07:11:01.780Z] [ERROR] Error processing Instagram account [object Object]: {}
[2025-04-29T07:11:01.780Z] [ERROR] Error processing Instagram account [object Object]: {}
[2025-04-29T07:11:01.781Z] [ERROR] Error processing Instagram account [object Object]: {}
[2025-04-29T07:11:01.783Z] [ERROR] Error processing Instagram account [object Object]: {}
[2025-04-29T07:11:01.789Z] [ERROR] Error processing Instagram account [object Object]: {}
[2025-04-29T07:11:01.790Z] [ERROR] Error processing Instagram account [object Object]: {}
[2025-04-29T07:11:01.984Z] [ERROR] Error extracting live stream: {}
[2025-04-29T07:11:02.724Z] [ERROR] Error extracting live stream: {}
[2025-04-29T07:11:03.321Z] [ERROR] Error extracting live stream: {}
[2025-04-29T07:11:04.064Z] [ERROR] Error extracting live stream: {}
[2025-04-29T07:11:04.826Z] [ERROR] Error extracting live stream: {}
[2025-04-29T07:11:05.408Z] [ERROR] Error extracting live stream: {}
[2025-04-29T07:11:48.249Z] [ERROR] Error importing jkt48MembersData module: {"code":"MODULE_NOT_FOUND","requireStack":["/home/runner/workspace/services/youtubeRealtimeService.js","/home/runner/workspace/index.js"]}
[2025-04-29T07:11:48.756Z] [ERROR] Error importing jkt48MembersData module: {"code":"MODULE_NOT_FOUND","requireStack":["/home/runner/workspace/services/youtubeRealtimeService.js","/home/runner/workspace/index.js"]}
[2025-04-29T07:11:49.178Z] [ERROR] Error importing jkt48MembersData module: {"code":"MODULE_NOT_FOUND","requireStack":["/home/runner/workspace/services/twitterService.js","/home/runner/workspace/index.js"]}
[2025-04-29T07:11:49.701Z] [ERROR] Error importing jkt48MembersData module: {"code":"MODULE_NOT_FOUND","requireStack":["/home/runner/workspace/services/twitterService.js","/home/runner/workspace/index.js"]}
[2025-04-29T07:11:50.438Z] [ERROR] Error importing jkt48MembersData module: {"code":"MODULE_NOT_FOUND","requireStack":["/home/runner/workspace/services/instagramService.js","/home/runner/workspace/index.js"]}
[2025-04-29T07:11:50.948Z] [ERROR] Error importing jkt48MembersData module: {"code":"MODULE_NOT_FOUND","requireStack":["/home/runner/workspace/services/instagramService.js","/home/runner/workspace/index.js"]}
[2025-04-29T07:12:49.178Z] [ERROR] Error importing jkt48MembersData module: {"code":"MODULE_NOT_FOUND","requireStack":["/home/runner/workspace/services/youtubeRealtimeService.js","/home/runner/workspace/index.js"]}
[2025-04-29T07:12:49.699Z] [ERROR] Error importing jkt48MembersData module: {"code":"MODULE_NOT_FOUND","requireStack":["/home/runner/workspace/services/youtubeRealtimeService.js","/home/runner/workspace/index.js"]}
[2025-04-29T07:13:49.178Z] [ERROR] Error importing jkt48MembersData module: {"code":"MODULE_NOT_FOUND","requireStack":["/home/runner/workspace/services/youtubeRealtimeService.js","/home/runner/workspace/index.js"]}
[2025-04-29T07:13:49.699Z] [ERROR] Error importing jkt48MembersData module: {"code":"MODULE_NOT_FOUND","requireStack":["/home/runner/workspace/services/youtubeRealtimeService.js","/home/runner/workspace/index.js"]}
[2025-04-29T07:14:49.178Z] [ERROR] Error importing jkt48MembersData module: {"code":"MODULE_NOT_FOUND","requireStack":["/home/runner/workspace/services/youtubeRealtimeService.js","/home/runner/workspace/index.js"]}
[2025-04-29T07:14:49.699Z] [ERROR] Error importing jkt48MembersData module: {"code":"MODULE_NOT_FOUND","requireStack":["/home/runner/workspace/services/youtubeRealtimeService.js","/home/runner/workspace/index.js"]}
[2025-04-29T07:15:00.194Z] [ERROR] Error importing jkt48MembersData module: {"code":"MODULE_NOT_FOUND","requireStack":["/home/runner/workspace/services/instagramService.js","/home/runner/workspace/index.js"]}
[2025-04-29T07:15:00.754Z] [ERROR] Error importing jkt48MembersData module: {"code":"MODULE_NOT_FOUND","requireStack":["/home/runner/workspace/services/instagramService.js","/home/runner/workspace/index.js"]}
[2025-04-29T07:15:49.180Z] [ERROR] Error importing jkt48MembersData module: {"code":"MODULE_NOT_FOUND","requireStack":["/home/runner/workspace/services/youtubeRealtimeService.js","/home/runner/workspace/index.js"]}
[2025-04-29T07:15:49.699Z] [ERROR] Error importing jkt48MembersData module: {"code":"MODULE_NOT_FOUND","requireStack":["/home/runner/workspace/services/youtubeRealtimeService.js","/home/runner/workspace/index.js"]}
[2025-04-29T07:16:49.180Z] [ERROR] Error importing jkt48MembersData module: {"code":"MODULE_NOT_FOUND","requireStack":["/home/runner/workspace/services/youtubeRealtimeService.js","/home/runner/workspace/index.js"]}
[2025-04-29T07:16:49.700Z] [ERROR] Error importing jkt48MembersData module: {"code":"MODULE_NOT_FOUND","requireStack":["/home/runner/workspace/services/youtubeRealtimeService.js","/home/runner/workspace/index.js"]}
[2025-04-29T07:16:50.438Z] [ERROR] Error importing jkt48MembersData module: {"code":"MODULE_NOT_FOUND","requireStack":["/home/runner/workspace/services/twitterService.js","/home/runner/workspace/index.js"]}
[2025-04-29T07:16:50.948Z] [ERROR] Error importing jkt48MembersData module: {"code":"MODULE_NOT_FOUND","requireStack":["/home/runner/workspace/services/twitterService.js","/home/runner/workspace/index.js"]}
[2025-04-29T07:16:51.949Z] [ERROR] Error importing jkt48MembersData module: {"code":"MODULE_NOT_FOUND","requireStack":["/home/runner/workspace/services/instagramService.js","/home/runner/workspace/index.js"]}
[2025-04-29T07:16:52.524Z] [ERROR] Error importing jkt48MembersData module: {"code":"MODULE_NOT_FOUND","requireStack":["/home/runner/workspace/services/instagramService.js","/home/runner/workspace/index.js"]}
[2025-04-29T07:17:49.181Z] [ERROR] Error importing jkt48MembersData module: {"code":"MODULE_NOT_FOUND","requireStack":["/home/runner/workspace/services/youtubeRealtimeService.js","/home/runner/workspace/index.js"]}
[2025-04-29T07:17:49.704Z] [ERROR] Error importing jkt48MembersData module: {"code":"MODULE_NOT_FOUND","requireStack":["/home/runner/workspace/services/youtubeRealtimeService.js","/home/runner/workspace/index.js"]}
[2025-04-29T07:18:49.181Z] [ERROR] Error importing jkt48MembersData module: {"code":"MODULE_NOT_FOUND","requireStack":["/home/runner/workspace/services/youtubeRealtimeService.js","/home/runner/workspace/index.js"]}
[2025-04-29T07:18:49.704Z] [ERROR] Error importing jkt48MembersData module: {"code":"MODULE_NOT_FOUND","requireStack":["/home/runner/workspace/services/youtubeRealtimeService.js","/home/runner/workspace/index.js"]}
[2025-04-29T07:19:49.181Z] [ERROR] Error importing jkt48MembersData module: {"code":"MODULE_NOT_FOUND","requireStack":["/home/runner/workspace/services/youtubeRealtimeService.js","/home/runner/workspace/index.js"]}
[2025-04-29T07:19:49.706Z] [ERROR] Error importing jkt48MembersData module: {"code":"MODULE_NOT_FOUND","requireStack":["/home/runner/workspace/services/youtubeRealtimeService.js","/home/runner/workspace/index.js"]}
[2025-04-29T07:20:00.354Z] [ERROR] Error importing jkt48MembersData module: {"code":"MODULE_NOT_FOUND","requireStack":["/home/runner/workspace/services/instagramService.js","/home/runner/workspace/index.js"]}
[2025-04-29T07:20:00.725Z] [ERROR] Error importing jkt48MembersData module: {"code":"MODULE_NOT_FOUND","requireStack":["/home/runner/workspace/services/instagramService.js","/home/runner/workspace/index.js"]}
[2025-04-29T07:21:12.693Z] [ERROR] Error importing jkt48MembersData module: {"code":"MODULE_NOT_FOUND","requireStack":["/home/runner/workspace/services/youtubeRealtimeService.js","/home/runner/workspace/index.js"]}
[2025-04-29T07:21:13.031Z] [ERROR] Error importing jkt48MembersData module: {"code":"MODULE_NOT_FOUND","requireStack":["/home/runner/workspace/services/youtubeRealtimeService.js","/home/runner/workspace/index.js"]}
[2025-04-29T07:21:15.803Z] [ERROR] Error importing jkt48MembersData module: {"code":"MODULE_NOT_FOUND","requireStack":["/home/runner/workspace/services/twitterService.js","/home/runner/workspace/index.js"]}
[2025-04-29T07:21:15.858Z] [ERROR] Error importing jkt48MembersData module: {"code":"MODULE_NOT_FOUND","requireStack":["/home/runner/workspace/services/twitterService.js","/home/runner/workspace/index.js"]}
[2025-04-29T07:21:18.074Z] [ERROR] Error importing jkt48MembersData module: {"code":"MODULE_NOT_FOUND","requireStack":["/home/runner/workspace/services/instagramService.js","/home/runner/workspace/index.js"]}
[2025-04-29T07:21:18.187Z] [ERROR] Error importing jkt48MembersData module: {"code":"MODULE_NOT_FOUND","requireStack":["/home/runner/workspace/services/instagramService.js","/home/runner/workspace/index.js"]}
[2025-04-29T07:22:15.802Z] [ERROR] Error importing jkt48MembersData module: {"code":"MODULE_NOT_FOUND","requireStack":["/home/runner/workspace/services/youtubeRealtimeService.js","/home/runner/workspace/index.js"]}
[2025-04-29T07:22:15.857Z] [ERROR] Error importing jkt48MembersData module: {"code":"MODULE_NOT_FOUND","requireStack":["/home/runner/workspace/services/youtubeRealtimeService.js","/home/runner/workspace/index.js"]}
[2025-04-29T07:23:15.804Z] [ERROR] Error importing jkt48MembersData module: {"code":"MODULE_NOT_FOUND","requireStack":["/home/runner/workspace/services/youtubeRealtimeService.js","/home/runner/workspace/index.js"]}
[2025-04-29T07:23:15.858Z] [ERROR] Error importing jkt48MembersData module: {"code":"MODULE_NOT_FOUND","requireStack":["/home/runner/workspace/services/youtubeRealtimeService.js","/home/runner/workspace/index.js"]}
[2025-04-29T07:37:55.837Z] [ERROR] Error importing jkt48MembersData module: {"code":"MODULE_NOT_FOUND","requireStack":["/home/runner/workspace/services/youtubeRealtimeService.js","/home/runner/workspace/index.js"]}
[2025-04-29T07:37:56.744Z] [ERROR] Error importing jkt48MembersData module: {"code":"MODULE_NOT_FOUND","requireStack":["/home/runner/workspace/services/twitterService.js","/home/runner/workspace/index.js"]}
[2025-04-29T07:37:57.879Z] [ERROR] Error importing jkt48MembersData module: {"code":"MODULE_NOT_FOUND","requireStack":["/home/runner/workspace/services/instagramService.js","/home/runner/workspace/index.js"]}
[2025-04-29T07:37:58.921Z] [ERROR] Error importing jkt48MembersData module: {"code":"MODULE_NOT_FOUND","requireStack":["/home/runner/workspace/services/youtubeRealtimeService.js","/home/runner/workspace/index.js"]}
[2025-04-29T07:37:59.807Z] [ERROR] Error importing jkt48MembersData module: {"code":"MODULE_NOT_FOUND","requireStack":["/home/runner/workspace/services/twitterService.js","/home/runner/workspace/index.js"]}
[2025-04-29T07:38:00.805Z] [ERROR] Error importing jkt48MembersData module: {"code":"MODULE_NOT_FOUND","requireStack":["/home/runner/workspace/services/instagramService.js","/home/runner/workspace/index.js"]}
[2025-04-29T07:38:56.745Z] [ERROR] Error importing jkt48MembersData module: {"code":"MODULE_NOT_FOUND","requireStack":["/home/runner/workspace/services/youtubeRealtimeService.js","/home/runner/workspace/index.js"]}
[2025-04-29T07:38:59.807Z] [ERROR] Error importing jkt48MembersData module: {"code":"MODULE_NOT_FOUND","requireStack":["/home/runner/workspace/services/youtubeRealtimeService.js","/home/runner/workspace/index.js"]}
[2025-04-29T07:39:56.745Z] [ERROR] Error importing jkt48MembersData module: {"code":"MODULE_NOT_FOUND","requireStack":["/home/runner/workspace/services/youtubeRealtimeService.js","/home/runner/workspace/index.js"]}
[2025-04-29T07:39:59.807Z] [ERROR] Error importing jkt48MembersData module: {"code":"MODULE_NOT_FOUND","requireStack":["/home/runner/workspace/services/youtubeRealtimeService.js","/home/runner/workspace/index.js"]}
[2025-04-29T07:40:00.746Z] [ERROR] Error importing jkt48MembersData module: {"code":"MODULE_NOT_FOUND","requireStack":["/home/runner/workspace/services/instagramService.js","/home/runner/workspace/index.js"]}
[2025-04-29T07:40:56.745Z] [ERROR] Error importing jkt48MembersData module: {"code":"MODULE_NOT_FOUND","requireStack":["/home/runner/workspace/services/youtubeRealtimeService.js","/home/runner/workspace/index.js"]}
[2025-04-29T07:40:59.808Z] [ERROR] Error importing jkt48MembersData module: {"code":"MODULE_NOT_FOUND","requireStack":["/home/runner/workspace/services/youtubeRealtimeService.js","/home/runner/workspace/index.js"]}
[2025-04-29T07:41:56.745Z] [ERROR] Error importing jkt48MembersData module: {"code":"MODULE_NOT_FOUND","requireStack":["/home/runner/workspace/services/youtubeRealtimeService.js","/home/runner/workspace/index.js"]}
[2025-04-29T07:41:59.809Z] [ERROR] Error importing jkt48MembersData module: {"code":"MODULE_NOT_FOUND","requireStack":["/home/runner/workspace/services/youtubeRealtimeService.js","/home/runner/workspace/index.js"]}
[2025-04-29T07:42:56.746Z] [ERROR] Error importing jkt48MembersData module: {"code":"MODULE_NOT_FOUND","requireStack":["/home/runner/workspace/services/youtubeRealtimeService.js","/home/runner/workspace/index.js"]}
[2025-04-29T07:42:57.880Z] [ERROR] Error importing jkt48MembersData module: {"code":"MODULE_NOT_FOUND","requireStack":["/home/runner/workspace/services/twitterService.js","/home/runner/workspace/index.js"]}
[2025-04-29T07:42:59.205Z] [ERROR] Error importing jkt48MembersData module: {"code":"MODULE_NOT_FOUND","requireStack":["/home/runner/workspace/services/instagramService.js","/home/runner/workspace/index.js"]}
[2025-04-29T07:42:59.810Z] [ERROR] Error importing jkt48MembersData module: {"code":"MODULE_NOT_FOUND","requireStack":["/home/runner/workspace/services/youtubeRealtimeService.js","/home/runner/workspace/index.js"]}
[2025-04-29T07:43:00.805Z] [ERROR] Error importing jkt48MembersData module: {"code":"MODULE_NOT_FOUND","requireStack":["/home/runner/workspace/services/twitterService.js","/home/runner/workspace/index.js"]}
[2025-04-29T07:43:02.043Z] [ERROR] Error importing jkt48MembersData module: {"code":"MODULE_NOT_FOUND","requireStack":["/home/runner/workspace/services/instagramService.js","/home/runner/workspace/index.js"]}
[2025-04-29T07:43:56.746Z] [ERROR] Error importing jkt48MembersData module: {"code":"MODULE_NOT_FOUND","requireStack":["/home/runner/workspace/services/youtubeRealtimeService.js","/home/runner/workspace/index.js"]}
[2025-04-29T07:43:59.811Z] [ERROR] Error importing jkt48MembersData module: {"code":"MODULE_NOT_FOUND","requireStack":["/home/runner/workspace/services/youtubeRealtimeService.js","/home/runner/workspace/index.js"]}
[2025-04-29T07:44:56.747Z] [ERROR] Error importing jkt48MembersData module: {"code":"MODULE_NOT_FOUND","requireStack":["/home/runner/workspace/services/youtubeRealtimeService.js","/home/runner/workspace/index.js"]}
[2025-04-29T07:44:59.813Z] [ERROR] Error importing jkt48MembersData module: {"code":"MODULE_NOT_FOUND","requireStack":["/home/runner/workspace/services/youtubeRealtimeService.js","/home/runner/workspace/index.js"]}
[2025-04-29T07:45:00.801Z] [ERROR] Error importing jkt48MembersData module: {"code":"MODULE_NOT_FOUND","requireStack":["/home/runner/workspace/services/instagramService.js","/home/runner/workspace/index.js"]}
[2025-04-29T07:45:00.856Z] [ERROR] Error importing jkt48MembersData module: {"code":"MODULE_NOT_FOUND","requireStack":["/home/runner/workspace/services/instagramService.js","/home/runner/workspace/index.js"]}
[2025-04-29T07:45:44.554Z] [ERROR] Error importing jkt48MembersData module: {"code":"MODULE_NOT_FOUND","requireStack":["/home/runner/workspace/services/twitterService.js","/home/runner/workspace/index.js"]}
[2025-04-29T07:45:45.095Z] [ERROR] Error importing jkt48MembersData module: {"code":"MODULE_NOT_FOUND","requireStack":["/home/runner/workspace/services/twitterService.js","/home/runner/workspace/index.js"]}
[2025-04-29T07:45:45.700Z] [ERROR] Error importing jkt48MembersData module: {"code":"MODULE_NOT_FOUND","requireStack":["/home/runner/workspace/services/instagramService.js","/home/runner/workspace/index.js"]}
[2025-04-29T07:45:46.204Z] [ERROR] Error importing jkt48MembersData module: {"code":"MODULE_NOT_FOUND","requireStack":["/home/runner/workspace/services/instagramService.js","/home/runner/workspace/index.js"]}
[2025-04-29T07:48:26.585Z] [ERROR] Error executing command "botstatus": {"requestBody":{"json":{"type":5,"data":{"flags":0}}},"rawError":{"message":"Unknown interaction","code":10062},"code":10062,"status":404,"method":"POST","url":"https://discord.com/api/v10/interactions/1366682528144166972/aW50ZXJhY3Rpb246MTM2NjY4MjUyODE0NDE2Njk3MjpaZlkwOFpLSVVnUlhDclJLZEZVS3BqOWptVWZjSUc3Sm1NUlJ4Z3VYTHdSSEhSeDJtN1Z4ZmV3bFJDa3E2RXBCdE5ma0NnQ1htZXBIVnZPUkZGQlhjSXhDS3VwT1RaY24yT1JIMmQ3RFJ6NGxkbEFqem1PMlhseTI5R1FDeVZGQQ/callback?with_response=false"}
[2025-04-29T07:48:26.718Z] [ERROR] Failed to send error reply: {"requestBody":{"files":[],"json":{"type":4,"data":{"content":"Terjadi kesalahan saat menjalankan perintah ini.","tts":false,"enforce_nonce":false,"flags":64}}},"rawError":{"message":"Unknown interaction","code":10062},"code":10062,"status":404,"method":"POST","url":"https://discord.com/api/v10/interactions/1366682528144166972/aW50ZXJhY3Rpb246MTM2NjY4MjUyODE0NDE2Njk3MjpaZlkwOFpLSVVnUlhDclJLZEZVS3BqOWptVWZjSUc3Sm1NUlJ4Z3VYTHdSSEhSeDJtN1Z4ZmV3bFJDa3E2RXBCdE5ma0NnQ1htZXBIVnZPUkZGQlhjSXhDS3VwT1RaY24yT1JIMmQ3RFJ6NGxkbEFqem1PMlhseTI5R1FDeVZGQQ/callback?with_response=false"}
[2025-04-29T07:48:37.226Z] [ERROR] Error executing allmemberjkt48 command: {"name":"Error","message":"Received one or more errors"}
[2025-04-29T07:48:37.233Z] [ERROR] Error executing allmemberjkt48 command: {"name":"Error","message":"Received one or more errors"}
[2025-04-29T07:48:37.346Z] [ERROR] Error executing command "allmemberjkt48": {"requestBody":{"files":[],"json":{"type":4,"data":{"content":"Terjadi kesalahan saat menampilkan daftar member JKT48. Silakan coba lagi nanti.","tts":false,"enforce_nonce":false,"flags":64}}},"rawError":{"message":"Unknown interaction","code":10062},"code":10062,"status":404,"method":"POST","url":"https://discord.com/api/v10/interactions/1366682573144588511/aW50ZXJhY3Rpb246MTM2NjY4MjU3MzE0NDU4ODUxMTp3YnZDZzZ5NUZuUHFBQWU5M0EyYTYxSTl3UTYxZEU5RTRSaTJRQnhmSGVSWGdvN0pGVmhrb0lJclhQbnBFUEtmNTFTekZGc1czb1ZibkpEMkx3cUUxeFBPaFQwY0Y3dnZqWEl0bUFGQjBrZUNPbm5XNjlSbDJWamlIVjhLNzVwOQ/callback?with_response=false"}
[2025-04-29T07:48:37.449Z] [ERROR] Failed to send error reply: {"requestBody":{"files":[],"json":{"type":4,"data":{"content":"Terjadi kesalahan saat menjalankan perintah ini.","tts":false,"enforce_nonce":false,"flags":64}}},"rawError":{"message":"Interaction has already been acknowledged.","code":40060},"code":40060,"status":400,"method":"POST","url":"https://discord.com/api/v10/interactions/1366682573144588511/aW50ZXJhY3Rpb246MTM2NjY4MjU3MzE0NDU4ODUxMTp3YnZDZzZ5NUZuUHFBQWU5M0EyYTYxSTl3UTYxZEU5RTRSaTJRQnhmSGVSWGdvN0pGVmhrb0lJclhQbnBFUEtmNTFTekZGc1czb1ZibkpEMkx3cUUxeFBPaFQwY0Y3dnZqWEl0bUFGQjBrZUNPbm5XNjlSbDJWamlIVjhLNzVwOQ/callback?with_response=false"}
[2025-04-29T07:48:52.919Z] [ERROR] Error executing gachamemberjkt48 command: {"requestBody":{"files":[],"json":{"type":4,"data":{"tts":false,"enforce_nonce":false,"embeds":[{"color":2031360,"author":{"name":"𝙽𝙰𝚁𝙰𝚁𝚈𝙰 𝙶𝙰𝚁𝙰𝙶𝙴 𝙱𝙾𝚃","icon_url":"https://media.discordapp.net/attachments/1297153787454296074/1341294189337378849/480416095_926454325972260_2363408671788321894_n.jpg?ex=67dd060e&is=67dbb48e&hm=505d9ed1abe771e3f387a74175e08fde512de339d6fcf7cb4ca3e36a8f008cb4&"},"footer":{"text":"𝙽𝙰𝚁𝙰𝚁𝚈𝙰 𝙶𝙰𝚁𝙰𝙶𝙴 - 𝙲𝙾𝙼𝙼𝚄𝙽𝙸𝚃𝚈 𝚂𝙴𝚁𝚅𝙴𝚁","icon_url":"https://media.discordapp.net/attachments/1297153787454296074/1341294189337378849/480416095_926454325972260_2363408671788321894_n.jpg?ex=67dd060e&is=67dbb48e&hm=505d9ed1abe771e3f387a74175e08fde512de339d6fcf7cb4ca3e36a8f008cb4&"},"timestamp":"2025-04-29T07:48:52.790Z","title":"🎮 Gacha Member JKT48 - Uncommon","description":"Kamu mendapatkan member Uncommon Tier!","fields":[{"name":"Member","value":"Levi","inline":true},{"name":"Nickname","value":"Levi","inline":true},{"name":"Team","value":"Trainee","inline":true},{"name":"Generation","value":"12","inline":true},{"name":"Tier","value":"Uncommon","inline":true},{"name":"Gacha Hari Ini","value":"1/15","inline":true},{"name":"Social Media","value":"[Twitter](https://twitter.com/Levi_JKT48) | [Instagram](https://www.instagram.com/jkt48.levi/) | [TikTok](https://www.tiktok.com/@jkt48.levi/) | [Showroom](https://www.showroom-live.com/r/JKT48_Levi)","inline":false}]}]}}},"rawError":{"message":"Unknown interaction","code":10062},"code":10062,"status":404,"method":"POST","url":"https://discord.com/api/v10/interactions/1366682617318998077/aW50ZXJhY3Rpb246MTM2NjY4MjYxNzMxODk5ODA3NzpPTnE1M1BxbEFUY1FTRmhUNW1nVXJhOE05VjhqNk5EV3QzZFA0aE9DUDA5aHRvRkZzWmthWTNnYWRtc0V0ejB3MmM1SWtGUnZTQlY3SVJrTmtxc1UwYzdHQXE0S0NSRDRrSEZnVWoxS01VcnpyNDdXWDVVWmc5Y1FWaklwZ1Q5Ug/callback?with_response=false"}
[2025-04-29T07:48:53.048Z] [ERROR] Error executing command "gachamemberjkt48": {"requestBody":{"files":[],"json":{"type":4,"data":{"content":"Terjadi kesalahan saat melakukan gacha. Silakan coba lagi.","tts":false,"enforce_nonce":false,"flags":64}}},"rawError":{"message":"Unknown interaction","code":10062},"code":10062,"status":404,"method":"POST","url":"https://discord.com/api/v10/interactions/1366682617318998077/aW50ZXJhY3Rpb246MTM2NjY4MjYxNzMxODk5ODA3NzpPTnE1M1BxbEFUY1FTRmhUNW1nVXJhOE05VjhqNk5EV3QzZFA0aE9DUDA5aHRvRkZzWmthWTNnYWRtc0V0ejB3MmM1SWtGUnZTQlY3SVJrTmtxc1UwYzdHQXE0S0NSRDRrSEZnVWoxS01VcnpyNDdXWDVVWmc5Y1FWaklwZ1Q5Ug/callback?with_response=false"}
[2025-04-29T07:48:53.162Z] [ERROR] Failed to send error reply: {"requestBody":{"files":[],"json":{"type":4,"data":{"content":"Terjadi kesalahan saat menjalankan perintah ini.","tts":false,"enforce_nonce":false,"flags":64}}},"rawError":{"message":"Unknown interaction","code":10062},"code":10062,"status":404,"method":"POST","url":"https://discord.com/api/v10/interactions/1366682617318998077/aW50ZXJhY3Rpb246MTM2NjY4MjYxNzMxODk5ODA3NzpPTnE1M1BxbEFUY1FTRmhUNW1nVXJhOE05VjhqNk5EV3QzZFA0aE9DUDA5aHRvRkZzWmthWTNnYWRtc0V0ejB3MmM1SWtGUnZTQlY3SVJrTmtxc1UwYzdHQXE0S0NSRDRrSEZnVWoxS01VcnpyNDdXWDVVWmc5Y1FWaklwZ1Q5Ug/callback?with_response=false"}
[2025-04-29T07:48:53.376Z] [ERROR] Error executing gachamemberjkt48 command: {"requestBody":{"files":[],"json":{"type":4,"data":{"tts":false,"enforce_nonce":false,"embeds":[{"color":13421772,"author":{"name":"𝙽𝙰𝚁𝙰𝚁𝚈𝙰 𝙶𝙰𝚁𝙰𝙶𝙴 𝙱𝙾𝚃","icon_url":"https://media.discordapp.net/attachments/1297153787454296074/1341294189337378849/480416095_926454325972260_2363408671788321894_n.jpg?ex=67dd060e&is=67dbb48e&hm=505d9ed1abe771e3f387a74175e08fde512de339d6fcf7cb4ca3e36a8f008cb4&"},"footer":{"text":"𝙽𝙰𝚁𝙰𝚁𝚈𝙰 𝙶𝙰𝚁𝙰𝙶𝙴 - 𝙲𝙾𝙼𝙼𝚄𝙽𝙸𝚃𝚈 𝚂𝙴𝚁𝚅𝙴𝚁","icon_url":"https://media.discordapp.net/attachments/1297153787454296074/1341294189337378849/480416095_926454325972260_2363408671788321894_n.jpg?ex=67dd060e&is=67dbb48e&hm=505d9ed1abe771e3f387a74175e08fde512de339d6fcf7cb4ca3e36a8f008cb4&"},"timestamp":"2025-04-29T07:48:53.273Z","title":"🎮 Gacha Member JKT48 - Common","description":"Kamu mendapatkan member Common Tier!","fields":[{"name":"Member","value":"Fiony Alveria","inline":true},{"name":"Nickname","value":"Fiony","inline":true},{"name":"Team","value":"J","inline":true},{"name":"Generation","value":"8","inline":true},{"name":"Tier","value":"Common","inline":true},{"name":"Gacha Hari Ini","value":"1/15","inline":true},{"name":"Social Media","value":"[Twitter](https://twitter.com/A_FionyJKT48) | [Instagram](https://www.instagram.com/jkt48.fiony/) | [TikTok](https://www.tiktok.com/@fionyjkt48/) | [Showroom](https://www.showroom-live.com/r/JKT48_Fiony)","inline":false}]}]}}},"rawError":{"message":"Unknown interaction","code":10062},"code":10062,"status":404,"method":"POST","url":"https://discord.com/api/v10/interactions/1366682617318998077/aW50ZXJhY3Rpb246MTM2NjY4MjYxNzMxODk5ODA3NzpPTnE1M1BxbEFUY1FTRmhUNW1nVXJhOE05VjhqNk5EV3QzZFA0aE9DUDA5aHRvRkZzWmthWTNnYWRtc0V0ejB3MmM1SWtGUnZTQlY3SVJrTmtxc1UwYzdHQXE0S0NSRDRrSEZnVWoxS01VcnpyNDdXWDVVWmc5Y1FWaklwZ1Q5Ug/callback?with_response=false"}
[2025-04-29T07:48:53.573Z] [ERROR] Error executing command "gachamemberjkt48": {"requestBody":{"files":[],"json":{"type":4,"data":{"content":"Terjadi kesalahan saat melakukan gacha. Silakan coba lagi.","tts":false,"enforce_nonce":false,"flags":64}}},"rawError":{"message":"Unknown interaction","code":10062},"code":10062,"status":404,"method":"POST","url":"https://discord.com/api/v10/interactions/1366682617318998077/aW50ZXJhY3Rpb246MTM2NjY4MjYxNzMxODk5ODA3NzpPTnE1M1BxbEFUY1FTRmhUNW1nVXJhOE05VjhqNk5EV3QzZFA0aE9DUDA5aHRvRkZzWmthWTNnYWRtc0V0ejB3MmM1SWtGUnZTQlY3SVJrTmtxc1UwYzdHQXE0S0NSRDRrSEZnVWoxS01VcnpyNDdXWDVVWmc5Y1FWaklwZ1Q5Ug/callback?with_response=false"}
[2025-04-29T07:48:53.648Z] [ERROR] Failed to send error reply: {"requestBody":{"files":[],"json":{"type":4,"data":{"content":"Terjadi kesalahan saat menjalankan perintah ini.","tts":false,"enforce_nonce":false,"flags":64}}},"rawError":{"message":"Unknown interaction","code":10062},"code":10062,"status":404,"method":"POST","url":"https://discord.com/api/v10/interactions/1366682617318998077/aW50ZXJhY3Rpb246MTM2NjY4MjYxNzMxODk5ODA3NzpPTnE1M1BxbEFUY1FTRmhUNW1nVXJhOE05VjhqNk5EV3QzZFA0aE9DUDA5aHRvRkZzWmthWTNnYWRtc0V0ejB3MmM1SWtGUnZTQlY3SVJrTmtxc1UwYzdHQXE0S0NSRDRrSEZnVWoxS01VcnpyNDdXWDVVWmc5Y1FWaklwZ1Q5Ug/callback?with_response=false"}
[2025-04-29T07:50:00.221Z] [ERROR] Error importing jkt48MembersData module: {"code":"MODULE_NOT_FOUND","requireStack":["/home/runner/workspace/services/instagramService.js","/home/runner/workspace/index.js"]}
[2025-04-29T07:50:00.760Z] [ERROR] Error importing jkt48MembersData module: {"code":"MODULE_NOT_FOUND","requireStack":["/home/runner/workspace/services/instagramService.js","/home/runner/workspace/index.js"]}
[2025-04-29T07:50:54.850Z] [ERROR] Error importing jkt48MembersData module: {"code":"MODULE_NOT_FOUND","requireStack":["/home/runner/workspace/services/twitterService.js","/home/runner/workspace/index.js"]}
[2025-04-29T07:50:55.212Z] [ERROR] Error importing jkt48MembersData module: {"code":"MODULE_NOT_FOUND","requireStack":["/home/runner/workspace/services/twitterService.js","/home/runner/workspace/index.js"]}
[2025-04-29T07:50:55.975Z] [ERROR] Error importing jkt48MembersData module: {"code":"MODULE_NOT_FOUND","requireStack":["/home/runner/workspace/services/instagramService.js","/home/runner/workspace/index.js"]}
[2025-04-29T07:50:56.309Z] [ERROR] Error importing jkt48MembersData module: {"code":"MODULE_NOT_FOUND","requireStack":["/home/runner/workspace/services/instagramService.js","/home/runner/workspace/index.js"]}
[2025-04-29T08:31:06.881Z] [ERROR] Error getting Hijri date: Request failed with status code 404
[2025-04-29T08:31:11.744Z] [ERROR] Error getting Hijri date: Request failed with status code 404
[2025-04-29T08:33:17.216Z] [ERROR] Error getting Hijri date: Request failed with status code 404
[2025-04-29T08:33:17.286Z] [ERROR] Fallback API also failed: Request failed with status code 404
[2025-04-29T08:33:17.286Z] [ERROR] Error activating Ramadhan notifications: getFallbackHijriDate is not defined
[2025-04-29T08:33:34.344Z] [ERROR] Error getting Hijri date: Request failed with status code 404
[2025-04-29T08:33:34.410Z] [ERROR] Fallback API also failed: Request failed with status code 404
[2025-04-29T08:33:34.410Z] [ERROR] Error activating Ramadhan notifications: getFallbackHijriDate is not defined
[2025-04-29T08:35:29.934Z] [ERROR] Error deploying commands: {"requestBody":{"json":[{"options":[{"type":3,"name":"message","description":"Pesan yang ingin disampaikan pada AI","required":true},{"type":3,"choices":[{"name":"Llama 3.1 Sonar Small (Lebih cepat)","value":"llama-3.1-sonar-small-128k-online"},{"name":"Llama 3.1 Sonar Large (Lebih pintar)","value":"llama-3.1-sonar-large-128k-online"},{"name":"Llama 3.1 Sonar Huge (Terpintar)","value":"llama-3.1-sonar-huge-128k-online"}],"name":"model","description":"Model AI yang ingin digunakan","required":false}],"name":"aichat","description":"Berbicara dengan AI dalam berbagai bahasa","type":1},{"options":[{"type":3,"name":"pesan","description":"Pesan yang ingin kamu sampaikan ke AI","required":true}],"name":"chat","description":"Chat dengan AI JKT48 bot","type":1},{"options":[{"type":3,"name":"prompt","description":"Deskripsi gambar yang ingin dibuat","required":true},{"type":3,"choices":[{"name":"Anime","value":"anime"},{"name":"Pixel Art","value":"pixel"},{"name":"Realistic","value":"realistic"},{"name":"Sketch","value":"sketch"},{"name":"Vaporwave","value":"vaporwave"},{"name":"Pop Art","value":"pop"},{"name":"JKT48","value":"jkt"}],"name":"style","description":"Style gambar yang diinginkan","required":false},{"type":4,"choices":[{"name":"Kecil (256x256)","value":256},{"name":"Medium (512x512)","value":512},{"name":"Besar (1024x1024)","value":1024}],"name":"size","description":"Ukuran gambar","required":false}],"name":"image","description":"Buat gambar AI berdasarkan prompt","type":1},{"options":[{"type":1,"name":"info","description":"Informasi tentang cara melakukan donasi","options":[]},{"type":1,"name":"submit","description":"Submit bukti donasi untuk mendapatkan role donatur","options":[]}],"name":"donasi","description":"Informasi cara berdonasi dan mendukung server","type":1},{"options":[{"type":3,"name":"item","description":"ID barang yang ingin dibeli","required":true},{"type":4,"name":"quantity","description":"Jumlah barang yang ingin dibeli","required":false}],"name":"buy","description":"Beli barang dari marketplace","type":1},{"options":[{"name":"user","description":"Lihat inventory user lain (khusus admin)","required":false,"type":6}],"name":"inventory","description":"Lihat barang-barang yang kamu miliki","type":1},{"options":[{"type":1,"name":"start","description":"Mulai memancing","options":[]},{"type":1,"name":"inventory","description":"Melihat hasil pancingan kamu","options":[]},{"type":1,"name":"sell","description":"Menjual hasil pancingan","options":[{"type":3,"choices":[{"name":"all","value":"all"},{"name":"trash","value":"trash"},{"name":"common","value":"common"},{"name":"uncommon","value":"uncommon"},{"name":"rare","value":"rare"},{"name":"epic","value":"epic"},{"name":"legendary","value":"legendary"},{"name":"mythic","value":"mythic"}],"name":"item","description":"Item yang ingin dijual","required":true}]},{"type":1,"name":"shop","description":"Beli alat pancing yang lebih baik","options":[]},{"type":1,"name":"upgrade","description":"Upgrade alat pancingmu","options":[{"type":4,"choices":[{"name":"Level 2 - Pancingan Kayu","value":2},{"name":"Level 3 - Pancingan Aluminium","value":3},{"name":"Level 4 - Pancingan Carbon","value":4},{"name":"Level 5 - Pancingan Pro","value":5}],"name":"level","description":"Level pancingan yang ingin dibeli","required":true}]}],"name":"mancing","description":"Memancing untuk mendapatkan ikan dan NGC","type":1},{"options":[{"type":1,"name":"balance","description":"Cek saldo NGC milikmu","options":[{"name":"user","description":"User yang ingin dicek saldonya (opsional)","required":false,"type":6}]},{"type":1,"name":"daily","description":"Klaim NGC harian (antara 50-150 NGC)","options":[]},{"type":1,"name":"transfer","description":"Transfer NGC ke user lain","options":[{"name":"user","description":"User yang akan menerima transfer","required":true,"type":6},{"min_value":10,"type":4,"name":"amount","description":"Jumlah NGC yang akan ditransfer","required":true}]}],"name":"ngc","description":"Sistem ekonomi NGC (Nararya Garage Currency)","type":1},{"options":[{"type":3,"choices":[{"name":"Semua","value":"all"},{"name":"Special","value":"special"},{"name":"Role","value":"role"},{"name":"Custom","value":"custom"},{"name":"Power","value":"power"},{"name":"Perk","value":"perk"}],"name":"kategori","description":"Tampilkan barang berdasarkan kategori","required":false}],"name":"pasar","description":"Lihat barang-barang di marketplace","type":1},{"options":[{"type":3,"name":"item","description":"ID barang yang ingin dijual","required":true},{"type":4,"name":"quantity","description":"Jumlah barang yang ingin dijual","required":false}],"name":"sell","description":"Jual barang ke marketplace","type":1},{"options":[{"name":"user","description":"User yang akan menerima NGC","required":true,"type":6},{"type":4,"name":"amount","description":"Jumlah NGC yang akan ditransfer","required":true},{"type":3,"name":"pesan","description":"Pesan untuk penerima (opsional)","required":false}],"name":"transfer","description":"Transfer NGC ke pengguna lain","type":1},{"options":[{"type":3,"name":"pertanyaan","description":"Pertanyaan yang ingin kamu tanyakan pada Magic 8 Ball","required":true}],"name":"8ball","description":"Bertanya pada Magic 8 Ball","type":1},{"options":[{"max_value":10,"min_value":1,"type":4,"name":"count","description":"Jumlah dadu yang ingin dilempar (1-10)","required":false},{"max_value":100,"min_value":2,"type":4,"name":"sides","description":"Jumlah sisi dadu (2-100)","required":false},{"name":"sum","description":"Apakah ingin menjumlahkan hasil dadu","required":false,"type":5}],"name":"dice","description":"Lempar dadu virtual dengan jumlah sisi yang bisa disesuaikan","type":1},{"options":[],"name":"meme","description":"Menampilkan meme acak","type":1},{"options":[{"type":3,"name":"nama","description":"Nama masakan yang ingin dicari (contoh: \"ayam goreng\", \"rendang\", dll)","required":true}],"name":"resep","description":"Mencari resep masakan berdasarkan kata kunci","type":1},{"options":[{"type":3,"name":"pesan","description":"Pesan yang ingin kamu buat bot katakan","required":true},{"name":"anonymous","description":"Sembunyikan siapa yang membuat pesan ini","required":false,"type":5}],"name":"say","description":"Membuat bot mengatakan pesan yang kamu inginkan","type":1},{"options":[{"type":1,"name":"mulai","description":"Mulai memancing untuk mendapatkan hadiah dan XP","options":[]},{"type":1,"name":"koleksi","description":"Lihat koleksi mancing kamu","options":[]},{"type":1,"name":"lelang","description":"Jual hasil tangkapan kamu untuk mendapatkan koin","options":[{"type":3,"name":"item","description":"Item yang ingin dijual (semua untuk menjual semua)","required":true},{"type":4,"name":"jumlah","description":"Jumlah item yang ingin dijual","required":false}]}],"name":"mancing","description":"Pergi memancing untuk mendapatkan hadiah dan XP","type":1},{"options":[],"name":"gachamemberjkt48","description":"Gacha member JKT48 (Max 15x sehari)","type":1},{"options":[],"name":"tebaklagujkt48","description":"Game tebak lagu JKT48","type":1},{"options":[{"name":"include_graduated","description":"Sertakan member yang sudah graduated","required":false,"type":5}],"name":"tebaknamajkt48","description":"Game tebak nama member JKT48","type":1},{"options":[{"type":3,"choices":[{"name":"Terbaru","value":"latest"},{"name":"Politik","value":"politics"},{"name":"Ekonomi","value":"economy"},{"name":"Teknologi","value":"technology"},{"name":"Olahraga","value":"sports"},{"name":"Hiburan","value":"entertainment"}],"name":"jenis","description":"Jenis berita","required":false}],"name":"beritadunia","description":"Mendapatkan berita terbaru dari seluruh dunia","type":1},{"options":[{"type":3,"choices":[{"name":"Terbaru","value":"latest"},{"name":"Politik","value":"politics"},{"name":"Ekonomi","value":"economy"},{"name":"Teknologi","value":"technology"},{"name":"Olahraga","value":"sports"},{"name":"Hiburan","value":"entertainment"}],"name":"jenis","description":"Jenis berita","required":false}],"name":"beritaindonesia","description":"Mendapatkan berita terbaru dari Indonesia","type":1},{"options":[],"name":"botstatus","description":"Tampilkan status layanan bot","type":1},{"options":[],"name":"botversion","description":"Tampilkan informasi versi dan status bot","type":1},{"options":[{"type":3,"choices":[{"name":"Tokyo, Jepang","value":"Tokyo"},{"name":"New York, AS","value":"New York"},{"name":"London, Inggris","value":"London"},{"name":"Paris, Prancis","value":"Paris"},{"name":"Beijing, China","value":"Beijing"},{"name":"Dubai, UAE","value":"Dubai"},{"name":"Singapore","value":"Singapore"},{"name":"Sydney, Australia","value":"Sydney"},{"name":"Seoul, Korea Selatan","value":"Seoul"},{"name":"Istanbul, Turki","value":"Istanbul"},{"name":"Mumbai, India","value":"Mumbai"},{"name":"Moscow, Rusia","value":"Moscow"}],"name":"kota","description":"Kota di dunia (opsional)","required":false}],"name":"cuacadunia","description":"Menampilkan informasi cuaca dan waktu di kota-kota besar dunia","type":1},{"options":[{"type":3,"choices":[{"name":"Jakarta","value":"Jakarta"},{"name":"Surabaya","value":"Surabaya"},{"name":"Bandung","value":"Bandung"},{"name":"Medan","value":"Medan"},{"name":"Makassar","value":"Makassar"},{"name":"Semarang","value":"Semarang"},{"name":"Palembang","value":"Palembang"},{"name":"Denpasar","value":"Denpasar"},{"name":"Yogyakarta","value":"Yogyakarta"},{"name":"Manado","value":"Manado"},{"name":"Pontianak","value":"Pontianak"},{"name":"Jayapura","value":"Jayapura"}],"name":"kota","description":"Kota di Indonesia (opsional)","required":false}],"name":"cuacaindonesia","description":"Menampilkan informasi cuaca dan waktu di kota-kota Indonesia","type":1},{"options":[{"type":1,"name":"kalender","description":"Menampilkan kalender hari besar terdekat","options":[]},{"type":1,"name":"cek","description":"Cek hari besar tertentu","options":[{"type":3,"choices":[{"name":"Tahun Baru","value":"tahun_baru"},{"name":"Idul Fitri","value":"idul_fitri"},{"name":"Idul Adha","value":"idul_adha"},{"name":"Natal","value":"natal"},{"name":"Halloween","value":"halloween"},{"name":"Ramadhan","value":"ramadhan"},{"name":"Hari Kemerdekaan","value":"kemerdekaan"},{"name":"Tahun Baru Imlek","value":"imlek"},{"name":"Valentine","value":"valentine"},{"name":"Nyepi","value":"nyepi"},{"name":"Isra Mi'raj","value":"isra_miraj"},{"name":"Waisak","value":"waisak"},{"name":"Maulid Nabi","value":"maulid"}],"name":"nama","description":"Nama hari besar","required":true}]},{"type":1,"name":"ramadhan","description":"Menampilkan jadwal Ramadhan hari ini","options":[{"type":3,"choices":[{"name":"Jakarta","value":"1301"},{"name":"Bandung","value":"1219"},{"name":"Surabaya","value":"1615"},{"name":"Yogyakarta","value":"1604"},{"name":"Medan","value":"1257"},{"name":"Makassar","value":"2079"},{"name":"Denpasar","value":"1710"},{"name":"Palembang","value":"1303"},{"name":"Semarang","value":"1409"},{"name":"Manado","value":"1975"}],"name":"wilayah","description":"Wilayah jadwal (default: Jakarta)","required":false}]}],"name":"haribesar","description":"Menampilkan informasi tentang hari-hari besar","type":1},{"options":[{"type":3,"choices":[{"name":"Info","value":"info"},{"name":"Member","value":"member"},{"name":"Games","value":"games"},{"name":"Notifications","value":"notifications"},{"name":"Moderation","value":"moderation"},{"name":"Tickets","value":"tickets"},{"name":"Music","value":"music"},{"name":"Media","value":"media"},{"name":"Utilities","value":"utilities"}],"name":"category","description":"Kategori perintah yang ingin ditampilkan","required":false}],"name":"help","description":"Menampilkan informasi bantuan untuk menggunakan bot","type":1},{"options":[{"type":3,"name":"username","description":"Username yang ingin dicari","required":true},{"type":3,"choices":[{"name":"Semua Platform","value":"all"},{"name":"Instagram","value":"instagram"},{"name":"Twitter/X","value":"twitter"},{"name":"TikTok","value":"tiktok"},{"name":"Showroom","value":"showroom"},{"name":"YouTube","value":"youtube"},{"name":"Facebook","value":"facebook"},{"name":"Reddit","value":"reddit"},{"name":"GitHub","value":"github"},{"name":"LinkedIn","value":"linkedin"},{"name":"Threads","value":"threads"}],"name":"platform","description":"Platform sosial media (opsional)","required":false}],"name":"socialsearch","description":"Mencari akun pengguna di berbagai platform sosial media","type":1},{"options":[{"type":3,"name":"nama","description":"Nama tempat yang ingin dicari","required":true},{"type":3,"name":"lokasi","description":"Lokasi/kota tempat berada (opsional)","required":false},{"type":3,"choices":[{"name":"Restoran/Cafe","value":"restaurant"},{"name":"Hotel","value":"hotel"},{"name":"Tempat Wisata","value":"tourist_attraction"},{"name":"Mall/Pusat Perbelanjaan","value":"shopping_mall"},{"name":"Semua Jenis","value":"all"}],"name":"jenis","description":"Jenis tempat","required":false}],"name":"tempat","description":"Mencari informasi tentang restoran, tempat wisata, atau tempat lainnya","type":1},{"options":[{"type":3,"choices":[{"name":"Tokyo, Jepang","value":"Tokyo"},{"name":"New York, AS","value":"New York"},{"name":"London, Inggris","value":"London"},{"name":"Paris, Prancis","value":"Paris"},{"name":"Beijing, China","value":"Beijing"},{"name":"Dubai, UAE","value":"Dubai"},{"name":"Sydney, Australia","value":"Sydney"},{"name":"Singapore","value":"Singapore"},{"name":"Seoul, Korea Selatan","value":"Seoul"},{"name":"Los Angeles, AS","value":"Los Angeles"},{"name":"Berlin, Jerman","value":"Berlin"},{"name":"Moscow, Rusia","value":"Moscow"}],"name":"kota","description":"Kota di dunia (opsional)","required":false}],"name":"waktudunia","description":"Menampilkan waktu di berbagai kota besar dunia","type":1},{"options":[{"type":3,"choices":[{"name":"Jakarta (WIB)","value":"Jakarta"},{"name":"Surabaya (WIB)","value":"Surabaya"},{"name":"Bandung (WIB)","value":"Bandung"},{"name":"Medan (WIB)","value":"Medan"},{"name":"Makassar (WITA)","value":"Makassar"},{"name":"Denpasar (WITA)","value":"Denpasar"},{"name":"Manado (WITA)","value":"Manado"},{"name":"Jayapura (WIT)","value":"Jayapura"}],"name":"kota","description":"Kota di Indonesia (opsional)","required":false}],"name":"waktuindonesia","description":"Menampilkan waktu di berbagai kota di Indonesia","type":1},{"options":[{"name":"user","description":"User yang ingin dilihat levelnya","required":false,"type":6}],"name":"level","description":"Lihat level dan XP kamu atau user lain","type":1},{"options":[{"type":3,"name":"url","description":"URL file yang akan diunduh","required":true},{"name":"bypass","description":"Bypass link shortener (jika URL merupakan link shortener)","required":false,"type":5}],"name":"downloadfile","description":"Download file dari berbagai platform","type":1},{"options":[{"type":3,"name":"url","description":"URL media yang akan diunduh","required":true},{"type":3,"choices":[{"name":"HD","value":"hd"},{"name":"SD","value":"sd"}],"name":"kualitas","description":"Kualitas unduhan","required":false}],"name":"downloadmedia","description":"Download media dari berbagai platform","type":1},{"options":[{"type":3,"choices":[{"name":"Team J","value":"J"},{"name":"Team K3","value":"K3"},{"name":"Team T","value":"T"},{"name":"Academy","value":"Academy"},{"name":"Semua","value":"all"}],"name":"team","description":"Filter berdasarkan team","required":false}],"name":"allmemberjkt48","description":"Tampilkan daftar semua member JKT48","type":1},{"options":[{"max_value":12,"min_value":1,"type":4,"name":"bulan","description":"Bulan (1-12)","required":false}],"name":"birthdaymemberjkt48","description":"Tampilkan member JKT48 yang berulang tahun","type":1},{"options":[{"max_value":10,"min_value":1,"type":4,"name":"generasi","description":"Filter berdasarkan generasi","required":false}],"name":"graduatedmemberjkt48","description":"Tampilkan daftar member JKT48 yang sudah lulus (graduated)","type":1},{"options":[{"name":"user","description":"The user to ban","required":true,"type":6},{"type":3,"name":"reason","description":"Reason for the ban","required":true},{"max_value":7,"min_value":0,"type":4,"name":"days","description":"Number of days of messages to delete (0-7)","required":false}],"name":"ban","description":"Ban a member from the server","type":1},{"options":[{"max_value":100,"min_value":1,"type":4,"name":"amount","description":"Number of messages to delete (1-100)","required":true},{"name":"user","description":"Only delete messages from this user","required":false,"type":6},{"type":3,"choices":[{"name":"All Messages","value":"all"},{"name":"User Messages","value":"user"},{"name":"Bot Messages","value":"bot"},{"name":"Images Only","value":"images"},{"name":"Links Only","value":"links"}],"name":"target","description":"Target type of messages to delete","required":false}],"name":"clear","description":"Clear messages from the channel","type":1},{"options":[{"type":1,"name":"create","description":"Create a new webhook","options":[{"name":"channel","description":"Channel to create the webhook in","required":true,"type":7},{"type":3,"name":"name","description":"Name for the webhook","required":true},{"type":3,"name":"avatar","description":"URL of the webhook avatar","required":true},{"type":3,"name":"banner","description":"URL of the banner image to use in messages","required":false},{"type":3,"name":"color","description":"Color for the webhook messages (hex format e.g., #FF6200)","required":false}]},{"type":1,"name":"send","description":"Send a message with an existing webhook","options":[{"type":3,"name":"webhook_url","description":"URL of the webhook to use","required":true},{"type":3,"name":"message","description":"Message to send (use long message option for more text)","required":false},{"name":"use_embed","description":"Send as an embed message instead of plain text","required":false,"type":5},{"name":"long_message","description":"Set to true if you want to write a longer message or title with a modal","required":false,"type":5},{"type":3,"name":"banner","description":"URL of the banner image to use in the message","required":false}]},{"type":1,"name":"list","description":"List all webhooks in a channel","options":[{"name":"channel","description":"Channel to list webhooks for","required":true,"type":7}]},{"type":1,"name":"delete","description":"Delete a webhook by ID or URL","options":[{"type":3,"name":"webhook_url","description":"URL of the webhook to delete","required":true}]}],"name":"createwebhook","description":"Create a customizable webhook with banner and message options","default_member_permissions":"536870912","type":1},{"options":[{"name":"user","description":"The user to kick","required":true,"type":6},{"type":3,"name":"reason","description":"Reason for the kick","required":true}],"name":"kick","description":"Kick a member from the server","type":1},{"options":[{"name":"user","description":"The user to mute","required":true,"type":6},{"max_value":10080,"min_value":1,"type":4,"name":"duration","description":"Duration of the mute in minutes","required":true},{"type":3,"name":"reason","description":"Reason for the mute","required":true}],"name":"mute","description":"Mute a member temporarily (timeout)","type":1},{"options":[],"name":"livememberjkt48","description":"Tampilkan member JKT48 yang sedang live streaming","type":1},{"options":[{"type":1,"name":"add","description":"Tambahkan notifikasi TikTok baru","options":[{"type":3,"name":"username","description":"Username TikTok (tanpa @)","required":true},{"name":"channel","description":"Channel untuk mengirim notifikasi","required":true,"type":7},{"name":"role","description":"Role untuk di-mention saat live dimulai","required":false,"type":8}]},{"type":1,"name":"remove","description":"Hapus notifikasi TikTok","options":[{"type":3,"name":"username","description":"Username TikTok yang ingin dihapus notifikasinya","required":true}]}],"name":"setuptiktok","description":"Atur notifikasi live TikTok","default_member_permissions":"16","type":1},{"options":[],"name":"theaterjkt48","description":"Tampilkan jadwal teater & event JKT48 mendatang","type":1},{"options":[{"type":3,"name":"title","description":"Judul embed ticket","required":true},{"type":3,"name":"description","description":"Deskripsi embed ticket","required":true},{"type":3,"name":"button_label","description":"Text pada button ticket","required":true},{"type":3,"name":"button_emoji","description":"Emoji pada button ticket (opsional)","required":false},{"type":3,"name":"footer","description":"Text footer pada embed (opsional)","required":false},{"type":3,"name":"color","description":"Warna embed dalam format HEX (default: FF6200)","required":false}],"name":"createticket","description":"Membuat panel ticket dengan embed dan button","default_member_permissions":"32","type":1},{"options":[{"type":3,"name":"url","description":"URL untuk dibypass (arahlink, adfly, etc)","required":true},{"name":"private","description":"Tampilkan hasil hanya untuk kamu (default: tidak)","required":false,"type":5}],"name":"bypasslink","description":"Bypass shortlinks, adfly, arahlink dan dapatkan direct link","type":1},{"options":[{"type":10,"name":"amount","description":"Jumlah yang ingin dikonversi","required":true},{"type":3,"name":"from","description":"Mata uang asal (contoh: IDR, USD)","required":true},{"type":3,"name":"to","description":"Mata uang tujuan (contoh: USD, IDR)","required":true}],"name":"currency","description":"Mengkonversi nilai mata uang ke mata uang lain","type":1},{"options":[{"type":3,"name":"text","description":"Teks yang ingin diterjemahkan","required":true},{"type":3,"name":"to","description":"Bahasa tujuan (kode bahasa: en, id, ja, ko, dll)","required":true},{"type":3,"name":"from","description":"Bahasa sumber (kode bahasa, jika dibiarkan kosong akan otomatis terdeteksi)","required":false}],"name":"translate","description":"Menerjemahkan teks dari satu bahasa ke bahasa lain","type":1}]},"rawError":{"message":"Invalid Form Body","code":50035,"errors":{"application_id":{"_errors":[{"code":"NUMBER_TYPE_COERCE","message":"Value \"undefined\" is not snowflake."}]},"guild_id":{"_errors":[{"code":"NUMBER_TYPE_COERCE","message":"Value \"undefined\" is not snowflake."}]}}},"code":50035,"status":400,"method":"PUT","url":"https://discord.com/api/v10/applications/undefined/guilds/undefined/commands"}
[2025-04-29T08:35:52.036Z] [ERROR] Error getting Hijri date: Request failed with status code 404
[2025-04-29T08:35:52.120Z] [ERROR] Fallback API also failed: Request failed with status code 404
[2025-04-29T08:35:55.444Z] [ERROR] Error getting Hijri date: Request failed with status code 404
[2025-04-29T08:35:55.551Z] [ERROR] Fallback API also failed: Request failed with status code 404
[2025-04-29T08:39:48.706Z] [ERROR] Error deploying commands: {"requestBody":{"json":[{"options":[{"type":3,"name":"message","description":"Pesan yang ingin disampaikan pada AI","required":true},{"type":3,"choices":[{"name":"Llama 3.1 Sonar Small (Lebih cepat)","value":"llama-3.1-sonar-small-128k-online"},{"name":"Llama 3.1 Sonar Large (Lebih pintar)","value":"llama-3.1-sonar-large-128k-online"},{"name":"Llama 3.1 Sonar Huge (Terpintar)","value":"llama-3.1-sonar-huge-128k-online"}],"name":"model","description":"Model AI yang ingin digunakan","required":false}],"name":"aichat","description":"Berbicara dengan AI dalam berbagai bahasa","type":1},{"options":[{"type":3,"name":"pesan","description":"Pesan yang ingin kamu sampaikan ke AI","required":true}],"name":"chat","description":"Chat dengan AI JKT48 bot","type":1},{"options":[{"type":3,"name":"prompt","description":"Deskripsi gambar yang ingin dibuat","required":true},{"type":3,"choices":[{"name":"Anime","value":"anime"},{"name":"Pixel Art","value":"pixel"},{"name":"Realistic","value":"realistic"},{"name":"Sketch","value":"sketch"},{"name":"Vaporwave","value":"vaporwave"},{"name":"Pop Art","value":"pop"},{"name":"JKT48","value":"jkt"}],"name":"style","description":"Style gambar yang diinginkan","required":false},{"type":4,"choices":[{"name":"Kecil (256x256)","value":256},{"name":"Medium (512x512)","value":512},{"name":"Besar (1024x1024)","value":1024}],"name":"size","description":"Ukuran gambar","required":false}],"name":"image","description":"Buat gambar AI berdasarkan prompt","type":1},{"options":[{"type":1,"name":"info","description":"Informasi tentang cara melakukan donasi","options":[]},{"type":1,"name":"submit","description":"Submit bukti donasi untuk mendapatkan role donatur","options":[]}],"name":"donasi","description":"Informasi cara berdonasi dan mendukung server","type":1},{"options":[{"type":3,"name":"item","description":"ID barang yang ingin dibeli","required":true},{"type":4,"name":"quantity","description":"Jumlah barang yang ingin dibeli","required":false}],"name":"buy","description":"Beli barang dari marketplace","type":1},{"options":[{"name":"user","description":"Lihat inventory user lain (khusus admin)","required":false,"type":6}],"name":"inventory","description":"Lihat barang-barang yang kamu miliki","type":1},{"options":[{"type":1,"name":"start","description":"Mulai memancing","options":[]},{"type":1,"name":"inventory","description":"Melihat hasil pancingan kamu","options":[]},{"type":1,"name":"sell","description":"Menjual hasil pancingan","options":[{"type":3,"choices":[{"name":"all","value":"all"},{"name":"trash","value":"trash"},{"name":"common","value":"common"},{"name":"uncommon","value":"uncommon"},{"name":"rare","value":"rare"},{"name":"epic","value":"epic"},{"name":"legendary","value":"legendary"},{"name":"mythic","value":"mythic"}],"name":"item","description":"Item yang ingin dijual","required":true}]},{"type":1,"name":"shop","description":"Beli alat pancing yang lebih baik","options":[]},{"type":1,"name":"upgrade","description":"Upgrade alat pancingmu","options":[{"type":4,"choices":[{"name":"Level 2 - Pancingan Kayu","value":2},{"name":"Level 3 - Pancingan Aluminium","value":3},{"name":"Level 4 - Pancingan Carbon","value":4},{"name":"Level 5 - Pancingan Pro","value":5}],"name":"level","description":"Level pancingan yang ingin dibeli","required":true}]}],"name":"mancing","description":"Memancing untuk mendapatkan ikan dan NGC","type":1},{"options":[{"type":1,"name":"balance","description":"Cek saldo NGC milikmu","options":[{"name":"user","description":"User yang ingin dicek saldonya (opsional)","required":false,"type":6}]},{"type":1,"name":"daily","description":"Klaim NGC harian (antara 50-150 NGC)","options":[]},{"type":1,"name":"transfer","description":"Transfer NGC ke user lain","options":[{"name":"user","description":"User yang akan menerima transfer","required":true,"type":6},{"min_value":10,"type":4,"name":"amount","description":"Jumlah NGC yang akan ditransfer","required":true}]}],"name":"ngc","description":"Sistem ekonomi NGC (Nararya Garage Currency)","type":1},{"options":[{"type":3,"choices":[{"name":"Semua","value":"all"},{"name":"Special","value":"special"},{"name":"Role","value":"role"},{"name":"Custom","value":"custom"},{"name":"Power","value":"power"},{"name":"Perk","value":"perk"}],"name":"kategori","description":"Tampilkan barang berdasarkan kategori","required":false}],"name":"pasar","description":"Lihat barang-barang di marketplace","type":1},{"options":[{"type":3,"name":"item","description":"ID barang yang ingin dijual","required":true},{"type":4,"name":"quantity","description":"Jumlah barang yang ingin dijual","required":false}],"name":"sell","description":"Jual barang ke marketplace","type":1},{"options":[{"name":"user","description":"User yang akan menerima NGC","required":true,"type":6},{"type":4,"name":"amount","description":"Jumlah NGC yang akan ditransfer","required":true},{"type":3,"name":"pesan","description":"Pesan untuk penerima (opsional)","required":false}],"name":"transfer","description":"Transfer NGC ke pengguna lain","type":1},{"options":[{"type":3,"name":"pertanyaan","description":"Pertanyaan yang ingin kamu tanyakan pada Magic 8 Ball","required":true}],"name":"8ball","description":"Bertanya pada Magic 8 Ball","type":1},{"options":[{"max_value":10,"min_value":1,"type":4,"name":"count","description":"Jumlah dadu yang ingin dilempar (1-10)","required":false},{"max_value":100,"min_value":2,"type":4,"name":"sides","description":"Jumlah sisi dadu (2-100)","required":false},{"name":"sum","description":"Apakah ingin menjumlahkan hasil dadu","required":false,"type":5}],"name":"dice","description":"Lempar dadu virtual dengan jumlah sisi yang bisa disesuaikan","type":1},{"options":[],"name":"meme","description":"Menampilkan meme acak","type":1},{"options":[{"type":3,"name":"nama","description":"Nama masakan yang ingin dicari (contoh: \"ayam goreng\", \"rendang\", dll)","required":true}],"name":"resep","description":"Mencari resep masakan berdasarkan kata kunci","type":1},{"options":[{"type":3,"name":"pesan","description":"Pesan yang ingin kamu buat bot katakan","required":true},{"name":"anonymous","description":"Sembunyikan siapa yang membuat pesan ini","required":false,"type":5}],"name":"say","description":"Membuat bot mengatakan pesan yang kamu inginkan","type":1},{"options":[{"type":1,"name":"mulai","description":"Mulai memancing untuk mendapatkan hadiah dan XP","options":[]},{"type":1,"name":"koleksi","description":"Lihat koleksi mancing kamu","options":[]},{"type":1,"name":"lelang","description":"Jual hasil tangkapan kamu untuk mendapatkan koin","options":[{"type":3,"name":"item","description":"Item yang ingin dijual (semua untuk menjual semua)","required":true},{"type":4,"name":"jumlah","description":"Jumlah item yang ingin dijual","required":false}]}],"name":"mancing","description":"Pergi memancing untuk mendapatkan hadiah dan XP","type":1},{"options":[],"name":"gachamemberjkt48","description":"Gacha member JKT48 (Max 15x sehari)","type":1},{"options":[],"name":"tebaklagujkt48","description":"Game tebak lagu JKT48","type":1},{"options":[{"name":"include_graduated","description":"Sertakan member yang sudah graduated","required":false,"type":5}],"name":"tebaknamajkt48","description":"Game tebak nama member JKT48","type":1},{"options":[{"type":3,"choices":[{"name":"Terbaru","value":"latest"},{"name":"Politik","value":"politics"},{"name":"Ekonomi","value":"economy"},{"name":"Teknologi","value":"technology"},{"name":"Olahraga","value":"sports"},{"name":"Hiburan","value":"entertainment"}],"name":"jenis","description":"Jenis berita","required":false}],"name":"beritadunia","description":"Mendapatkan berita terbaru dari seluruh dunia","type":1},{"options":[{"type":3,"choices":[{"name":"Terbaru","value":"latest"},{"name":"Politik","value":"politics"},{"name":"Ekonomi","value":"economy"},{"name":"Teknologi","value":"technology"},{"name":"Olahraga","value":"sports"},{"name":"Hiburan","value":"entertainment"}],"name":"jenis","description":"Jenis berita","required":false}],"name":"beritaindonesia","description":"Mendapatkan berita terbaru dari Indonesia","type":1},{"options":[],"name":"botstatus","description":"Tampilkan status layanan bot","type":1},{"options":[],"name":"botversion","description":"Tampilkan informasi versi dan status bot","type":1},{"options":[{"type":3,"choices":[{"name":"Tokyo, Jepang","value":"Tokyo"},{"name":"New York, AS","value":"New York"},{"name":"London, Inggris","value":"London"},{"name":"Paris, Prancis","value":"Paris"},{"name":"Beijing, China","value":"Beijing"},{"name":"Dubai, UAE","value":"Dubai"},{"name":"Singapore","value":"Singapore"},{"name":"Sydney, Australia","value":"Sydney"},{"name":"Seoul, Korea Selatan","value":"Seoul"},{"name":"Istanbul, Turki","value":"Istanbul"},{"name":"Mumbai, India","value":"Mumbai"},{"name":"Moscow, Rusia","value":"Moscow"}],"name":"kota","description":"Kota di dunia (opsional)","required":false}],"name":"cuacadunia","description":"Menampilkan informasi cuaca dan waktu di kota-kota besar dunia","type":1},{"options":[{"type":3,"choices":[{"name":"Jakarta","value":"Jakarta"},{"name":"Surabaya","value":"Surabaya"},{"name":"Bandung","value":"Bandung"},{"name":"Medan","value":"Medan"},{"name":"Makassar","value":"Makassar"},{"name":"Semarang","value":"Semarang"},{"name":"Palembang","value":"Palembang"},{"name":"Denpasar","value":"Denpasar"},{"name":"Yogyakarta","value":"Yogyakarta"},{"name":"Manado","value":"Manado"},{"name":"Pontianak","value":"Pontianak"},{"name":"Jayapura","value":"Jayapura"}],"name":"kota","description":"Kota di Indonesia (opsional)","required":false}],"name":"cuacaindonesia","description":"Menampilkan informasi cuaca dan waktu di kota-kota Indonesia","type":1},{"options":[{"type":1,"name":"kalender","description":"Menampilkan kalender hari besar terdekat","options":[]},{"type":1,"name":"cek","description":"Cek hari besar tertentu","options":[{"type":3,"choices":[{"name":"Tahun Baru","value":"tahun_baru"},{"name":"Idul Fitri","value":"idul_fitri"},{"name":"Idul Adha","value":"idul_adha"},{"name":"Natal","value":"natal"},{"name":"Halloween","value":"halloween"},{"name":"Ramadhan","value":"ramadhan"},{"name":"Hari Kemerdekaan","value":"kemerdekaan"},{"name":"Tahun Baru Imlek","value":"imlek"},{"name":"Valentine","value":"valentine"},{"name":"Nyepi","value":"nyepi"},{"name":"Isra Mi'raj","value":"isra_miraj"},{"name":"Waisak","value":"waisak"},{"name":"Maulid Nabi","value":"maulid"}],"name":"nama","description":"Nama hari besar","required":true}]},{"type":1,"name":"ramadhan","description":"Menampilkan jadwal Ramadhan hari ini","options":[{"type":3,"choices":[{"name":"Jakarta","value":"1301"},{"name":"Bandung","value":"1219"},{"name":"Surabaya","value":"1615"},{"name":"Yogyakarta","value":"1604"},{"name":"Medan","value":"1257"},{"name":"Makassar","value":"2079"},{"name":"Denpasar","value":"1710"},{"name":"Palembang","value":"1303"},{"name":"Semarang","value":"1409"},{"name":"Manado","value":"1975"}],"name":"wilayah","description":"Wilayah jadwal (default: Jakarta)","required":false}]}],"name":"haribesar","description":"Menampilkan informasi tentang hari-hari besar","type":1},{"options":[{"type":3,"choices":[{"name":"Info","value":"info"},{"name":"Member","value":"member"},{"name":"Games","value":"games"},{"name":"Notifications","value":"notifications"},{"name":"Moderation","value":"moderation"},{"name":"Tickets","value":"tickets"},{"name":"Music","value":"music"},{"name":"Media","value":"media"},{"name":"Utilities","value":"utilities"}],"name":"category","description":"Kategori perintah yang ingin ditampilkan","required":false}],"name":"help","description":"Menampilkan informasi bantuan untuk menggunakan bot","type":1},{"options":[{"type":3,"name":"username","description":"Username yang ingin dicari","required":true},{"type":3,"choices":[{"name":"Semua Platform","value":"all"},{"name":"Instagram","value":"instagram"},{"name":"Twitter/X","value":"twitter"},{"name":"TikTok","value":"tiktok"},{"name":"Showroom","value":"showroom"},{"name":"YouTube","value":"youtube"},{"name":"Facebook","value":"facebook"},{"name":"Reddit","value":"reddit"},{"name":"GitHub","value":"github"},{"name":"LinkedIn","value":"linkedin"},{"name":"Threads","value":"threads"}],"name":"platform","description":"Platform sosial media (opsional)","required":false}],"name":"socialsearch","description":"Mencari akun pengguna di berbagai platform sosial media","type":1},{"options":[{"type":3,"name":"nama","description":"Nama tempat yang ingin dicari","required":true},{"type":3,"name":"lokasi","description":"Lokasi/kota tempat berada (opsional)","required":false},{"type":3,"choices":[{"name":"Restoran/Cafe","value":"restaurant"},{"name":"Hotel","value":"hotel"},{"name":"Tempat Wisata","value":"tourist_attraction"},{"name":"Mall/Pusat Perbelanjaan","value":"shopping_mall"},{"name":"Semua Jenis","value":"all"}],"name":"jenis","description":"Jenis tempat","required":false}],"name":"tempat","description":"Mencari informasi tentang restoran, tempat wisata, atau tempat lainnya","type":1},{"options":[{"type":3,"choices":[{"name":"Tokyo, Jepang","value":"Tokyo"},{"name":"New York, AS","value":"New York"},{"name":"London, Inggris","value":"London"},{"name":"Paris, Prancis","value":"Paris"},{"name":"Beijing, China","value":"Beijing"},{"name":"Dubai, UAE","value":"Dubai"},{"name":"Sydney, Australia","value":"Sydney"},{"name":"Singapore","value":"Singapore"},{"name":"Seoul, Korea Selatan","value":"Seoul"},{"name":"Los Angeles, AS","value":"Los Angeles"},{"name":"Berlin, Jerman","value":"Berlin"},{"name":"Moscow, Rusia","value":"Moscow"}],"name":"kota","description":"Kota di dunia (opsional)","required":false}],"name":"waktudunia","description":"Menampilkan waktu di berbagai kota besar dunia","type":1},{"options":[{"type":3,"choices":[{"name":"Jakarta (WIB)","value":"Jakarta"},{"name":"Surabaya (WIB)","value":"Surabaya"},{"name":"Bandung (WIB)","value":"Bandung"},{"name":"Medan (WIB)","value":"Medan"},{"name":"Makassar (WITA)","value":"Makassar"},{"name":"Denpasar (WITA)","value":"Denpasar"},{"name":"Manado (WITA)","value":"Manado"},{"name":"Jayapura (WIT)","value":"Jayapura"}],"name":"kota","description":"Kota di Indonesia (opsional)","required":false}],"name":"waktuindonesia","description":"Menampilkan waktu di berbagai kota di Indonesia","type":1},{"options":[{"name":"user","description":"User yang ingin dilihat levelnya","required":false,"type":6}],"name":"level","description":"Lihat level dan XP kamu atau user lain","type":1},{"options":[{"type":3,"name":"url","description":"URL file yang akan diunduh","required":true},{"name":"bypass","description":"Bypass link shortener (jika URL merupakan link shortener)","required":false,"type":5}],"name":"downloadfile","description":"Download file dari berbagai platform","type":1},{"options":[{"type":3,"name":"url","description":"URL media yang akan diunduh","required":true},{"type":3,"choices":[{"name":"HD","value":"hd"},{"name":"SD","value":"sd"}],"name":"kualitas","description":"Kualitas unduhan","required":false}],"name":"downloadmedia","description":"Download media dari berbagai platform","type":1},{"options":[{"type":3,"choices":[{"name":"Team J","value":"J"},{"name":"Team K3","value":"K3"},{"name":"Team T","value":"T"},{"name":"Academy","value":"Academy"},{"name":"Semua","value":"all"}],"name":"team","description":"Filter berdasarkan team","required":false}],"name":"allmemberjkt48","description":"Tampilkan daftar semua member JKT48","type":1},{"options":[{"max_value":12,"min_value":1,"type":4,"name":"bulan","description":"Bulan (1-12)","required":false}],"name":"birthdaymemberjkt48","description":"Tampilkan member JKT48 yang berulang tahun","type":1},{"options":[{"max_value":10,"min_value":1,"type":4,"name":"generasi","description":"Filter berdasarkan generasi","required":false}],"name":"graduatedmemberjkt48","description":"Tampilkan daftar member JKT48 yang sudah lulus (graduated)","type":1},{"options":[{"name":"user","description":"The user to ban","required":true,"type":6},{"type":3,"name":"reason","description":"Reason for the ban","required":true},{"max_value":7,"min_value":0,"type":4,"name":"days","description":"Number of days of messages to delete (0-7)","required":false}],"name":"ban","description":"Ban a member from the server","type":1},{"options":[{"max_value":100,"min_value":1,"type":4,"name":"amount","description":"Number of messages to delete (1-100)","required":true},{"name":"user","description":"Only delete messages from this user","required":false,"type":6},{"type":3,"choices":[{"name":"All Messages","value":"all"},{"name":"User Messages","value":"user"},{"name":"Bot Messages","value":"bot"},{"name":"Images Only","value":"images"},{"name":"Links Only","value":"links"}],"name":"target","description":"Target type of messages to delete","required":false}],"name":"clear","description":"Clear messages from the channel","type":1},{"options":[{"type":1,"name":"create","description":"Create a new webhook","options":[{"name":"channel","description":"Channel to create the webhook in","required":true,"type":7},{"type":3,"name":"name","description":"Name for the webhook","required":true},{"type":3,"name":"avatar","description":"URL of the webhook avatar","required":true},{"type":3,"name":"banner","description":"URL of the banner image to use in messages","required":false},{"type":3,"name":"color","description":"Color for the webhook messages (hex format e.g., #FF6200)","required":false}]},{"type":1,"name":"send","description":"Send a message with an existing webhook","options":[{"type":3,"name":"webhook_url","description":"URL of the webhook to use","required":true},{"type":3,"name":"message","description":"Message to send (use long message option for more text)","required":false},{"name":"use_embed","description":"Send as an embed message instead of plain text","required":false,"type":5},{"name":"long_message","description":"Set to true if you want to write a longer message or title with a modal","required":false,"type":5},{"type":3,"name":"banner","description":"URL of the banner image to use in the message","required":false}]},{"type":1,"name":"list","description":"List all webhooks in a channel","options":[{"name":"channel","description":"Channel to list webhooks for","required":true,"type":7}]},{"type":1,"name":"delete","description":"Delete a webhook by ID or URL","options":[{"type":3,"name":"webhook_url","description":"URL of the webhook to delete","required":true}]}],"name":"createwebhook","description":"Create a customizable webhook with banner and message options","default_member_permissions":"536870912","type":1},{"options":[{"name":"user","description":"The user to kick","required":true,"type":6},{"type":3,"name":"reason","description":"Reason for the kick","required":true}],"name":"kick","description":"Kick a member from the server","type":1},{"options":[{"name":"user","description":"The user to mute","required":true,"type":6},{"max_value":10080,"min_value":1,"type":4,"name":"duration","description":"Duration of the mute in minutes","required":true},{"type":3,"name":"reason","description":"Reason for the mute","required":true}],"name":"mute","description":"Mute a member temporarily (timeout)","type":1},{"options":[],"name":"livememberjkt48","description":"Tampilkan member JKT48 yang sedang live streaming","type":1},{"options":[{"type":1,"name":"add","description":"Tambahkan notifikasi TikTok baru","options":[{"type":3,"name":"username","description":"Username TikTok (tanpa @)","required":true},{"name":"channel","description":"Channel untuk mengirim notifikasi","required":true,"type":7},{"name":"role","description":"Role untuk di-mention saat live dimulai","required":false,"type":8}]},{"type":1,"name":"remove","description":"Hapus notifikasi TikTok","options":[{"type":3,"name":"username","description":"Username TikTok yang ingin dihapus notifikasinya","required":true}]}],"name":"setuptiktok","description":"Atur notifikasi live TikTok","default_member_permissions":"16","type":1},{"options":[],"name":"theaterjkt48","description":"Tampilkan jadwal teater & event JKT48 mendatang","type":1},{"options":[{"type":3,"name":"title","description":"Judul embed ticket","required":true},{"type":3,"name":"description","description":"Deskripsi embed ticket","required":true},{"type":3,"name":"button_label","description":"Text pada button ticket","required":true},{"type":3,"name":"button_emoji","description":"Emoji pada button ticket (opsional)","required":false},{"type":3,"name":"footer","description":"Text footer pada embed (opsional)","required":false},{"type":3,"name":"color","description":"Warna embed dalam format HEX (default: FF6200)","required":false}],"name":"createticket","description":"Membuat panel ticket dengan embed dan button","default_member_permissions":"32","type":1},{"options":[{"type":3,"name":"url","description":"URL untuk dibypass (arahlink, adfly, etc)","required":true},{"name":"private","description":"Tampilkan hasil hanya untuk kamu (default: tidak)","required":false,"type":5}],"name":"bypasslink","description":"Bypass shortlinks, adfly, arahlink dan dapatkan direct link","type":1},{"options":[{"type":10,"name":"amount","description":"Jumlah yang ingin dikonversi","required":true},{"type":3,"name":"from","description":"Mata uang asal (contoh: IDR, USD)","required":true},{"type":3,"name":"to","description":"Mata uang tujuan (contoh: USD, IDR)","required":true}],"name":"currency","description":"Mengkonversi nilai mata uang ke mata uang lain","type":1},{"options":[{"type":3,"name":"text","description":"Teks yang ingin diterjemahkan","required":true},{"type":3,"name":"to","description":"Bahasa tujuan (kode bahasa: en, id, ja, ko, dll)","required":true},{"type":3,"name":"from","description":"Bahasa sumber (kode bahasa, jika dibiarkan kosong akan otomatis terdeteksi)","required":false}],"name":"translate","description":"Menerjemahkan teks dari satu bahasa ke bahasa lain","type":1}]},"rawError":{"message":"Invalid Form Body","code":50035,"errors":{"application_id":{"_errors":[{"code":"NUMBER_TYPE_COERCE","message":"Value \"undefined\" is not snowflake."}]},"guild_id":{"_errors":[{"code":"NUMBER_TYPE_COERCE","message":"Value \"undefined\" is not snowflake."}]}}},"code":50035,"status":400,"method":"PUT","url":"https://discord.com/api/v10/applications/undefined/guilds/undefined/commands"}
[2025-04-29T08:40:11.601Z] [ERROR] Error getting Hijri date: Request failed with status code 404
[2025-04-29T08:40:11.706Z] [ERROR] Fallback API also failed: Request failed with status code 404
[2025-04-29T08:40:12.029Z] [ERROR] Error getting Hijri date: Request failed with status code 404
[2025-04-29T08:40:12.096Z] [ERROR] Fallback API also failed: Request failed with status code 404
[2025-04-29T08:46:17.814Z] [ERROR] Error getting Hijri date: Request failed with status code 404
[2025-04-29T08:46:17.924Z] [ERROR] Fallback API also failed: Request failed with status code 404
[2025-04-29T08:46:21.397Z] [ERROR] Error getting Hijri date: Request failed with status code 404
[2025-04-29T08:46:21.464Z] [ERROR] Fallback API also failed: Request failed with status code 404
[2025-04-29T08:49:16.997Z] [ERROR] Error deploying commands: {"requestBody":{"json":[{"options":[{"type":3,"name":"message","description":"Pesan yang ingin disampaikan pada AI","required":true},{"type":3,"choices":[{"name":"Llama 3.1 Sonar Small (Lebih cepat)","value":"llama-3.1-sonar-small-128k-online"},{"name":"Llama 3.1 Sonar Large (Lebih pintar)","value":"llama-3.1-sonar-large-128k-online"},{"name":"Llama 3.1 Sonar Huge (Terpintar)","value":"llama-3.1-sonar-huge-128k-online"}],"name":"model","description":"Model AI yang ingin digunakan","required":false}],"name":"aichat","description":"Berbicara dengan AI dalam berbagai bahasa","type":1},{"options":[{"type":3,"name":"pesan","description":"Pesan yang ingin kamu sampaikan ke AI","required":true}],"name":"chat","description":"Chat dengan AI JKT48 bot","type":1},{"options":[{"type":3,"name":"prompt","description":"Deskripsi gambar yang ingin dibuat","required":true},{"type":3,"choices":[{"name":"Anime","value":"anime"},{"name":"Pixel Art","value":"pixel"},{"name":"Realistic","value":"realistic"},{"name":"Sketch","value":"sketch"},{"name":"Vaporwave","value":"vaporwave"},{"name":"Pop Art","value":"pop"},{"name":"JKT48","value":"jkt"}],"name":"style","description":"Style gambar yang diinginkan","required":false},{"type":4,"choices":[{"name":"Kecil (256x256)","value":256},{"name":"Medium (512x512)","value":512},{"name":"Besar (1024x1024)","value":1024}],"name":"size","description":"Ukuran gambar","required":false}],"name":"image","description":"Buat gambar AI berdasarkan prompt","type":1},{"options":[{"type":1,"name":"info","description":"Informasi tentang cara melakukan donasi","options":[]},{"type":1,"name":"submit","description":"Submit bukti donasi untuk mendapatkan role donatur","options":[]}],"name":"donasi","description":"Informasi cara berdonasi dan mendukung server","type":1},{"options":[{"type":3,"name":"item","description":"ID barang yang ingin dibeli","required":true},{"type":4,"name":"quantity","description":"Jumlah barang yang ingin dibeli","required":false}],"name":"buy","description":"Beli barang dari marketplace","type":1},{"options":[{"name":"user","description":"Lihat inventory user lain (khusus admin)","required":false,"type":6}],"name":"inventory","description":"Lihat barang-barang yang kamu miliki","type":1},{"options":[{"type":1,"name":"start","description":"Mulai memancing","options":[]},{"type":1,"name":"inventory","description":"Melihat hasil pancingan kamu","options":[]},{"type":1,"name":"sell","description":"Menjual hasil pancingan","options":[{"type":3,"choices":[{"name":"all","value":"all"},{"name":"trash","value":"trash"},{"name":"common","value":"common"},{"name":"uncommon","value":"uncommon"},{"name":"rare","value":"rare"},{"name":"epic","value":"epic"},{"name":"legendary","value":"legendary"},{"name":"mythic","value":"mythic"}],"name":"item","description":"Item yang ingin dijual","required":true}]},{"type":1,"name":"shop","description":"Beli alat pancing yang lebih baik","options":[]},{"type":1,"name":"upgrade","description":"Upgrade alat pancingmu","options":[{"type":4,"choices":[{"name":"Level 2 - Pancingan Kayu","value":2},{"name":"Level 3 - Pancingan Aluminium","value":3},{"name":"Level 4 - Pancingan Carbon","value":4},{"name":"Level 5 - Pancingan Pro","value":5}],"name":"level","description":"Level pancingan yang ingin dibeli","required":true}]}],"name":"mancing","description":"Memancing untuk mendapatkan ikan dan NGC","type":1},{"options":[{"type":1,"name":"balance","description":"Cek saldo NGC milikmu","options":[{"name":"user","description":"User yang ingin dicek saldonya (opsional)","required":false,"type":6}]},{"type":1,"name":"daily","description":"Klaim NGC harian (antara 50-150 NGC)","options":[]},{"type":1,"name":"transfer","description":"Transfer NGC ke user lain","options":[{"name":"user","description":"User yang akan menerima transfer","required":true,"type":6},{"min_value":10,"type":4,"name":"amount","description":"Jumlah NGC yang akan ditransfer","required":true}]}],"name":"ngc","description":"Sistem ekonomi NGC (Nararya Garage Currency)","type":1},{"options":[{"type":3,"choices":[{"name":"Semua","value":"all"},{"name":"Special","value":"special"},{"name":"Role","value":"role"},{"name":"Custom","value":"custom"},{"name":"Power","value":"power"},{"name":"Perk","value":"perk"}],"name":"kategori","description":"Tampilkan barang berdasarkan kategori","required":false}],"name":"pasar","description":"Lihat barang-barang di marketplace","type":1},{"options":[{"type":3,"name":"item","description":"ID barang yang ingin dijual","required":true},{"type":4,"name":"quantity","description":"Jumlah barang yang ingin dijual","required":false}],"name":"sell","description":"Jual barang ke marketplace","type":1},{"options":[{"name":"user","description":"User yang akan menerima NGC","required":true,"type":6},{"type":4,"name":"amount","description":"Jumlah NGC yang akan ditransfer","required":true},{"type":3,"name":"pesan","description":"Pesan untuk penerima (opsional)","required":false}],"name":"transfer","description":"Transfer NGC ke pengguna lain","type":1},{"options":[{"type":3,"name":"pertanyaan","description":"Pertanyaan yang ingin kamu tanyakan pada Magic 8 Ball","required":true}],"name":"8ball","description":"Bertanya pada Magic 8 Ball","type":1},{"options":[{"max_value":10,"min_value":1,"type":4,"name":"count","description":"Jumlah dadu yang ingin dilempar (1-10)","required":false},{"max_value":100,"min_value":2,"type":4,"name":"sides","description":"Jumlah sisi dadu (2-100)","required":false},{"name":"sum","description":"Apakah ingin menjumlahkan hasil dadu","required":false,"type":5}],"name":"dice","description":"Lempar dadu virtual dengan jumlah sisi yang bisa disesuaikan","type":1},{"options":[],"name":"meme","description":"Menampilkan meme acak","type":1},{"options":[{"type":3,"name":"nama","description":"Nama masakan yang ingin dicari (contoh: \"ayam goreng\", \"rendang\", dll)","required":true}],"name":"resep","description":"Mencari resep masakan berdasarkan kata kunci","type":1},{"options":[{"type":3,"name":"pesan","description":"Pesan yang ingin kamu buat bot katakan","required":true},{"name":"anonymous","description":"Sembunyikan siapa yang membuat pesan ini","required":false,"type":5}],"name":"say","description":"Membuat bot mengatakan pesan yang kamu inginkan","type":1},{"options":[],"name":"gachamemberjkt48","description":"Gacha member JKT48 (Max 15x sehari)","type":1},{"options":[],"name":"tebaklagujkt48","description":"Game tebak lagu JKT48","type":1},{"options":[{"name":"include_graduated","description":"Sertakan member yang sudah graduated","required":false,"type":5}],"name":"tebaknamajkt48","description":"Game tebak nama member JKT48","type":1},{"options":[{"type":3,"choices":[{"name":"Terbaru","value":"latest"},{"name":"Politik","value":"politics"},{"name":"Ekonomi","value":"economy"},{"name":"Teknologi","value":"technology"},{"name":"Olahraga","value":"sports"},{"name":"Hiburan","value":"entertainment"}],"name":"jenis","description":"Jenis berita","required":false}],"name":"beritadunia","description":"Mendapatkan berita terbaru dari seluruh dunia","type":1},{"options":[{"type":3,"choices":[{"name":"Terbaru","value":"latest"},{"name":"Politik","value":"politics"},{"name":"Ekonomi","value":"economy"},{"name":"Teknologi","value":"technology"},{"name":"Olahraga","value":"sports"},{"name":"Hiburan","value":"entertainment"}],"name":"jenis","description":"Jenis berita","required":false}],"name":"beritaindonesia","description":"Mendapatkan berita terbaru dari Indonesia","type":1},{"options":[],"name":"botstatus","description":"Tampilkan status layanan bot","type":1},{"options":[],"name":"botversion","description":"Tampilkan informasi versi dan status bot","type":1},{"options":[{"type":3,"choices":[{"name":"Tokyo, Jepang","value":"Tokyo"},{"name":"New York, AS","value":"New York"},{"name":"London, Inggris","value":"London"},{"name":"Paris, Prancis","value":"Paris"},{"name":"Beijing, China","value":"Beijing"},{"name":"Dubai, UAE","value":"Dubai"},{"name":"Singapore","value":"Singapore"},{"name":"Sydney, Australia","value":"Sydney"},{"name":"Seoul, Korea Selatan","value":"Seoul"},{"name":"Istanbul, Turki","value":"Istanbul"},{"name":"Mumbai, India","value":"Mumbai"},{"name":"Moscow, Rusia","value":"Moscow"}],"name":"kota","description":"Kota di dunia (opsional)","required":false}],"name":"cuacadunia","description":"Menampilkan informasi cuaca dan waktu di kota-kota besar dunia","type":1},{"options":[{"type":3,"choices":[{"name":"Jakarta","value":"Jakarta"},{"name":"Surabaya","value":"Surabaya"},{"name":"Bandung","value":"Bandung"},{"name":"Medan","value":"Medan"},{"name":"Makassar","value":"Makassar"},{"name":"Semarang","value":"Semarang"},{"name":"Palembang","value":"Palembang"},{"name":"Denpasar","value":"Denpasar"},{"name":"Yogyakarta","value":"Yogyakarta"},{"name":"Manado","value":"Manado"},{"name":"Pontianak","value":"Pontianak"},{"name":"Jayapura","value":"Jayapura"}],"name":"kota","description":"Kota di Indonesia (opsional)","required":false}],"name":"cuacaindonesia","description":"Menampilkan informasi cuaca dan waktu di kota-kota Indonesia","type":1},{"options":[{"type":1,"name":"kalender","description":"Menampilkan kalender hari besar terdekat","options":[]},{"type":1,"name":"cek","description":"Cek hari besar tertentu","options":[{"type":3,"choices":[{"name":"Tahun Baru","value":"tahun_baru"},{"name":"Idul Fitri","value":"idul_fitri"},{"name":"Idul Adha","value":"idul_adha"},{"name":"Natal","value":"natal"},{"name":"Halloween","value":"halloween"},{"name":"Ramadhan","value":"ramadhan"},{"name":"Hari Kemerdekaan","value":"kemerdekaan"},{"name":"Tahun Baru Imlek","value":"imlek"},{"name":"Valentine","value":"valentine"},{"name":"Nyepi","value":"nyepi"},{"name":"Isra Mi'raj","value":"isra_miraj"},{"name":"Waisak","value":"waisak"},{"name":"Maulid Nabi","value":"maulid"}],"name":"nama","description":"Nama hari besar","required":true}]},{"type":1,"name":"ramadhan","description":"Menampilkan jadwal Ramadhan hari ini","options":[{"type":3,"choices":[{"name":"Jakarta","value":"1301"},{"name":"Bandung","value":"1219"},{"name":"Surabaya","value":"1615"},{"name":"Yogyakarta","value":"1604"},{"name":"Medan","value":"1257"},{"name":"Makassar","value":"2079"},{"name":"Denpasar","value":"1710"},{"name":"Palembang","value":"1303"},{"name":"Semarang","value":"1409"},{"name":"Manado","value":"1975"}],"name":"wilayah","description":"Wilayah jadwal (default: Jakarta)","required":false}]}],"name":"haribesar","description":"Menampilkan informasi tentang hari-hari besar","type":1},{"options":[{"type":3,"choices":[{"name":"Info","value":"info"},{"name":"Member","value":"member"},{"name":"Games","value":"games"},{"name":"Notifications","value":"notifications"},{"name":"Moderation","value":"moderation"},{"name":"Tickets","value":"tickets"},{"name":"Music","value":"music"},{"name":"Media","value":"media"},{"name":"Utilities","value":"utilities"}],"name":"category","description":"Kategori perintah yang ingin ditampilkan","required":false}],"name":"help","description":"Menampilkan informasi bantuan untuk menggunakan bot","type":1},{"options":[{"type":3,"name":"username","description":"Username yang ingin dicari","required":true},{"type":3,"choices":[{"name":"Semua Platform","value":"all"},{"name":"Instagram","value":"instagram"},{"name":"Twitter/X","value":"twitter"},{"name":"TikTok","value":"tiktok"},{"name":"Showroom","value":"showroom"},{"name":"YouTube","value":"youtube"},{"name":"Facebook","value":"facebook"},{"name":"Reddit","value":"reddit"},{"name":"GitHub","value":"github"},{"name":"LinkedIn","value":"linkedin"},{"name":"Threads","value":"threads"}],"name":"platform","description":"Platform sosial media (opsional)","required":false}],"name":"socialsearch","description":"Mencari akun pengguna di berbagai platform sosial media","type":1},{"options":[{"type":3,"name":"nama","description":"Nama tempat yang ingin dicari","required":true},{"type":3,"name":"lokasi","description":"Lokasi/kota tempat berada (opsional)","required":false},{"type":3,"choices":[{"name":"Restoran/Cafe","value":"restaurant"},{"name":"Hotel","value":"hotel"},{"name":"Tempat Wisata","value":"tourist_attraction"},{"name":"Mall/Pusat Perbelanjaan","value":"shopping_mall"},{"name":"Semua Jenis","value":"all"}],"name":"jenis","description":"Jenis tempat","required":false}],"name":"tempat","description":"Mencari informasi tentang restoran, tempat wisata, atau tempat lainnya","type":1},{"options":[{"type":3,"choices":[{"name":"Tokyo, Jepang","value":"Tokyo"},{"name":"New York, AS","value":"New York"},{"name":"London, Inggris","value":"London"},{"name":"Paris, Prancis","value":"Paris"},{"name":"Beijing, China","value":"Beijing"},{"name":"Dubai, UAE","value":"Dubai"},{"name":"Sydney, Australia","value":"Sydney"},{"name":"Singapore","value":"Singapore"},{"name":"Seoul, Korea Selatan","value":"Seoul"},{"name":"Los Angeles, AS","value":"Los Angeles"},{"name":"Berlin, Jerman","value":"Berlin"},{"name":"Moscow, Rusia","value":"Moscow"}],"name":"kota","description":"Kota di dunia (opsional)","required":false}],"name":"waktudunia","description":"Menampilkan waktu di berbagai kota besar dunia","type":1},{"options":[{"type":3,"choices":[{"name":"Jakarta (WIB)","value":"Jakarta"},{"name":"Surabaya (WIB)","value":"Surabaya"},{"name":"Bandung (WIB)","value":"Bandung"},{"name":"Medan (WIB)","value":"Medan"},{"name":"Makassar (WITA)","value":"Makassar"},{"name":"Denpasar (WITA)","value":"Denpasar"},{"name":"Manado (WITA)","value":"Manado"},{"name":"Jayapura (WIT)","value":"Jayapura"}],"name":"kota","description":"Kota di Indonesia (opsional)","required":false}],"name":"waktuindonesia","description":"Menampilkan waktu di berbagai kota di Indonesia","type":1},{"options":[{"name":"user","description":"User yang ingin dilihat levelnya","required":false,"type":6}],"name":"level","description":"Lihat level dan XP kamu atau user lain","type":1},{"options":[{"type":3,"name":"url","description":"URL file yang akan diunduh","required":true},{"name":"bypass","description":"Bypass link shortener (jika URL merupakan link shortener)","required":false,"type":5}],"name":"downloadfile","description":"Download file dari berbagai platform","type":1},{"options":[{"type":3,"name":"url","description":"URL media yang akan diunduh","required":true},{"type":3,"choices":[{"name":"HD","value":"hd"},{"name":"SD","value":"sd"}],"name":"kualitas","description":"Kualitas unduhan","required":false}],"name":"downloadmedia","description":"Download media dari berbagai platform","type":1},{"options":[{"type":3,"choices":[{"name":"Team J","value":"J"},{"name":"Team K3","value":"K3"},{"name":"Team T","value":"T"},{"name":"Academy","value":"Academy"},{"name":"Semua","value":"all"}],"name":"team","description":"Filter berdasarkan team","required":false}],"name":"allmemberjkt48","description":"Tampilkan daftar semua member JKT48","type":1},{"options":[{"max_value":12,"min_value":1,"type":4,"name":"bulan","description":"Bulan (1-12)","required":false}],"name":"birthdaymemberjkt48","description":"Tampilkan member JKT48 yang berulang tahun","type":1},{"options":[{"max_value":10,"min_value":1,"type":4,"name":"generasi","description":"Filter berdasarkan generasi","required":false}],"name":"graduatedmemberjkt48","description":"Tampilkan daftar member JKT48 yang sudah lulus (graduated)","type":1},{"options":[{"name":"user","description":"The user to ban","required":true,"type":6},{"type":3,"name":"reason","description":"Reason for the ban","required":true},{"max_value":7,"min_value":0,"type":4,"name":"days","description":"Number of days of messages to delete (0-7)","required":false}],"name":"ban","description":"Ban a member from the server","type":1},{"options":[{"max_value":100,"min_value":1,"type":4,"name":"amount","description":"Number of messages to delete (1-100)","required":true},{"name":"user","description":"Only delete messages from this user","required":false,"type":6},{"type":3,"choices":[{"name":"All Messages","value":"all"},{"name":"User Messages","value":"user"},{"name":"Bot Messages","value":"bot"},{"name":"Images Only","value":"images"},{"name":"Links Only","value":"links"}],"name":"target","description":"Target type of messages to delete","required":false}],"name":"clear","description":"Clear messages from the channel","type":1},{"options":[{"type":1,"name":"create","description":"Create a new webhook","options":[{"name":"channel","description":"Channel to create the webhook in","required":true,"type":7},{"type":3,"name":"name","description":"Name for the webhook","required":true},{"type":3,"name":"avatar","description":"URL of the webhook avatar","required":true},{"type":3,"name":"banner","description":"URL of the banner image to use in messages","required":false},{"type":3,"name":"color","description":"Color for the webhook messages (hex format e.g., #FF6200)","required":false}]},{"type":1,"name":"send","description":"Send a message with an existing webhook","options":[{"type":3,"name":"webhook_url","description":"URL of the webhook to use","required":true},{"type":3,"name":"message","description":"Message to send (use long message option for more text)","required":false},{"name":"use_embed","description":"Send as an embed message instead of plain text","required":false,"type":5},{"name":"long_message","description":"Set to true if you want to write a longer message or title with a modal","required":false,"type":5},{"type":3,"name":"banner","description":"URL of the banner image to use in the message","required":false}]},{"type":1,"name":"list","description":"List all webhooks in a channel","options":[{"name":"channel","description":"Channel to list webhooks for","required":true,"type":7}]},{"type":1,"name":"delete","description":"Delete a webhook by ID or URL","options":[{"type":3,"name":"webhook_url","description":"URL of the webhook to delete","required":true}]}],"name":"createwebhook","description":"Create a customizable webhook with banner and message options","default_member_permissions":"536870912","type":1},{"options":[{"name":"user","description":"The user to kick","required":true,"type":6},{"type":3,"name":"reason","description":"Reason for the kick","required":true}],"name":"kick","description":"Kick a member from the server","type":1},{"options":[{"name":"user","description":"The user to mute","required":true,"type":6},{"max_value":10080,"min_value":1,"type":4,"name":"duration","description":"Duration of the mute in minutes","required":true},{"type":3,"name":"reason","description":"Reason for the mute","required":true}],"name":"mute","description":"Mute a member temporarily (timeout)","type":1},{"options":[],"name":"livememberjkt48","description":"Tampilkan member JKT48 yang sedang live streaming","type":1},{"options":[{"type":1,"name":"add","description":"Tambahkan notifikasi TikTok baru","options":[{"type":3,"name":"username","description":"Username TikTok (tanpa @)","required":true},{"name":"channel","description":"Channel untuk mengirim notifikasi","required":true,"type":7},{"name":"role","description":"Role untuk di-mention saat live dimulai","required":false,"type":8}]},{"type":1,"name":"remove","description":"Hapus notifikasi TikTok","options":[{"type":3,"name":"username","description":"Username TikTok yang ingin dihapus notifikasinya","required":true}]}],"name":"setuptiktok","description":"Atur notifikasi live TikTok","default_member_permissions":"16","type":1},{"options":[],"name":"theaterjkt48","description":"Tampilkan jadwal teater & event JKT48 mendatang","type":1},{"options":[{"type":3,"name":"title","description":"Judul embed ticket","required":true},{"type":3,"name":"description","description":"Deskripsi embed ticket","required":true},{"type":3,"name":"button_label","description":"Text pada button ticket","required":true},{"type":3,"name":"button_emoji","description":"Emoji pada button ticket (opsional)","required":false},{"type":3,"name":"footer","description":"Text footer pada embed (opsional)","required":false},{"type":3,"name":"color","description":"Warna embed dalam format HEX (default: FF6200)","required":false}],"name":"createticket","description":"Membuat panel ticket dengan embed dan button","default_member_permissions":"32","type":1},{"options":[{"type":3,"name":"url","description":"URL untuk dibypass (arahlink, adfly, etc)","required":true},{"name":"private","description":"Tampilkan hasil hanya untuk kamu (default: tidak)","required":false,"type":5}],"name":"bypasslink","description":"Bypass shortlinks, adfly, arahlink dan dapatkan direct link","type":1},{"options":[{"type":10,"name":"amount","description":"Jumlah yang ingin dikonversi","required":true},{"type":3,"name":"from","description":"Mata uang asal (contoh: IDR, USD)","required":true},{"type":3,"name":"to","description":"Mata uang tujuan (contoh: USD, IDR)","required":true}],"name":"currency","description":"Mengkonversi nilai mata uang ke mata uang lain","type":1},{"options":[{"type":3,"name":"text","description":"Teks yang ingin diterjemahkan","required":true},{"type":3,"name":"to","description":"Bahasa tujuan (kode bahasa: en, id, ja, ko, dll)","required":true},{"type":3,"name":"from","description":"Bahasa sumber (kode bahasa, jika dibiarkan kosong akan otomatis terdeteksi)","required":false}],"name":"translate","description":"Menerjemahkan teks dari satu bahasa ke bahasa lain","type":1}]},"rawError":{"message":"Invalid Form Body","code":50035,"errors":{"application_id":{"_errors":[{"code":"NUMBER_TYPE_COERCE","message":"Value \"undefined\" is not snowflake."}]},"guild_id":{"_errors":[{"code":"NUMBER_TYPE_COERCE","message":"Value \"undefined\" is not snowflake."}]}}},"code":50035,"status":400,"method":"PUT","url":"https://discord.com/api/v10/applications/undefined/guilds/undefined/commands"}
[2025-04-29T08:49:17.002Z] [ERROR] Error code: 50035
[2025-04-29T08:50:31.070Z] [ERROR] Error getting Hijri date: Request failed with status code 404
[2025-04-29T08:50:31.156Z] [ERROR] Fallback API also failed: Request failed with status code 404
[2025-04-29T08:50:34.489Z] [ERROR] Error getting Hijri date: Request failed with status code 404
[2025-04-29T08:50:34.577Z] [ERROR] Fallback API also failed: Request failed with status code 404
[2025-04-29T08:57:12.057Z] [ERROR] Failed to defer reply for botversion: {"requestBody":{"json":{"type":5,"data":{"flags":0}}},"rawError":{"message":"Unknown interaction","code":10062},"code":10062,"status":404,"method":"POST","url":"https://discord.com/api/v10/interactions/1366699831497719898/aW50ZXJhY3Rpb246MTM2NjY5OTgzMTQ5NzcxOTg5ODprM1BweXhvRU1TTVpOV2tYSmpPdmY3Q2F3emtZVDFrcDI0WEpuQ1lBczBuU09sUUwybDBYTk9MV3lqRTgyNUZDbkNmVE9VSTdZRHVMSWprb2ZpREFIMUVCUXdpWm1EUDBsVUxTeEZKTWFoNmVJWGluQ1k5ak5VYWowT2NYVW5yQQ/callback?with_response=false"}
[2025-04-29T08:57:12.173Z] [ERROR] Failed to defer reply: Unknown interaction
[2025-04-29T08:57:12.181Z] [ERROR] Error executing botversion command: {"code":"InteractionAlreadyReplied"}
[2025-04-29T08:57:12.182Z] [ERROR] Error executing command botversion: The reply to this interaction has already been sent or deferred.
[2025-04-29T08:57:12.182Z] [ERROR] Error [InteractionAlreadyReplied]: The reply to this interaction has already been sent or deferred.
    at ChatInputCommandInteraction.reply (/home/runner/workspace/node_modules/discord.js/src/structures/interfaces/InteractionResponses.js:163:46)
    at execute (/home/runner/workspace/commands/info/botversion.js:59:25)
    at process.processTicksAndRejections (node:internal/process/task_queues:95:5)
    at async /home/runner/workspace/utils/commandWrapper.js:53:7
    at async /home/runner/workspace/utils/commandWrapper.js:53:7
    at async Object.execute (/home/runner/workspace/events/interactionCreate.js:99:11)
[2025-04-29T08:57:12.247Z] [ERROR] Failed to defer reply: Interaction has already been acknowledged.
[2025-04-29T08:57:12.317Z] [ERROR] Error executing botversion command: {"requestBody":{"json":{"type":5,"data":{"flags":0}}},"rawError":{"message":"Interaction has already been acknowledged.","code":40060},"code":40060,"status":400,"method":"POST","url":"https://discord.com/api/v10/interactions/1366699831497719898/aW50ZXJhY3Rpb246MTM2NjY5OTgzMTQ5NzcxOTg5ODprM1BweXhvRU1TTVpOV2tYSmpPdmY3Q2F3emtZVDFrcDI0WEpuQ1lBczBuU09sUUwybDBYTk9MV3lqRTgyNUZDbkNmVE9VSTdZRHVMSWprb2ZpREFIMUVCUXdpWm1EUDBsVUxTeEZKTWFoNmVJWGluQ1k5ak5VYWowT2NYVW5yQQ/callback?with_response=false"}
[2025-04-29T08:57:13.521Z] [ERROR] Error executing command botversion: Interaction has already been acknowledged.
[2025-04-29T08:57:13.521Z] [ERROR] DiscordAPIError[40060]: Interaction has already been acknowledged.
    at handleErrors (/home/runner/workspace/node_modules/@discordjs/rest/dist/index.js:748:13)
    at process.processTicksAndRejections (node:internal/process/task_queues:95:5)
    at async BurstHandler.runRequest (/home/runner/workspace/node_modules/@discordjs/rest/dist/index.js:852:23)
    at async _REST.request (/home/runner/workspace/node_modules/@discordjs/rest/dist/index.js:1293:22)
    at async ChatInputCommandInteraction.reply (/home/runner/workspace/node_modules/discord.js/src/structures/interfaces/InteractionResponses.js:194:22)
    at async execute (/home/runner/workspace/commands/info/botversion.js:59:7)
    at async /home/runner/workspace/utils/commandWrapper.js:53:7
    at async /home/runner/workspace/utils/commandWrapper.js:53:7
    at async Object.execute (/home/runner/workspace/events/interactionCreate.js:99:11)
[2025-04-29T08:57:13.590Z] [ERROR] Failed to reply with error message: Interaction has already been acknowledged.
[2025-04-29T08:58:28.606Z] [ERROR] Error getting Hijri date: Request failed with status code 404
[2025-04-29T08:58:28.670Z] [ERROR] Fallback API also failed: Request failed with status code 404
[2025-04-29T08:58:31.935Z] [ERROR] Error getting Hijri date: Request failed with status code 404
[2025-04-29T08:58:32.005Z] [ERROR] Fallback API also failed: Request failed with status code 404
[2025-04-29T09:02:26.691Z] [ERROR] Error getting Hijri date: Request failed with status code 404
[2025-04-29T09:02:26.771Z] [ERROR] Error getting Hijri date: Request failed with status code 404
[2025-04-29T09:02:26.777Z] [ERROR] Fallback API also failed: Request failed with status code 404
[2025-04-29T09:02:26.843Z] [ERROR] Fallback API also failed: Request failed with status code 404
[2025-04-29T09:03:09.916Z] [ERROR] Client ID or Guild ID not properly configured in config.js!
[2025-04-29T09:04:24.099Z] [ERROR] Error deploying commands: {}
[2025-04-29T09:06:16.508Z] [ERROR] Error getting Hijri date: Request failed with status code 404
[2025-04-29T09:06:16.572Z] [ERROR] Fallback API also failed: Request failed with status code 404
[2025-04-29T09:06:16.989Z] [ERROR] Error getting Hijri date: Request failed with status code 404
[2025-04-29T09:06:17.060Z] [ERROR] Fallback API also failed: Request failed with status code 404
[2025-04-29T09:07:10.589Z] [ERROR] Error getting Hijri date: Request failed with status code 404
[2025-04-29T09:07:10.655Z] [ERROR] Fallback API also failed: Request failed with status code 404
[2025-04-29T09:07:28.326Z] [ERROR] Error getting Hijri date: Request failed with status code 404
[2025-04-29T09:07:28.403Z] [ERROR] Fallback API also failed: Request failed with status code 404
[2025-04-29T09:07:56.286Z] [ERROR] Error deploying commands: {}
[2025-04-29T09:10:07.058Z] [ERROR] Error getting Hijri date: Request failed with status code 404
[2025-04-29T09:10:07.147Z] [ERROR] Fallback API also failed: Request failed with status code 404
[2025-04-29T09:10:10.392Z] [ERROR] Error getting Hijri date: Request failed with status code 404
[2025-04-29T09:10:10.500Z] [ERROR] Fallback API also failed: Request failed with status code 404
[2025-04-29T09:13:52.902Z] [ERROR] Error deploying commands: {}
[2025-04-29T09:14:41.237Z] [ERROR] 🚫 Error deploying commands:
[2025-04-29T09:14:41.238Z] [ERROR] {}
[2025-04-29T09:14:41.239Z] [ERROR] Error name: TypeError
[2025-04-29T09:14:41.240Z] [ERROR] Error message: (intermediate value).setToken(...).setTimeout is not a function
[2025-04-29T09:14:41.241Z] [ERROR] Error stack: TypeError: (intermediate value).setToken(...).setTimeout is not a function
    at deployCommands (/home/runner/workspace/deploy-commands.js:156:8)
    at Object.<anonymous> (/home/runner/workspace/deploy-commands.js:265:1)
    at Module._compile (node:internal/modules/cjs/loader:1469:14)
    at Module._extensions..js (node:internal/modules/cjs/loader:1548:10)
    at Module.load (node:internal/modules/cjs/loader:1288:32)
    at Module._load (node:internal/modules/cjs/loader:1104:12)
    at Function.executeUserEntryPoint [as runMain] (node:internal/modules/run_main:173:12)
    at node:internal/main/run_main_module:28:49
[2025-04-29T09:15:21.711Z] [ERROR] Error fetching existing commands: {"requestBody":{},"rawError":{"message":"Unknown Application","code":10002},"code":10002,"status":404,"method":"GET","url":"https://discord.com/api/v10/applications/1295357582553325640/guilds/1297112621258113024/commands"}
[2025-04-29T09:15:21.822Z] [ERROR] 🚫 Error deploying commands:
[2025-04-29T09:15:21.826Z] [ERROR] {
  "requestBody": {
    "json": [
      {
        "options": [
          {
            "type": 3,
            "name": "message",
            "description": "Pesan yang ingin disampaikan pada AI",
            "required": true
          },
          {
            "type": 3,
            "choices": [
              {
                "name": "Llama 3.1 Sonar Small (Lebih cepat)",
                "value": "llama-3.1-sonar-small-128k-online"
              },
              {
                "name": "Llama 3.1 Sonar Large (Lebih pintar)",
                "value": "llama-3.1-sonar-large-128k-online"
              },
              {
                "name": "Llama 3.1 Sonar Huge (Terpintar)",
                "value": "llama-3.1-sonar-huge-128k-online"
              }
            ],
            "name": "model",
            "description": "Model AI yang ingin digunakan",
            "required": false
          }
        ],
        "name": "aichat",
        "description": "Berbicara dengan AI dalam berbagai bahasa",
        "type": 1
      },
      {
        "options": [
          {
            "type": 3,
            "name": "pesan",
            "description": "Pesan yang ingin kamu sampaikan ke AI",
            "required": true
          }
        ],
        "name": "chat",
        "description": "Chat dengan AI JKT48 bot",
        "type": 1
      },
      {
        "options": [
          {
            "type": 3,
            "name": "prompt",
            "description": "Deskripsi gambar yang ingin dibuat",
            "required": true
          },
          {
            "type": 3,
            "choices": [
              {
                "name": "Anime",
                "value": "anime"
              },
              {
                "name": "Pixel Art",
                "value": "pixel"
              },
              {
                "name": "Realistic",
                "value": "realistic"
              },
              {
                "name": "Sketch",
                "value": "sketch"
              },
              {
                "name": "Vaporwave",
                "value": "vaporwave"
              },
              {
                "name": "Pop Art",
                "value": "pop"
              },
              {
                "name": "JKT48",
                "value": "jkt"
              }
            ],
            "name": "style",
            "description": "Style gambar yang diinginkan",
            "required": false
          },
          {
            "type": 4,
            "choices": [
              {
                "name": "Kecil (256x256)",
                "value": 256
              },
              {
                "name": "Medium (512x512)",
                "value": 512
              },
              {
                "name": "Besar (1024x1024)",
                "value": 1024
              }
            ],
            "name": "size",
            "description": "Ukuran gambar",
            "required": false
          }
        ],
        "name": "image",
        "description": "Buat gambar AI berdasarkan prompt",
        "type": 1
      },
      {
        "options": [
          {
            "type": 1,
            "name": "info",
            "description": "Informasi tentang cara melakukan donasi",
            "options": []
          },
          {
            "type": 1,
            "name": "submit",
            "description": "Submit bukti donasi untuk mendapatkan role donatur",
            "options": []
          }
        ],
        "name": "donasi",
        "description": "Informasi cara berdonasi dan mendukung server",
        "type": 1
      },
      {
        "options": [
          {
            "type": 3,
            "name": "item",
            "description": "ID barang yang ingin dibeli",
            "required": true
          },
          {
            "type": 4,
            "name": "quantity",
            "description": "Jumlah barang yang ingin dibeli",
            "required": false
          }
        ],
        "name": "buy",
        "description": "Beli barang dari marketplace",
        "type": 1
      },
      {
        "options": [
          {
            "name": "user",
            "description": "Lihat inventory user lain (khusus admin)",
            "required": false,
            "type": 6
          }
        ],
        "name": "inventory",
        "description": "Lihat barang-barang yang kamu miliki",
        "type": 1
      },
      {
        "options": [
          {
            "type": 1,
            "name": "start",
            "description": "Mulai memancing",
            "options": []
          },
          {
            "type": 1,
            "name": "inventory",
            "description": "Melihat hasil pancingan kamu",
            "options": []
          },
          {
            "type": 1,
            "name": "sell",
            "description": "Menjual hasil pancingan",
            "options": [
              {
                "type": 3,
                "choices": [
                  {
                    "name": "all",
                    "value": "all"
                  },
                  {
                    "name": "trash",
                    "value": "trash"
                  },
                  {
                    "name": "common",
                    "value": "common"
                  },
                  {
                    "name": "uncommon",
                    "value": "uncommon"
                  },
                  {
                    "name": "rare",
                    "value": "rare"
                  },
                  {
                    "name": "epic",
                    "value": "epic"
                  },
                  {
                    "name": "legendary",
                    "value": "legendary"
                  },
                  {
                    "name": "mythic",
                    "value": "mythic"
                  }
                ],
                "name": "item",
                "description": "Item yang ingin dijual",
                "required": true
              }
            ]
          },
          {
            "type": 1,
            "name": "shop",
            "description": "Beli alat pancing yang lebih baik",
            "options": []
          },
          {
            "type": 1,
            "name": "upgrade",
            "description": "Upgrade alat pancingmu",
            "options": [
              {
                "type": 4,
                "choices": [
                  {
                    "name": "Level 2 - Pancingan Kayu",
                    "value": 2
                  },
                  {
                    "name": "Level 3 - Pancingan Aluminium",
                    "value": 3
                  },
                  {
                    "name": "Level 4 - Pancingan Carbon",
                    "value": 4
                  },
                  {
                    "name": "Level 5 - Pancingan Pro",
                    "value": 5
                  }
                ],
                "name": "level",
                "description": "Level pancingan yang ingin dibeli",
                "required": true
              }
            ]
          }
        ],
        "name": "mancing",
        "description": "Memancing untuk mendapatkan ikan dan NGC",
        "type": 1
      },
      {
        "options": [
          {
            "type": 1,
            "name": "balance",
            "description": "Cek saldo NGC milikmu",
            "options": [
              {
                "name": "user",
                "description": "User yang ingin dicek saldonya (opsional)",
                "required": false,
                "type": 6
              }
            ]
          },
          {
            "type": 1,
            "name": "daily",
            "description": "Klaim NGC harian (antara 50-150 NGC)",
            "options": []
          },
          {
            "type": 1,
            "name": "transfer",
            "description": "Transfer NGC ke user lain",
            "options": [
              {
                "name": "user",
                "description": "User yang akan menerima transfer",
                "required": true,
                "type": 6
              },
              {
                "min_value": 10,
                "type": 4,
                "name": "amount",
                "description": "Jumlah NGC yang akan ditransfer",
                "required": true
              }
            ]
          }
        ],
        "name": "ngc",
        "description": "Sistem ekonomi NGC (Nararya Garage Currency)",
        "type": 1
      },
      {
        "options": [
          {
            "type": 3,
            "choices": [
              {
                "name": "Semua",
                "value": "all"
              },
              {
                "name": "Special",
                "value": "special"
              },
              {
                "name": "Role",
                "value": "role"
              },
              {
                "name": "Custom",
                "value": "custom"
              },
              {
                "name": "Power",
                "value": "power"
              },
              {
                "name": "Perk",
                "value": "perk"
              }
            ],
            "name": "kategori",
            "description": "Tampilkan barang berdasarkan kategori",
            "required": false
          }
        ],
        "name": "pasar",
        "description": "Lihat barang-barang di marketplace",
        "type": 1
      },
      {
        "options": [
          {
            "type": 3,
            "name": "item",
            "description": "ID barang yang ingin dijual",
            "required": true
          },
          {
            "type": 4,
            "name": "quantity",
            "description": "Jumlah barang yang ingin dijual",
            "required": false
          }
        ],
        "name": "sell",
        "description": "Jual barang ke marketplace",
        "type": 1
      },
      {
        "options": [
          {
            "name": "user",
            "description": "User yang akan menerima NGC",
            "required": true,
            "type": 6
          },
          {
            "type": 4,
            "name": "amount",
            "description": "Jumlah NGC yang akan ditransfer",
            "required": true
          },
          {
            "type": 3,
            "name": "pesan",
            "description": "Pesan untuk penerima (opsional)",
            "required": false
          }
        ],
        "name": "transfer",
        "description": "Transfer NGC ke pengguna lain",
        "type": 1
      },
      {
        "options": [
          {
            "type": 3,
            "name": "pertanyaan",
            "description": "Pertanyaan yang ingin kamu tanyakan pada Magic 8 Ball",
            "required": true
          }
        ],
        "name": "8ball",
        "description": "Bertanya pada Magic 8 Ball",
        "type": 1
      },
      {
        "options": [
          {
            "max_value": 10,
            "min_value": 1,
            "type": 4,
            "name": "count",
            "description": "Jumlah dadu yang ingin dilempar (1-10)",
            "required": false
          },
          {
            "max_value": 100,
            "min_value": 2,
            "type": 4,
            "name": "sides",
            "description": "Jumlah sisi dadu (2-100)",
            "required": false
          },
          {
            "name": "sum",
            "description": "Apakah ingin menjumlahkan hasil dadu",
            "required": false,
            "type": 5
          }
        ],
        "name": "dice",
        "description": "Lempar dadu virtual dengan jumlah sisi yang bisa disesuaikan",
        "type": 1
      },
      {
        "options": [],
        "name": "meme",
        "description": "Menampilkan meme acak",
        "type": 1
      },
      {
        "options": [
          {
            "type": 3,
            "name": "nama",
            "description": "Nama masakan yang ingin dicari (contoh: \"ayam goreng\", \"rendang\", dll)",
            "required": true
          }
        ],
        "name": "resep",
        "description": "Mencari resep masakan berdasarkan kata kunci",
        "type": 1
      },
      {
        "options": [
          {
            "type": 3,
            "name": "pesan",
            "description": "Pesan yang ingin kamu buat bot katakan",
            "required": true
          },
          {
            "name": "anonymous",
            "description": "Sembunyikan siapa yang membuat pesan ini",
            "required": false,
            "type": 5
          }
        ],
        "name": "say",
        "description": "Membuat bot mengatakan pesan yang kamu inginkan",
        "type": 1
      },
      {
        "options": [
          {
            "type": 1,
            "name": "start",
            "description": "Mulai memancing untuk mendapatkan hadiah dan XP",
            "options": []
          },
          {
            "type": 1,
            "name": "collection",
            "description": "Lihat koleksi mancing kamu",
            "options": []
          },
          {
            "type": 1,
            "name": "sell",
            "description": "Jual hasil tangkapan kamu untuk mendapatkan koin",
            "options": [
              {
                "type": 3,
                "name": "item",
                "description": "Item yang ingin dijual (all untuk menjual semua)",
                "required": true
              },
              {
                "type": 4,
                "name": "amount",
                "description": "Jumlah item yang ingin dijual",
                "required": false
              }
            ]
          }
        ],
        "name": "fishing",
        "description": "Pergi memancing untuk mendapatkan hadiah dan XP (English version)",
        "type": 1
      },
      {
        "options": [],
        "name": "gachamemberjkt48",
        "description": "Gacha member JKT48 (Max 15x sehari)",
        "type": 1
      },
      {
        "options": [],
        "name": "tebakjikojkt48",
        "description": "Permainan tebak jiko (catchphrase) member JKT48",
        "type": 1
      },
      {
        "options": [],
        "name": "tebaklagujkt48",
        "description": "Game tebak lagu JKT48",
        "type": 1
      },
      {
        "options": [
          {
            "name": "include_graduated",
            "description": "Sertakan member yang sudah graduated",
            "required": false,
            "type": 5
          }
        ],
        "name": "tebaknamajkt48",
        "description": "Game tebak nama member JKT48",
        "type": 1
      },
      {
        "options": [],
        "name": "tebaksetlistjkt48",
        "description": "Permainan tebak setlist JKT48",
        "type": 1
      },
      {
        "options": [],
        "name": "tebaksuarajkt48",
        "description": "Permainan tebak suara member JKT48",
        "type": 1
      },
      {
        "options": [
          {
            "type": 3,
            "choices": [
              {
                "name": "Terbaru",
                "value": "latest"
              },
              {
                "name": "Politik",
                "value": "politics"
              },
              {
                "name": "Ekonomi",
                "value": "economy"
              },
              {
                "name": "Teknologi",
                "value": "technology"
              },
              {
                "name": "Olahraga",
                "value": "sports"
              },
              {
                "name": "Hiburan",
                "value": "entertainment"
              }
            ],
            "name": "jenis",
            "description": "Jenis berita",
            "required": false
          }
        ],
        "name": "beritadunia",
        "description": "Mendapatkan berita terbaru dari seluruh dunia",
        "type": 1
      },
      {
        "options": [
          {
            "type": 3,
            "choices": [
              {
                "name": "Terbaru",
                "value": "latest"
              },
              {
                "name": "Politik",
                "value": "politics"
              },
              {
                "name": "Ekonomi",
                "value": "economy"
              },
              {
                "name": "Teknologi",
                "value": "technology"
              },
              {
                "name": "Olahraga",
                "value": "sports"
              },
              {
                "name": "Hiburan",
                "value": "entertainment"
              }
            ],
            "name": "jenis",
            "description": "Jenis berita",
            "required": false
          }
        ],
        "name": "beritaindonesia",
        "description": "Mendapatkan berita terbaru dari Indonesia",
        "type": 1
      },
      {
        "options": [],
        "name": "botstatus",
        "description": "Tampilkan status layanan bot",
        "type": 1
      },
      {
        "options": [],
        "name": "botversion",
        "description": "Tampilkan informasi versi dan status bot",
        "type": 1
      },
      {
        "options": [
          {
            "type": 3,
            "name": "judul",
            "description": "Judul film atau acara TV yang ingin dicari",
            "required": true
          },
          {
            "type": 3,
            "choices": [
              {
                "name": "Semua Platform",
                "value": "all"
              },
              {
                "name": "Netflix",
                "value": "netflix"
              },
              {
                "name": "Disney+",
                "value": "disney"
              },
              {
                "name": "Prime Video",
                "value": "prime"
              },
              {
                "name": "HBO Max",
                "value": "hbo"
              },
              {
                "name": "Hulu",
                "value": "hulu"
              }
            ],
            "name": "platform",
            "description": "Platform streaming yang ingin dicari",
            "required": false
          }
        ],
        "name": "carifilm",
        "description": "Mencari film atau acara TV di berbagai platform streaming",
        "type": 1
      },
      {
        "options": [
          {
            "type": 3,
            "choices": [
              {
                "name": "Tokyo, Jepang",
                "value": "Tokyo"
              },
              {
                "name": "New York, AS",
                "value": "New York"
              },
              {
                "name": "London, Inggris",
                "value": "London"
              },
              {
                "name": "Paris, Prancis",
                "value": "Paris"
              },
              {
                "name": "Beijing, China",
                "value": "Beijing"
              },
              {
                "name": "Dubai, UAE",
                "value": "Dubai"
              },
              {
                "name": "Singapore",
                "value": "Singapore"
              },
              {
                "name": "Sydney, Australia",
                "value": "Sydney"
              },
              {
                "name": "Seoul, Korea Selatan",
                "value": "Seoul"
              },
              {
                "name": "Istanbul, Turki",
                "value": "Istanbul"
              },
              {
                "name": "Mumbai, India",
                "value": "Mumbai"
              },
              {
                "name": "Moscow, Rusia",
                "value": "Moscow"
              }
            ],
            "name": "kota",
            "description": "Kota di dunia (opsional)",
            "required": false
          }
        ],
        "name": "cuacadunia",
        "description": "Menampilkan informasi cuaca dan waktu di kota-kota besar dunia",
        "type": 1
      },
      {
        "options": [
          {
            "type": 3,
            "choices": [
              {
                "name": "Jakarta",
                "value": "Jakarta"
              },
              {
                "name": "Surabaya",
                "value": "Surabaya"
              },
              {
                "name": "Bandung",
                "value": "Bandung"
              },
              {
                "name": "Medan",
                "value": "Medan"
              },
              {
                "name": "Makassar",
                "value": "Makassar"
              },
              {
                "name": "Semarang",
                "value": "Semarang"
              },
              {
                "name": "Palembang",
                "value": "Palembang"
              },
              {
                "name": "Denpasar",
                "value": "Denpasar"
              },
              {
                "name": "Yogyakarta",
                "value": "Yogyakarta"
              },
              {
                "name": "Manado",
                "value": "Manado"
              },
              {
                "name": "Pontianak",
                "value": "Pontianak"
              },
              {
                "name": "Jayapura",
                "value": "Jayapura"
              }
            ],
            "name": "kota",
            "description": "Kota di Indonesia (opsional)",
            "required": false
          }
        ],
        "name": "cuacaindonesia",
        "description": "Menampilkan informasi cuaca dan waktu di kota-kota Indonesia",
        "type": 1
      },
      {
        "options": [
          {
            "type": 1,
            "name": "kalender",
            "description": "Menampilkan kalender hari besar terdekat",
            "options": []
          },
          {
            "type": 1,
            "name": "cek",
            "description": "Cek hari besar tertentu",
            "options": [
              {
                "type": 3,
                "choices": [
                  {
                    "name": "Tahun Baru",
                    "value": "tahun_baru"
                  },
                  {
                    "name": "Idul Fitri",
                    "value": "idul_fitri"
                  },
                  {
                    "name": "Idul Adha",
                    "value": "idul_adha"
                  },
                  {
                    "name": "Natal",
                    "value": "natal"
                  },
                  {
                    "name": "Halloween",
                    "value": "halloween"
                  },
                  {
                    "name": "Ramadhan",
                    "value": "ramadhan"
                  },
                  {
                    "name": "Hari Kemerdekaan",
                    "value": "kemerdekaan"
                  },
                  {
                    "name": "Tahun Baru Imlek",
                    "value": "imlek"
                  },
                  {
                    "name": "Valentine",
                    "value": "valentine"
                  },
                  {
                    "name": "Nyepi",
                    "value": "nyepi"
                  },
                  {
                    "name": "Isra Mi'raj",
                    "value": "isra_miraj"
                  },
                  {
                    "name": "Waisak",
                    "value": "waisak"
                  },
                  {
                    "name": "Maulid Nabi",
                    "value": "maulid"
                  }
                ],
                "name": "nama",
                "description": "Nama hari besar",
                "required": true
              }
            ]
          },
          {
            "type": 1,
            "name": "ramadhan",
            "description": "Menampilkan jadwal Ramadhan hari ini",
            "options": [
              {
                "type": 3,
                "choices": [
                  {
                    "name": "Jakarta",
                    "value": "1301"
                  },
                  {
                    "name": "Bandung",
                    "value": "1219"
                  },
                  {
                    "name": "Surabaya",
                    "value": "1615"
                  },
                  {
                    "name": "Yogyakarta",
                    "value": "1604"
                  },
                  {
                    "name": "Medan",
                    "value": "1257"
                  },
                  {
                    "name": "Makassar",
                    "value": "2079"
                  },
                  {
                    "name": "Denpasar",
                    "value": "1710"
                  },
                  {
                    "name": "Palembang",
                    "value": "1303"
                  },
                  {
                    "name": "Semarang",
                    "value": "1409"
                  },
                  {
                    "name": "Manado",
                    "value": "1975"
                  }
                ],
                "name": "wilayah",
                "description": "Wilayah jadwal (default: Jakarta)",
                "required": false
              }
            ]
          }
        ],
        "name": "haribesar",
        "description": "Menampilkan informasi tentang hari-hari besar",
        "type": 1
      },
      {
        "options": [
          {
            "type": 3,
            "choices": [
              {
                "name": "Info",
                "value": "info"
              },
              {
                "name": "Member",
                "value": "member"
              },
              {
                "name": "Games",
                "value": "games"
              },
              {
                "name": "Notifications",
                "value": "notifications"
              },
              {
                "name": "Moderation",
                "value": "moderation"
              },
              {
                "name": "Tickets",
                "value": "tickets"
              },
              {
                "name": "Music",
                "value": "music"
              },
              {
                "name": "Media",
                "value": "media"
              },
              {
                "name": "Utilities",
                "value": "utilities"
              }
            ],
            "name": "category",
            "description": "Kategori perintah yang ingin ditampilkan",
            "required": false
          }
        ],
        "name": "help",
        "description": "Menampilkan informasi bantuan untuk menggunakan bot",
        "type": 1
      },
      {
        "options": [
          {
            "type": 3,
            "name": "username",
            "description": "Username yang ingin dicari",
            "required": true
          },
          {
            "type": 3,
            "choices": [
              {
                "name": "Semua Platform",
                "value": "all"
              },
              {
                "name": "Instagram",
                "value": "instagram"
              },
              {
                "name": "Twitter/X",
                "value": "twitter"
              },
              {
                "name": "TikTok",
                "value": "tiktok"
              },
              {
                "name": "Showroom",
                "value": "showroom"
              },
              {
                "name": "YouTube",
                "value": "youtube"
              },
              {
                "name": "Facebook",
                "value": "facebook"
              },
              {
                "name": "Reddit",
                "value": "reddit"
              },
              {
                "name": "GitHub",
                "value": "github"
              },
              {
                "name": "LinkedIn",
                "value": "linkedin"
              },
              {
                "name": "Threads",
                "value": "threads"
              }
            ],
            "name": "platform",
            "description": "Platform sosial media (opsional)",
            "required": false
          }
        ],
        "name": "socialsearch",
        "description": "Mencari akun pengguna di berbagai platform sosial media",
        "type": 1
      },
      {
        "options": [
          {
            "type": 3,
            "name": "nama",
            "description": "Nama tempat yang ingin dicari",
            "required": true
          },
          {
            "type": 3,
            "name": "lokasi",
            "description": "Lokasi/kota tempat berada (opsional)",
            "required": false
          },
          {
            "type": 3,
            "choices": [
              {
                "name": "Restoran/Cafe",
                "value": "restaurant"
              },
              {
                "name": "Hotel",
                "value": "hotel"
              },
              {
                "name": "Tempat Wisata",
                "value": "tourist_attraction"
              },
              {
                "name": "Mall/Pusat Perbelanjaan",
                "value": "shopping_mall"
              },
              {
                "name": "Semua Jenis",
                "value": "all"
              }
            ],
            "name": "jenis",
            "description": "Jenis tempat",
            "required": false
          }
        ],
        "name": "tempat",
        "description": "Mencari informasi tentang restoran, tempat wisata, atau tempat lainnya",
        "type": 1
      },
      {
        "options": [
          {
            "type": 3,
            "choices": [
              {
                "name": "Tokyo, Jepang",
                "value": "Tokyo"
              },
              {
                "name": "New York, AS",
                "value": "New York"
              },
              {
                "name": "London, Inggris",
                "value": "London"
              },
              {
                "name": "Paris, Prancis",
                "value": "Paris"
              },
              {
                "name": "Beijing, China",
                "value": "Beijing"
              },
              {
                "name": "Dubai, UAE",
                "value": "Dubai"
              },
              {
                "name": "Sydney, Australia",
                "value": "Sydney"
              },
              {
                "name": "Singapore",
                "value": "Singapore"
              },
              {
                "name": "Seoul, Korea Selatan",
                "value": "Seoul"
              },
              {
                "name": "Los Angeles, AS",
                "value": "Los Angeles"
              },
              {
                "name": "Berlin, Jerman",
                "value": "Berlin"
              },
              {
                "name": "Moscow, Rusia",
                "value": "Moscow"
              }
            ],
            "name": "kota",
            "description": "Kota di dunia (opsional)",
            "required": false
          }
        ],
        "name": "waktudunia",
        "description": "Menampilkan waktu di berbagai kota besar dunia",
        "type": 1
      },
      {
        "options": [
          {
            "type": 3,
            "choices": [
              {
                "name": "Jakarta (WIB)",
                "value": "Jakarta"
              },
              {
                "name": "Surabaya (WIB)",
                "value": "Surabaya"
              },
              {
                "name": "Bandung (WIB)",
                "value": "Bandung"
              },
              {
                "name": "Medan (WIB)",
                "value": "Medan"
              },
              {
                "name": "Makassar (WITA)",
                "value": "Makassar"
              },
              {
                "name": "Denpasar (WITA)",
                "value": "Denpasar"
              },
              {
                "name": "Manado (WITA)",
                "value": "Manado"
              },
              {
                "name": "Jayapura (WIT)",
                "value": "Jayapura"
              }
            ],
            "name": "kota",
            "description": "Kota di Indonesia (opsional)",
            "required": false
          }
        ],
        "name": "waktuindonesia",
        "description": "Menampilkan waktu di berbagai kota di Indonesia",
        "type": 1
      },
      {
        "options": [
          {
            "name": "user",
            "description": "User yang ingin dilihat levelnya",
            "required": false,
            "type": 6
          }
        ],
        "name": "level",
        "description": "Lihat level dan XP kamu atau user lain",
        "type": 1
      },
      {
        "options": [
          {
            "type": 3,
            "name": "url",
            "description": "URL file yang akan diunduh",
            "required": true
          },
          {
            "name": "bypass",
            "description": "Bypass link shortener (jika URL merupakan link shortener)",
            "required": false,
            "type": 5
          }
        ],
        "name": "downloadfile",
        "description": "Download file dari berbagai platform",
        "type": 1
      },
      {
        "options": [
          {
            "type": 3,
            "name": "url",
            "description": "URL media yang akan diunduh",
            "required": true
          },
          {
            "type": 3,
            "choices": [
              {
                "name": "HD",
                "value": "hd"
              },
              {
                "name": "SD",
                "value": "sd"
              }
            ],
            "name": "kualitas",
            "description": "Kualitas unduhan",
            "required": false
          }
        ],
        "name": "downloadmedia",
        "description": "Download media dari berbagai platform",
        "type": 1
      },
      {
        "options": [
          {
            "type": 3,
            "choices": [
              {
                "name": "Team J",
                "value": "J"
              },
              {
                "name": "Team K3",
                "value": "K3"
              },
              {
                "name": "Team T",
                "value": "T"
              },
              {
                "name": "Academy",
                "value": "Academy"
              },
              {
                "name": "Semua",
                "value": "all"
              }
            ],
            "name": "team",
            "description": "Filter berdasarkan team",
            "required": false
          }
        ],
        "name": "allmemberjkt48",
        "description": "Tampilkan daftar semua member JKT48",
        "type": 1
      },
      {
        "options": [
          {
            "max_value": 12,
            "min_value": 1,
            "type": 4,
            "name": "bulan",
            "description": "Bulan (1-12)",
            "required": false
          }
        ],
        "name": "birthdaymemberjkt48",
        "description": "Tampilkan member JKT48 yang berulang tahun",
        "type": 1
      },
      {
        "options": [
          {
            "max_value": 10,
            "min_value": 1,
            "type": 4,
            "name": "generasi",
            "description": "Filter berdasarkan generasi",
            "required": false
          }
        ],
        "name": "graduatedmemberjkt48",
        "description": "Tampilkan daftar member JKT48 yang sudah lulus (graduated)",
        "type": 1
      },
      {
        "options": [
          {
            "name": "user",
            "description": "The user to ban",
            "required": true,
            "type": 6
          },
          {
            "type": 3,
            "name": "reason",
            "description": "Reason for the ban",
            "required": true
          },
          {
            "max_value": 7,
            "min_value": 0,
            "type": 4,
            "name": "days",
            "description": "Number of days of messages to delete (0-7)",
            "required": false
          }
        ],
        "name": "ban",
        "description": "Ban a member from the server",
        "type": 1
      },
      {
        "options": [
          {
            "max_value": 100,
            "min_value": 1,
            "type": 4,
            "name": "amount",
            "description": "Number of messages to delete (1-100)",
            "required": true
          },
          {
            "name": "user",
            "description": "Only delete messages from this user",
            "required": false,
            "type": 6
          },
          {
            "type": 3,
            "choices": [
              {
                "name": "All Messages",
                "value": "all"
              },
              {
                "name": "User Messages",
                "value": "user"
              },
              {
                "name": "Bot Messages",
                "value": "bot"
              },
              {
                "name": "Images Only",
                "value": "images"
              },
              {
                "name": "Links Only",
                "value": "links"
              }
            ],
            "name": "target",
            "description": "Target type of messages to delete",
            "required": false
          }
        ],
        "name": "clear",
        "description": "Clear messages from the channel",
        "type": 1
      },
      {
        "options": [
          {
            "type": 1,
            "name": "create",
            "description": "Create a new webhook",
            "options": [
              {
                "name": "channel",
                "description": "Channel to create the webhook in",
                "required": true,
                "type": 7
              },
              {
                "type": 3,
                "name": "name",
                "description": "Name for the webhook",
                "required": true
              },
              {
                "type": 3,
                "name": "avatar",
                "description": "URL of the webhook avatar",
                "required": true
              },
              {
                "type": 3,
                "name": "banner",
                "description": "URL of the banner image to use in messages",
                "required": false
              },
              {
                "type": 3,
                "name": "color",
                "description": "Color for the webhook messages (hex format e.g., #FF6200)",
                "required": false
              }
            ]
          },
          {
            "type": 1,
            "name": "send",
            "description": "Send a message with an existing webhook",
            "options": [
              {
                "type": 3,
                "name": "webhook_url",
                "description": "URL of the webhook to use",
                "required": true
              },
              {
                "type": 3,
                "name": "message",
                "description": "Message to send (use long message option for more text)",
                "required": false
              },
              {
                "name": "use_embed",
                "description": "Send as an embed message instead of plain text",
                "required": false,
                "type": 5
              },
              {
                "name": "long_message",
                "description": "Set to true if you want to write a longer message or title with a modal",
                "required": false,
                "type": 5
              },
              {
                "type": 3,
                "name": "banner",
                "description": "URL of the banner image to use in the message",
                "required": false
              }
            ]
          },
          {
            "type": 1,
            "name": "list",
            "description": "List all webhooks in a channel",
            "options": [
              {
                "name": "channel",
                "description": "Channel to list webhooks for",
                "required": true,
                "type": 7
              }
            ]
          },
          {
            "type": 1,
            "name": "delete",
            "description": "Delete a webhook by ID or URL",
            "options": [
              {
                "type": 3,
                "name": "webhook_url",
                "description": "URL of the webhook to delete",
                "required": true
              }
            ]
          }
        ],
        "name": "createwebhook",
        "description": "Create a customizable webhook with banner and message options",
        "default_member_permissions": "536870912",
        "type": 1
      },
      {
        "options": [
          {
            "name": "user",
            "description": "The user to kick",
            "required": true,
            "type": 6
          },
          {
            "type": 3,
            "name": "reason",
            "description": "Reason for the kick",
            "required": true
          }
        ],
        "name": "kick",
        "description": "Kick a member from the server",
        "type": 1
      },
      {
        "options": [
          {
            "name": "user",
            "description": "The user to mute",
            "required": true,
            "type": 6
          },
          {
            "max_value": 10080,
            "min_value": 1,
            "type": 4,
            "name": "duration",
            "description": "Duration of the mute in minutes",
            "required": true
          },
          {
            "type": 3,
            "name": "reason",
            "description": "Reason for the mute",
            "required": true
          }
        ],
        "name": "mute",
        "description": "Mute a member temporarily (timeout)",
        "type": 1
      },
      {
        "options": [],
        "name": "livememberjkt48",
        "description": "Tampilkan member JKT48 yang sedang live streaming",
        "type": 1
      },
      {
        "options": [
          {
            "type": 1,
            "name": "add",
            "description": "Tambahkan notifikasi TikTok baru",
            "options": [
              {
                "type": 3,
                "name": "username",
                "description": "Username TikTok (tanpa @)",
                "required": true
              },
              {
                "name": "channel",
                "description": "Channel untuk mengirim notifikasi",
                "required": true,
                "type": 7
              },
              {
                "name": "role",
                "description": "Role untuk di-mention saat live dimulai",
                "required": false,
                "type": 8
              }
            ]
          },
          {
            "type": 1,
            "name": "remove",
            "description": "Hapus notifikasi TikTok",
            "options": [
              {
                "type": 3,
                "name": "username",
                "description": "Username TikTok yang ingin dihapus notifikasinya",
                "required": true
              }
            ]
          }
        ],
        "name": "setuptiktok",
        "description": "Atur notifikasi live TikTok",
        "default_member_permissions": "16",
        "type": 1
      },
      {
        "options": [],
        "name": "theaterjkt48",
        "description": "Tampilkan jadwal teater & event JKT48 mendatang",
        "type": 1
      },
      {
        "options": [
          {
            "type": 3,
            "name": "title",
            "description": "Judul embed ticket",
            "required": true
          },
          {
            "type": 3,
            "name": "description",
            "description": "Deskripsi embed ticket",
            "required": true
          },
          {
            "type": 3,
            "name": "button_label",
            "description": "Text pada button ticket",
            "required": true
          },
          {
            "type": 3,
            "name": "button_emoji",
            "description": "Emoji pada button ticket (opsional)",
            "required": false
          },
          {
            "type": 3,
            "name": "footer",
            "description": "Text footer pada embed (opsional)",
            "required": false
          },
          {
            "type": 3,
            "name": "color",
            "description": "Warna embed dalam format HEX (default: FF6200)",
            "required": false
          }
        ],
        "name": "createticket",
        "description": "Membuat panel ticket dengan embed dan button",
        "default_member_permissions": "32",
        "type": 1
      },
      {
        "options": [
          {
            "type": 3,
            "name": "url",
            "description": "URL untuk dibypass (arahlink, adfly, etc)",
            "required": true
          },
          {
            "name": "private",
            "description": "Tampilkan hasil hanya untuk kamu (default: tidak)",
            "required": false,
            "type": 5
          }
        ],
        "name": "bypasslink",
        "description": "Bypass shortlinks, adfly, arahlink dan dapatkan direct link",
        "type": 1
      },
      {
        "options": [
          {
            "type": 10,
            "name": "amount",
            "description": "Jumlah yang ingin dikonversi",
            "required": true
          },
          {
            "type": 3,
            "name": "from",
            "description": "Mata uang asal (contoh: IDR, USD)",
            "required": true
          },
          {
            "type": 3,
            "name": "to",
            "description": "Mata uang tujuan (contoh: USD, IDR)",
            "required": true
          }
        ],
        "name": "currency",
        "description": "Mengkonversi nilai mata uang ke mata uang lain",
        "type": 1
      },
      {
        "options": [
          {
            "type": 3,
            "name": "text",
            "description": "Teks yang ingin diterjemahkan",
            "required": true
          },
          {
            "type": 3,
            "name": "to",
            "description": "Bahasa tujuan (kode bahasa: en, id, ja, ko, dll)",
            "required": true
          },
          {
            "type": 3,
            "name": "from",
            "description": "Bahasa sumber (kode bahasa, jika dibiarkan kosong akan otomatis terdeteksi)",
            "required": false
          }
        ],
        "name": "translate",
        "description": "Menerjemahkan teks dari satu bahasa ke bahasa lain",
        "type": 1
      }
    ]
  },
  "rawError": {
    "message": "Unknown Application",
    "code": 10002
  },
  "code": 10002,
  "status": 404,
  "method": "PUT",
  "url": "https://discord.com/api/v10/applications/1295357582553325640/guilds/1297112621258113024/commands"
}
[2025-04-29T09:15:21.830Z] [ERROR] Error name: DiscordAPIError[10002]
[2025-04-29T09:15:21.831Z] [ERROR] Error message: Unknown Application
[2025-04-29T09:15:21.832Z] [ERROR] Error stack: DiscordAPIError[10002]: Unknown Application
    at handleErrors (/home/runner/workspace/node_modules/@discordjs/rest/dist/index.js:748:13)
    at process.processTicksAndRejections (node:internal/process/task_queues:95:5)
    at async SequentialHandler.runRequest (/home/runner/workspace/node_modules/@discordjs/rest/dist/index.js:1149:23)
    at async SequentialHandler.queueRequest (/home/runner/workspace/node_modules/@discordjs/rest/dist/index.js:980:14)
    at async _REST.request (/home/runner/workspace/node_modules/@discordjs/rest/dist/index.js:1293:22)
    at async deployCommands (/home/runner/workspace/deploy-commands.js:176:18)
[2025-04-29T09:15:21.833Z] [ERROR] Error code: 10002
[2025-04-29T09:15:21.834Z] [ERROR] Request method: PUT
[2025-04-29T09:15:21.835Z] [ERROR] Request body: {"json":[{"options":[{"type":3,"name":"message","description":"Pesan yang ingin disampaikan pada AI","required":true},{"type":3,"choices":[{"name":"Llama 3.1 Sonar Small (Lebih cepat)","value":"llama-3.1-sonar-small-128k-online"},{"name":"Llama 3.1 Sonar Large (Lebih pintar)","value":"llama-3.1-sonar-large-128k-online"},{"name":"Llama 3.1 Sonar Huge (Terpintar)","value":"llama-3.1-sonar-huge-128k-online"}],"name":"model","description":"Model AI yang ingin digunakan","required":false}],"name":"aichat","description":"Berbicara dengan AI dalam berbagai bahasa","type":1},{"options":[{"type":3,"name":"pesan","description":"Pesan yang ingin kamu sampaikan ke AI","required":true}],"name":"chat","description":"Chat dengan AI JKT48 bot","type":1},{"options":[{"type":3,"name":"prompt","description":"Deskripsi gambar yang ingin dibuat","required":true},{"type":3,"choices":[{"name":"Anime","value":"anime"},{"name":"Pixel Art","value":"pixel"},{"name":"Realistic","value":"realistic"},{"name":"Sketch","value":"sketch"},{"name":"Vaporwave","value":"vaporwave"},{"name":"Pop Art","value":"pop"},{"name":"JKT48","value":"jkt"}],"name":"style","description":"Style gambar yang diinginkan","required":false},{"type":4,"choices":[{"name":"Kecil (256x256)","value":256},{"name":"Medium (512x512)","value":512},{"name":"Besar (1024x1024)","value":1024}],"name":"size","description":"Ukuran gambar","required":false}],"name":"image","description":"Buat gambar AI berdasarkan prompt","type":1},{"options":[{"type":1,"name":"info","description":"Informasi tentang cara melakukan donasi","options":[]},{"type":1,"name":"submit","description":"Submit bukti donasi untuk mendapatkan role donatur","options":[]}],"name":"donasi","description":"Informasi cara berdonasi dan mendukung server","type":1},{"options":[{"type":3,"name":"item","description":"ID barang yang ingin dibeli","required":true},{"type":4,"name":"quantity","description":"Jumlah barang yang ingin dibeli","required":false}],"name":"buy","description":"Beli barang dari marketplace","type":1},{"options":[{"name":"user","description":"Lihat inventory user lain (khusus admin)","required":false,"type":6}],"name":"inventory","description":"Lihat barang-barang yang kamu miliki","type":1},{"options":[{"type":1,"name":"start","description":"Mulai memancing","options":[]},{"type":1,"name":"inventory","description":"Melihat hasil pancingan kamu","options":[]},{"type":1,"name":"sell","description":"Menjual hasil pancingan","options":[{"type":3,"choices":[{"name":"all","value":"all"},{"name":"trash","value":"trash"},{"name":"common","value":"common"},{"name":"uncommon","value":"uncommon"},{"name":"rare","value":"rare"},{"name":"epic","value":"epic"},{"name":"legendary","value":"legendary"},{"name":"mythic","value":"mythic"}],"name":"item","description":"Item yang ingin dijual","required":true}]},{"type":1,"name":"shop","description":"Beli alat pancing yang lebih baik","options":[]},{"type":1,"name":"upgrade","description":"Upgrade alat pancingmu","options":[{"type":4,"choices":[{"name":"Level 2 - Pancingan Kayu","value":2},{"name":"Level 3 - Pancingan Aluminium","value":3},{"name":"Level 4 - Pancingan Carbon","value":4},{"name":"Level 5 - Pancingan Pro","value":5}],"name":"level","description":"Level pancingan yang ingin dibeli","required":true}]}],"name":"mancing","description":"Memancing untuk mendapatkan ikan dan NGC","type":1},{"options":[{"type":1,"name":"balance","description":"Cek saldo NGC milikmu","options":[{"name":"user","description":"User yang ingin dicek saldonya (opsional)","required":false,"type":6}]},{"type":1,"name":"daily","description":"Klaim NGC harian (antara 50-150 NGC)","options":[]},{"type":1,"name":"transfer","description":"Transfer NGC ke user lain","options":[{"name":"user","description":"User yang akan menerima transfer","required":true,"type":6},{"min_value":10,"type":4,"name":"amount","description":"Jumlah NGC yang akan ditransfer","required":true}]}],"name":"ngc","description":"Sistem ekonomi NGC (Nararya Garage Currency)","type":1},{"options":[{"type":3,"choices":[{"name":"Semua","value":"all"},{"name":"Special","value":"special"},{"name":"Role","value":"role"},{"name":"Custom","value":"custom"},{"name":"Power","value":"power"},{"name":"Perk","value":"perk"}],"name":"kategori","description":"Tampilkan barang berdasarkan kategori","required":false}],"name":"pasar","description":"Lihat barang-barang di marketplace","type":1},{"options":[{"type":3,"name":"item","description":"ID barang yang ingin dijual","required":true},{"type":4,"name":"quantity","description":"Jumlah barang yang ingin dijual","required":false}],"name":"sell","description":"Jual barang ke marketplace","type":1},{"options":[{"name":"user","description":"User yang akan menerima NGC","required":true,"type":6},{"type":4,"name":"amount","description":"Jumlah NGC yang akan ditransfer","required":true},{"type":3,"name":"pesan","description":"Pesan untuk penerima (opsional)","required":false}],"name":"transfer","description":"Transfer NGC ke pengguna lain","type":1},{"options":[{"type":3,"name":"pertanyaan","description":"Pertanyaan yang ingin kamu tanyakan pada Magic 8 Ball","required":true}],"name":"8ball","description":"Bertanya pada Magic 8 Ball","type":1},{"options":[{"max_value":10,"min_value":1,"type":4,"name":"count","description":"Jumlah dadu yang ingin dilempar (1-10)","required":false},{"max_value":100,"min_value":2,"type":4,"name":"sides","description":"Jumlah sisi dadu (2-100)","required":false},{"name":"sum","description":"Apakah ingin menjumlahkan hasil dadu","required":false,"type":5}],"name":"dice","description":"Lempar dadu virtual dengan jumlah sisi yang bisa disesuaikan","type":1},{"options":[],"name":"meme","description":"Menampilkan meme acak","type":1},{"options":[{"type":3,"name":"nama","description":"Nama masakan yang ingin dicari (contoh: \"ayam goreng\", \"rendang\", dll)","required":true}],"name":"resep","description":"Mencari resep masakan berdasarkan kata kunci","type":1},{"options":[{"type":3,"name":"pesan","description":"Pesan yang ingin kamu buat bot katakan","required":true},{"name":"anonymous","description":"Sembunyikan siapa yang membuat pesan ini","required":false,"type":5}],"name":"say","description":"Membuat bot mengatakan pesan yang kamu inginkan","type":1},{"options":[{"type":1,"name":"start","description":"Mulai memancing untuk mendapatkan hadiah dan XP","options":[]},{"type":1,"name":"collection","description":"Lihat koleksi mancing kamu","options":[]},{"type":1,"name":"sell","description":"Jual hasil tangkapan kamu untuk mendapatkan koin","options":[{"type":3,"name":"item","description":"Item yang ingin dijual (all untuk menjual semua)","required":true},{"type":4,"name":"amount","description":"Jumlah item yang ingin dijual","required":false}]}],"name":"fishing","description":"Pergi memancing untuk mendapatkan hadiah dan XP (English version)","type":1},{"options":[],"name":"gachamemberjkt48","description":"Gacha member JKT48 (Max 15x sehari)","type":1},{"options":[],"name":"tebakjikojkt48","description":"Permainan tebak jiko (catchphrase) member JKT48","type":1},{"options":[],"name":"tebaklagujkt48","description":"Game tebak lagu JKT48","type":1},{"options":[{"name":"include_graduated","description":"Sertakan member yang sudah graduated","required":false,"type":5}],"name":"tebaknamajkt48","description":"Game tebak nama member JKT48","type":1},{"options":[],"name":"tebaksetlistjkt48","description":"Permainan tebak setlist JKT48","type":1},{"options":[],"name":"tebaksuarajkt48","description":"Permainan tebak suara member JKT48","type":1},{"options":[{"type":3,"choices":[{"name":"Terbaru","value":"latest"},{"name":"Politik","value":"politics"},{"name":"Ekonomi","value":"economy"},{"name":"Teknologi","value":"technology"},{"name":"Olahraga","value":"sports"},{"name":"Hiburan","value":"entertainment"}],"name":"jenis","description":"Jenis berita","required":false}],"name":"beritadunia","description":"Mendapatkan berita terbaru dari seluruh dunia","type":1},{"options":[{"type":3,"choices":[{"name":"Terbaru","value":"latest"},{"name":"Politik","value":"politics"},{"name":"Ekonomi","value":"economy"},{"name":"Teknologi","value":"technology"},{"name":"Olahraga","value":"sports"},{"name":"Hiburan","value":"entertainment"}],"name":"jenis","description":"Jenis berita","required":false}],"name":"beritaindonesia","description":"Mendapatkan berita terbaru dari Indonesia","type":1},{"options":[],"name":"botstatus","description":"Tampilkan status layanan bot","type":1},{"options":[],"name":"botversion","description":"Tampilkan informasi versi dan status bot","type":1},{"options":[{"type":3,"name":"judul","description":"Judul film atau acara TV yang ingin dicari","required":true},{"type":3,"choices":[{"name":"Semua Platform","value":"all"},{"name":"Netflix","value":"netflix"},{"name":"Disney+","value":"disney"},{"name":"Prime Video","value":"prime"},{"name":"HBO Max","value":"hbo"},{"name":"Hulu","value":"hulu"}],"name":"platform","description":"Platform streaming yang ingin dicari","required":false}],"name":"carifilm","description":"Mencari film atau acara TV di berbagai platform streaming","type":1},{"options":[{"type":3,"choices":[{"name":"Tokyo, Jepang","value":"Tokyo"},{"name":"New York, AS","value":"New York"},{"name":"London, Inggris","value":"London"},{"name":"Paris, Prancis","value":"Paris"},{"name":"Beijing, China","value":"Beijing"},{"name":"Dubai, UAE","value":"Dubai"},{"name":"Singapore","value":"Singapore"},{"name":"Sydney, Australia","value":"Sydney"},{"name":"Seoul, Korea Selatan","value":"Seoul"},{"name":"Istanbul, Turki","value":"Istanbul"},{"name":"Mumbai, India","value":"Mumbai"},{"name":"Moscow, Rusia","value":"Moscow"}],"name":"kota","description":"Kota di dunia (opsional)","required":false}],"name":"cuacadunia","description":"Menampilkan informasi cuaca dan waktu di kota-kota besar dunia","type":1},{"options":[{"type":3,"choices":[{"name":"Jakarta","value":"Jakarta"},{"name":"Surabaya","value":"Surabaya"},{"name":"Bandung","value":"Bandung"},{"name":"Medan","value":"Medan"},{"name":"Makassar","value":"Makassar"},{"name":"Semarang","value":"Semarang"},{"name":"Palembang","value":"Palembang"},{"name":"Denpasar","value":"Denpasar"},{"name":"Yogyakarta","value":"Yogyakarta"},{"name":"Manado","value":"Manado"},{"name":"Pontianak","value":"Pontianak"},{"name":"Jayapura","value":"Jayapura"}],"name":"kota","description":"Kota di Indonesia (opsional)","required":false}],"name":"cuacaindonesia","description":"Menampilkan informasi cuaca dan waktu di kota-kota Indonesia","type":1},{"options":[{"type":1,"name":"kalender","description":"Menampilkan kalender hari besar terdekat","options":[]},{"type":1,"name":"cek","description":"Cek hari besar tertentu","options":[{"type":3,"choices":[{"name":"Tahun Baru","value":"tahun_baru"},{"name":"Idul Fitri","value":"idul_fitri"},{"name":"Idul Adha","value":"idul_adha"},{"name":"Natal","value":"natal"},{"name":"Halloween","value":"halloween"},{"name":"Ramadhan","value":"ramadhan"},{"name":"Hari Kemerdekaan","value":"kemerdekaan"},{"name":"Tahun Baru Imlek","value":"imlek"},{"name":"Valentine","value":"valentine"},{"name":"Nyepi","value":"nyepi"},{"name":"Isra Mi'raj","value":"isra_miraj"},{"name":"Waisak","value":"waisak"},{"name":"Maulid Nabi","value":"maulid"}],"name":"nama","description":"Nama hari besar","required":true}]},{"type":1,"name":"ramadhan","description":"Menampilkan jadwal Ramadhan hari ini","options":[{"type":3,"choices":[{"name":"Jakarta","value":"1301"},{"name":"Bandung","value":"1219"},{"name":"Surabaya","value":"1615"},{"name":"Yogyakarta","value":"1604"},{"name":"Medan","value":"1257"},{"name":"Makassar","value":"2079"},{"name":"Denpasar","value":"1710"},{"name":"Palembang","value":"1303"},{"name":"Semarang","value":"1409"},{"name":"Manado","value":"1975"}],"name":"wilayah","description":"Wilayah jadwal (default: Jakarta)","required":false}]}],"name":"haribesar","description":"Menampilkan informasi tentang hari-hari besar","type":1},{"options":[{"type":3,"choices":[{"name":"Info","value":"info"},{"name":"Member","value":"member"},{"name":"Games","value":"games"},{"name":"Notifications","value":"notifications"},{"name":"Moderation","value":"moderation"},{"name":"Tickets","value":"tickets"},{"name":"Music","value":"music"},{"name":"Media","value":"media"},{"name":"Utilities","value":"utilities"}],"name":"category","description":"Kategori perintah yang ingin ditampilkan","required":false}],"name":"help","description":"Menampilkan informasi bantuan untuk menggunakan bot","type":1},{"options":[{"type":3,"name":"username","description":"Username yang ingin dicari","required":true},{"type":3,"choices":[{"name":"Semua Platform","value":"all"},{"name":"Instagram","value":"instagram"},{"name":"Twitter/X","value":"twitter"},{"name":"TikTok","value":"tiktok"},{"name":"Showroom","value":"showroom"},{"name":"YouTube","value":"youtube"},{"name":"Facebook","value":"facebook"},{"name":"Reddit","value":"reddit"},{"name":"GitHub","value":"github"},{"name":"LinkedIn","value":"linkedin"},{"name":"Threads","value":"threads"}],"name":"platform","description":"Platform sosial media (opsional)","required":false}],"name":"socialsearch","description":"Mencari akun pengguna di berbagai platform sosial media","type":1},{"options":[{"type":3,"name":"nama","description":"Nama tempat yang ingin dicari","required":true},{"type":3,"name":"lokasi","description":"Lokasi/kota tempat berada (opsional)","required":false},{"type":3,"choices":[{"name":"Restoran/Cafe","value":"restaurant"},{"name":"Hotel","value":"hotel"},{"name":"Tempat Wisata","value":"tourist_attraction"},{"name":"Mall/Pusat Perbelanjaan","value":"shopping_mall"},{"name":"Semua Jenis","value":"all"}],"name":"jenis","description":"Jenis tempat","required":false}],"name":"tempat","description":"Mencari informasi tentang restoran, tempat wisata, atau tempat lainnya","type":1},{"options":[{"type":3,"choices":[{"name":"Tokyo, Jepang","value":"Tokyo"},{"name":"New York, AS","value":"New York"},{"name":"London, Inggris","value":"London"},{"name":"Paris, Prancis","value":"Paris"},{"name":"Beijing, China","value":"Beijing"},{"name":"Dubai, UAE","value":"Dubai"},{"name":"Sydney, Australia","value":"Sydney"},{"name":"Singapore","value":"Singapore"},{"name":"Seoul, Korea Selatan","value":"Seoul"},{"name":"Los Angeles, AS","value":"Los Angeles"},{"name":"Berlin, Jerman","value":"Berlin"},{"name":"Moscow, Rusia","value":"Moscow"}],"name":"kota","description":"Kota di dunia (opsional)","required":false}],"name":"waktudunia","description":"Menampilkan waktu di berbagai kota besar dunia","type":1},{"options":[{"type":3,"choices":[{"name":"Jakarta (WIB)","value":"Jakarta"},{"name":"Surabaya (WIB)","value":"Surabaya"},{"name":"Bandung (WIB)","value":"Bandung"},{"name":"Medan (WIB)","value":"Medan"},{"name":"Makassar (WITA)","value":"Makassar"},{"name":"Denpasar (WITA)","value":"Denpasar"},{"name":"Manado (WITA)","value":"Manado"},{"name":"Jayapura (WIT)","value":"Jayapura"}],"name":"kota","description":"Kota di Indonesia (opsional)","required":false}],"name":"waktuindonesia","description":"Menampilkan waktu di berbagai kota di Indonesia","type":1},{"options":[{"name":"user","description":"User yang ingin dilihat levelnya","required":false,"type":6}],"name":"level","description":"Lihat level dan XP kamu atau user lain","type":1},{"options":[{"type":3,"name":"url","description":"URL file yang akan diunduh","required":true},{"name":"bypass","description":"Bypass link shortener (jika URL merupakan link shortener)","required":false,"type":5}],"name":"downloadfile","description":"Download file dari berbagai platform","type":1},{"options":[{"type":3,"name":"url","description":"URL media yang akan diunduh","required":true},{"type":3,"choices":[{"name":"HD","value":"hd"},{"name":"SD","value":"sd"}],"name":"kualitas","description":"Kualitas unduhan","required":false}],"name":"downloadmedia","description":"Download media dari berbagai platform","type":1},{"options":[{"type":3,"choices":[{"name":"Team J","value":"J"},{"name":"Team K3","value":"K3"},{"name":"Team T","value":"T"},{"name":"Academy","value":"Academy"},{"name":"Semua","value":"all"}],"name":"team","description":"Filter berdasarkan team","required":false}],"name":"allmemberjkt48","description":"Tampilkan daftar semua member JKT48","type":1},{"options":[{"max_value":12,"min_value":1,"type":4,"name":"bulan","description":"Bulan (1-12)","required":false}],"name":"birthdaymemberjkt48","description":"Tampilkan member JKT48 yang berulang tahun","type":1},{"options":[{"max_value":10,"min_value":1,"type":4,"name":"generasi","description":"Filter berdasarkan generasi","required":false}],"name":"graduatedmemberjkt48","description":"Tampilkan daftar member JKT48 yang sudah lulus (graduated)","type":1},{"options":[{"name":"user","description":"The user to ban","required":true,"type":6},{"type":3,"name":"reason","description":"Reason for the ban","required":true},{"max_value":7,"min_value":0,"type":4,"name":"days","description":"Number of days of messages to delete (0-7)","required":false}],"name":"ban","description":"Ban a member from the server","type":1},{"options":[{"max_value":100,"min_value":1,"type":4,"name":"amount","description":"Number of messages to delete (1-100)","required":true},{"name":"user","description":"Only delete messages from this user","required":false,"type":6},{"type":3,"choices":[{"name":"All Messages","value":"all"},{"name":"User Messages","value":"user"},{"name":"Bot Messages","value":"bot"},{"name":"Images Only","value":"images"},{"name":"Links Only","value":"links"}],"name":"target","description":"Target type of messages to delete","required":false}],"name":"clear","description":"Clear messages from the channel","type":1},{"options":[{"type":1,"name":"create","description":"Create a new webhook","options":[{"name":"channel","description":"Channel to create the webhook in","required":true,"type":7},{"type":3,"name":"name","description":"Name for the webhook","required":true},{"type":3,"name":"avatar","description":"URL of the webhook avatar","required":true},{"type":3,"name":"banner","description":"URL of the banner image to use in messages","required":false},{"type":3,"name":"color","description":"Color for the webhook messages (hex format e.g., #FF6200)","required":false}]},{"type":1,"name":"send","description":"Send a message with an existing webhook","options":[{"type":3,"name":"webhook_url","description":"URL of the webhook to use","required":true},{"type":3,"name":"message","description":"Message to send (use long message option for more text)","required":false},{"name":"use_embed","description":"Send as an embed message instead of plain text","required":false,"type":5},{"name":"long_message","description":"Set to true if you want to write a longer message or title with a modal","required":false,"type":5},{"type":3,"name":"banner","description":"URL of the banner image to use in the message","required":false}]},{"type":1,"name":"list","description":"List all webhooks in a channel","options":[{"name":"channel","description":"Channel to list webhooks for","required":true,"type":7}]},{"type":1,"name":"delete","description":"Delete a webhook by ID or URL","options":[{"type":3,"name":"webhook_url","description":"URL of the webhook to delete","required":true}]}],"name":"createwebhook","description":"Create a customizable webhook with banner and message options","default_member_permissions":"536870912","type":1},{"options":[{"name":"user","description":"The user to kick","required":true,"type":6},{"type":3,"name":"reason","description":"Reason for the kick","required":true}],"name":"kick","description":"Kick a member from the server","type":1},{"options":[{"name":"user","description":"The user to mute","required":true,"type":6},{"max_value":10080,"min_value":1,"type":4,"name":"duration","description":"Duration of the mute in minutes","required":true},{"type":3,"name":"reason","description":"Reason for the mute","required":true}],"name":"mute","description":"Mute a member temporarily (timeout)","type":1},{"options":[],"name":"livememberjkt48","description":"Tampilkan member JKT48 yang sedang live streaming","type":1},{"options":[{"type":1,"name":"add","description":"Tambahkan notifikasi TikTok baru","options":[{"type":3,"name":"username","description":"Username TikTok (tanpa @)","required":true},{"name":"channel","description":"Channel untuk mengirim notifikasi","required":true,"type":7},{"name":"role","description":"Role untuk di-mention saat live dimulai","required":false,"type":8}]},{"type":1,"name":"remove","description":"Hapus notifikasi TikTok","options":[{"type":3,"name":"username","description":"Username TikTok yang ingin dihapus notifikasinya","required":true}]}],"name":"setuptiktok","description":"Atur notifikasi live TikTok","default_member_permissions":"16","type":1},{"options":[],"name":"theaterjkt48","description":"Tampilkan jadwal teater & event JKT48 mendatang","type":1},{"options":[{"type":3,"name":"title","description":"Judul embed ticket","required":true},{"type":3,"name":"description","description":"Deskripsi embed ticket","required":true},{"type":3,"name":"button_label","description":"Text pada button ticket","required":true},{"type":3,"name":"button_emoji","description":"Emoji pada button ticket (opsional)","required":false},{"type":3,"name":"footer","description":"Text footer pada embed (opsional)","required":false},{"type":3,"name":"color","description":"Warna embed dalam format HEX (default: FF6200)","required":false}],"name":"createticket","description":"Membuat panel ticket dengan embed dan button","default_member_permissions":"32","type":1},{"options":[{"type":3,"name":"url","description":"URL untuk dibypass (arahlink, adfly, etc)","required":true},{"name":"private","description":"Tampilkan hasil hanya untuk kamu (default: tidak)","required":false,"type":5}],"name":"bypasslink","description":"Bypass shortlinks, adfly, arahlink dan dapatkan direct link","type":1},{"options":[{"type":10,"name":"amount","description":"Jumlah yang ingin dikonversi","required":true},{"type":3,"name":"from","description":"Mata uang asal (contoh: IDR, USD)","required":true},{"type":3,"name":"to","description":"Mata uang tujuan (contoh: USD, IDR)","required":true}],"name":"currency","description":"Mengkonversi nilai mata uang ke mata uang lain","type":1},{"options":[{"type":3,"name":"text","description":"Teks yang ingin diterjemahkan","required":true},{"type":3,"name":"to","description":"Bahasa tujuan (kode bahasa: en, id, ja, ko, dll)","required":true},{"type":3,"name":"from","description":"Bahasa sumber (kode bahasa, jika dibiarkan kosong akan otomatis terdeteksi)","required":false}],"name":"translate","description":"Menerjemahkan teks dari satu bahasa ke bahasa lain","type":1}]}
[2025-04-29T09:27:39.221Z] [ERROR] Error scraping Twitter for https://twitter.com/JE_JemimaJKT48: {"status":1,"signal":null,"output":[null,"","Traceback (most recent call last):\n  File \"<string>\", line 1, in <module>\n  File \"/home/runner/workspace/utils/web_scraper.py\", line 411\n    try:\n    ^^^\nSyntaxError: expected 'except' or 'finally' block\n"],"pid":27942,"stdout":"","stderr":"Traceback (most recent call last):\n  File \"<string>\", line 1, in <module>\n  File \"/home/runner/workspace/utils/web_scraper.py\", line 411\n    try:\n    ^^^\nSyntaxError: expected 'except' or 'finally' block\n"}
[2025-04-29T09:27:39.264Z] [ERROR] Error scraping Twitter for https://twitter.com/Moreen_JKT48: {"status":1,"signal":null,"output":[null,"","Traceback (most recent call last):\n  File \"<string>\", line 1, in <module>\n  File \"/home/runner/workspace/utils/web_scraper.py\", line 411\n    try:\n    ^^^\nSyntaxError: expected 'except' or 'finally' block\n"],"pid":27948,"stdout":"","stderr":"Traceback (most recent call last):\n  File \"<string>\", line 1, in <module>\n  File \"/home/runner/workspace/utils/web_scraper.py\", line 411\n    try:\n    ^^^\nSyntaxError: expected 'except' or 'finally' block\n"}
[2025-04-29T09:27:39.303Z] [ERROR] Error scraping Twitter for https://twitter.com/Levi_JKT48: {"status":1,"signal":null,"output":[null,"","Traceback (most recent call last):\n  File \"<string>\", line 1, in <module>\n  File \"/home/runner/workspace/utils/web_scraper.py\", line 411\n    try:\n    ^^^\nSyntaxError: expected 'except' or 'finally' block\n"],"pid":27954,"stdout":"","stderr":"Traceback (most recent call last):\n  File \"<string>\", line 1, in <module>\n  File \"/home/runner/workspace/utils/web_scraper.py\", line 411\n    try:\n    ^^^\nSyntaxError: expected 'except' or 'finally' block\n"}
[2025-04-29T09:27:39.334Z] [ERROR] Error scraping Twitter for https://twitter.com/M_MikaelaJKT48: {"status":1,"signal":null,"output":[null,"","Traceback (most recent call last):\n  File \"<string>\", line 1, in <module>\n  File \"/home/runner/workspace/utils/web_scraper.py\", line 411\n    try:\n    ^^^\nSyntaxError: expected 'except' or 'finally' block\n"],"pid":27960,"stdout":"","stderr":"Traceback (most recent call last):\n  File \"<string>\", line 1, in <module>\n  File \"/home/runner/workspace/utils/web_scraper.py\", line 411\n    try:\n    ^^^\nSyntaxError: expected 'except' or 'finally' block\n"}
[2025-04-29T09:27:39.376Z] [ERROR] Error scraping Twitter for https://twitter.com/SNayla_JKT48: {"status":1,"signal":null,"output":[null,"","Traceback (most recent call last):\n  File \"<string>\", line 1, in <module>\n  File \"/home/runner/workspace/utils/web_scraper.py\", line 411\n    try:\n    ^^^\nSyntaxError: expected 'except' or 'finally' block\n"],"pid":27966,"stdout":"","stderr":"Traceback (most recent call last):\n  File \"<string>\", line 1, in <module>\n  File \"/home/runner/workspace/utils/web_scraper.py\", line 411\n    try:\n    ^^^\nSyntaxError: expected 'except' or 'finally' block\n"}
[2025-04-29T09:27:39.406Z] [ERROR] Error scraping Twitter for https://twitter.com/Nachia_JKT48: {"status":1,"signal":null,"output":[null,"","Traceback (most recent call last):\n  File \"<string>\", line 1, in <module>\n  File \"/home/runner/workspace/utils/web_scraper.py\", line 411\n    try:\n    ^^^\nSyntaxError: expected 'except' or 'finally' block\n"],"pid":27972,"stdout":"","stderr":"Traceback (most recent call last):\n  File \"<string>\", line 1, in <module>\n  File \"/home/runner/workspace/utils/web_scraper.py\", line 411\n    try:\n    ^^^\nSyntaxError: expected 'except' or 'finally' block\n"}
[2025-04-29T09:27:39.437Z] [ERROR] Error scraping Twitter for https://twitter.com/N_IntanJKT48: {"status":1,"signal":null,"output":[null,"","Traceback (most recent call last):\n  File \"<string>\", line 1, in <module>\n  File \"/home/runner/workspace/utils/web_scraper.py\", line 411\n    try:\n    ^^^\nSyntaxError: expected 'except' or 'finally' block\n"],"pid":27979,"stdout":"","stderr":"Traceback (most recent call last):\n  File \"<string>\", line 1, in <module>\n  File \"/home/runner/workspace/utils/web_scraper.py\", line 411\n    try:\n    ^^^\nSyntaxError: expected 'except' or 'finally' block\n"}
[2025-04-29T09:27:39.466Z] [ERROR] Error scraping Twitter for https://twitter.com/M_OlineJKT48: {"status":1,"signal":null,"output":[null,"","Traceback (most recent call last):\n  File \"<string>\", line 1, in <module>\n  File \"/home/runner/workspace/utils/web_scraper.py\", line 411\n    try:\n    ^^^\nSyntaxError: expected 'except' or 'finally' block\n"],"pid":27985,"stdout":"","stderr":"Traceback (most recent call last):\n  File \"<string>\", line 1, in <module>\n  File \"/home/runner/workspace/utils/web_scraper.py\", line 411\n    try:\n    ^^^\nSyntaxError: expected 'except' or 'finally' block\n"}
[2025-04-29T09:27:39.495Z] [ERROR] Error scraping Twitter for https://twitter.com/Regie_JKT48: {"status":1,"signal":null,"output":[null,"","Traceback (most recent call last):\n  File \"<string>\", line 1, in <module>\n  File \"/home/runner/workspace/utils/web_scraper.py\", line 411\n    try:\n    ^^^\nSyntaxError: expected 'except' or 'finally' block\n"],"pid":27991,"stdout":"","stderr":"Traceback (most recent call last):\n  File \"<string>\", line 1, in <module>\n  File \"/home/runner/workspace/utils/web_scraper.py\", line 411\n    try:\n    ^^^\nSyntaxError: expected 'except' or 'finally' block\n"}
[2025-04-29T09:27:39.525Z] [ERROR] Error scraping Twitter for https://twitter.com/Ribka_JKT48: {"status":1,"signal":null,"output":[null,"","Traceback (most recent call last):\n  File \"<string>\", line 1, in <module>\n  File \"/home/runner/workspace/utils/web_scraper.py\", line 411\n    try:\n    ^^^\nSyntaxError: expected 'except' or 'finally' block\n"],"pid":27997,"stdout":"","stderr":"Traceback (most recent call last):\n  File \"<string>\", line 1, in <module>\n  File \"/home/runner/workspace/utils/web_scraper.py\", line 411\n    try:\n    ^^^\nSyntaxError: expected 'except' or 'finally' block\n"}
[2025-04-29T09:27:39.560Z] [ERROR] Error scraping Twitter for https://twitter.com/Nala_JKT48: {"status":1,"signal":null,"output":[null,"","Traceback (most recent call last):\n  File \"<string>\", line 1, in <module>\n  File \"/home/runner/workspace/utils/web_scraper.py\", line 411\n    try:\n    ^^^\nSyntaxError: expected 'except' or 'finally' block\n"],"pid":28003,"stdout":"","stderr":"Traceback (most recent call last):\n  File \"<string>\", line 1, in <module>\n  File \"/home/runner/workspace/utils/web_scraper.py\", line 411\n    try:\n    ^^^\nSyntaxError: expected 'except' or 'finally' block\n"}
[2025-04-29T09:27:39.590Z] [ERROR] Error scraping Twitter for https://twitter.com/Kimmy_JKT48: {"status":1,"signal":null,"output":[null,"","Traceback (most recent call last):\n  File \"<string>\", line 1, in <module>\n  File \"/home/runner/workspace/utils/web_scraper.py\", line 411\n    try:\n    ^^^\nSyntaxError: expected 'except' or 'finally' block\n"],"pid":28009,"stdout":"","stderr":"Traceback (most recent call last):\n  File \"<string>\", line 1, in <module>\n  File \"/home/runner/workspace/utils/web_scraper.py\", line 411\n    try:\n    ^^^\nSyntaxError: expected 'except' or 'finally' block\n"}
[2025-04-29T09:27:39.622Z] [ERROR] Error scraping Twitter for https://twitter.com/kanaia_jkt48v: {"status":1,"signal":null,"output":[null,"","Traceback (most recent call last):\n  File \"<string>\", line 1, in <module>\n  File \"/home/runner/workspace/utils/web_scraper.py\", line 411\n    try:\n    ^^^\nSyntaxError: expected 'except' or 'finally' block\n"],"pid":28015,"stdout":"","stderr":"Traceback (most recent call last):\n  File \"<string>\", line 1, in <module>\n  File \"/home/runner/workspace/utils/web_scraper.py\", line 411\n    try:\n    ^^^\nSyntaxError: expected 'except' or 'finally' block\n"}
[2025-04-29T09:27:39.658Z] [ERROR] Error scraping Twitter for https://twitter.com/officialJKT48: {"status":1,"signal":null,"output":[null,"","Traceback (most recent call last):\n  File \"<string>\", line 1, in <module>\n  File \"/home/runner/workspace/utils/web_scraper.py\", line 411\n    try:\n    ^^^\nSyntaxError: expected 'except' or 'finally' block\n"],"pid":28021,"stdout":"","stderr":"Traceback (most recent call last):\n  File \"<string>\", line 1, in <module>\n  File \"/home/runner/workspace/utils/web_scraper.py\", line 411\n    try:\n    ^^^\nSyntaxError: expected 'except' or 'finally' block\n"}
[2025-04-29T09:27:39.694Z] [ERROR] Error scraping Twitter for https://twitter.com/officialJKT48: {"status":1,"signal":null,"output":[null,"","Traceback (most recent call last):\n  File \"<string>\", line 1, in <module>\n  File \"/home/runner/workspace/utils/web_scraper.py\", line 411\n    try:\n    ^^^\nSyntaxError: expected 'except' or 'finally' block\n"],"pid":28027,"stdout":"","stderr":"Traceback (most recent call last):\n  File \"<string>\", line 1, in <module>\n  File \"/home/runner/workspace/utils/web_scraper.py\", line 411\n    try:\n    ^^^\nSyntaxError: expected 'except' or 'finally' block\n"}
[2025-04-29T09:27:39.731Z] [ERROR] Error scraping YouTube: Command failed: python -c "import sys; sys.path.append('.'); from utils.web_scraper import get_latest_youtube_videos; print(get_latest_youtube_videos('https://youtube.com/@kanaiaasa-jkt48v'))"
Traceback (most recent call last):
  File "<string>", line 1, in <module>
  File "/home/runner/workspace/utils/web_scraper.py", line 411
    try:
    ^^^
SyntaxError: expected 'except' or 'finally' block

[2025-04-29T09:27:39.763Z] [ERROR] Error scraping YouTube: Command failed: python -c "import sys; sys.path.append('.'); from utils.web_scraper import get_latest_youtube_videos; print(get_latest_youtube_videos('https://youtube.com/@piameraleo-jkt48v'))"
Traceback (most recent call last):
  File "<string>", line 1, in <module>
  File "/home/runner/workspace/utils/web_scraper.py", line 411
    try:
    ^^^
SyntaxError: expected 'except' or 'finally' block

[2025-04-29T09:27:39.822Z] [ERROR] Error scraping YouTube: Command failed: python -c "import sys; sys.path.append('.'); from utils.web_scraper import get_latest_youtube_videos; print(get_latest_youtube_videos('https://youtube.com/@OfficialJKT48'))"
Traceback (most recent call last):
  File "<string>", line 1, in <module>
  File "/home/runner/workspace/utils/web_scraper.py", line 411
    try:
    ^^^
SyntaxError: expected 'except' or 'finally' block

[2025-04-29T09:27:39.870Z] [ERROR] Error scraping YouTube: Command failed: python -c "import sys; sys.path.append('.'); from utils.web_scraper import get_latest_youtube_videos; print(get_latest_youtube_videos('https://youtube.com/@jkt48tv'))"
Traceback (most recent call last):
  File "<string>", line 1, in <module>
  File "/home/runner/workspace/utils/web_scraper.py", line 411
    try:
    ^^^
SyntaxError: expected 'except' or 'finally' block

[2025-04-29T09:27:39.912Z] [ERROR] Error scraping YouTube: Command failed: python -c "import sys; sys.path.append('.'); from utils.web_scraper import get_latest_youtube_videos; print(get_latest_youtube_videos('https://youtube.com/@greshantv'))"
Traceback (most recent call last):
  File "<string>", line 1, in <module>
  File "/home/runner/workspace/utils/web_scraper.py", line 411
    try:
    ^^^
SyntaxError: expected 'except' or 'finally' block

[2025-04-29T09:27:39.944Z] [ERROR] Error scraping YouTube: Command failed: python -c "import sys; sys.path.append('.'); from utils.web_scraper import get_latest_youtube_videos; print(get_latest_youtube_videos('https://youtube.com/@kanaiaasa-jkt48v'))"
Traceback (most recent call last):
  File "<string>", line 1, in <module>
  File "/home/runner/workspace/utils/web_scraper.py", line 411
    try:
    ^^^
SyntaxError: expected 'except' or 'finally' block

[2025-04-29T09:27:39.990Z] [ERROR] Error scraping YouTube: Command failed: python -c "import sys; sys.path.append('.'); from utils.web_scraper import get_latest_youtube_videos; print(get_latest_youtube_videos('https://youtube.com/@piameraleo-jkt48v'))"
Traceback (most recent call last):
  File "<string>", line 1, in <module>
  File "/home/runner/workspace/utils/web_scraper.py", line 411
    try:
    ^^^
SyntaxError: expected 'except' or 'finally' block

[2025-04-29T09:27:40.023Z] [ERROR] Error scraping YouTube: Command failed: python -c "import sys; sys.path.append('.'); from utils.web_scraper import get_latest_youtube_videos; print(get_latest_youtube_videos('https://youtube.com/@tananona-jkt48v'))"
Traceback (most recent call last):
  File "<string>", line 1, in <module>
  File "/home/runner/workspace/utils/web_scraper.py", line 411
    try:
    ^^^
SyntaxError: expected 'except' or 'finally' block

[2025-04-29T09:27:52.524Z] [ERROR] Error scraping Twitter for https://twitter.com/AA_AlyaJKT48: {"status":1,"signal":null,"output":[null,"","Traceback (most recent call last):\n  File \"<string>\", line 1, in <module>\n  File \"/home/runner/workspace/utils/web_scraper.py\", line 411\n    try:\n    ^^^\nSyntaxError: expected 'except' or 'finally' block\n"],"pid":28130,"stdout":"","stderr":"Traceback (most recent call last):\n  File \"<string>\", line 1, in <module>\n  File \"/home/runner/workspace/utils/web_scraper.py\", line 411\n    try:\n    ^^^\nSyntaxError: expected 'except' or 'finally' block\n"}
[2025-04-29T09:27:52.558Z] [ERROR] Error scraping Twitter for https://twitter.com/PS_AmandaJKT48: {"status":1,"signal":null,"output":[null,"","Traceback (most recent call last):\n  File \"<string>\", line 1, in <module>\n  File \"/home/runner/workspace/utils/web_scraper.py\", line 411\n    try:\n    ^^^\nSyntaxError: expected 'except' or 'finally' block\n"],"pid":28135,"stdout":"","stderr":"Traceback (most recent call last):\n  File \"<string>\", line 1, in <module>\n  File \"/home/runner/workspace/utils/web_scraper.py\", line 411\n    try:\n    ^^^\nSyntaxError: expected 'except' or 'finally' block\n"}
[2025-04-29T09:27:52.593Z] [ERROR] Error scraping Twitter for https://twitter.com/A_ChristyJKT48: {"status":1,"signal":null,"output":[null,"","Traceback (most recent call last):\n  File \"<string>\", line 1, in <module>\n  File \"/home/runner/workspace/utils/web_scraper.py\", line 411\n    try:\n    ^^^\nSyntaxError: expected 'except' or 'finally' block\n"],"pid":28141,"stdout":"","stderr":"Traceback (most recent call last):\n  File \"<string>\", line 1, in <module>\n  File \"/home/runner/workspace/utils/web_scraper.py\", line 411\n    try:\n    ^^^\nSyntaxError: expected 'except' or 'finally' block\n"}
[2025-04-29T09:27:52.627Z] [ERROR] Error scraping Twitter for https://twitter.com/AR_AnindyaJKT48: {"status":1,"signal":null,"output":[null,"","Traceback (most recent call last):\n  File \"<string>\", line 1, in <module>\n  File \"/home/runner/workspace/utils/web_scraper.py\", line 411\n    try:\n    ^^^\nSyntaxError: expected 'except' or 'finally' block\n"],"pid":28148,"stdout":"","stderr":"Traceback (most recent call last):\n  File \"<string>\", line 1, in <module>\n  File \"/home/runner/workspace/utils/web_scraper.py\", line 411\n    try:\n    ^^^\nSyntaxError: expected 'except' or 'finally' block\n"}
[2025-04-29T09:27:52.660Z] [ERROR] Error scraping Twitter for https://twitter.com/AU_LiaJKT48: {"status":1,"signal":null,"output":[null,"","Traceback (most recent call last):\n  File \"<string>\", line 1, in <module>\n  File \"/home/runner/workspace/utils/web_scraper.py\", line 411\n    try:\n    ^^^\nSyntaxError: expected 'except' or 'finally' block\n"],"pid":28154,"stdout":"","stderr":"Traceback (most recent call last):\n  File \"<string>\", line 1, in <module>\n  File \"/home/runner/workspace/utils/web_scraper.py\", line 411\n    try:\n    ^^^\nSyntaxError: expected 'except' or 'finally' block\n"}
[2025-04-29T09:27:52.695Z] [ERROR] Error scraping Twitter for https://twitter.com/N_CathyJKT48: {"status":1,"signal":null,"output":[null,"","Traceback (most recent call last):\n  File \"<string>\", line 1, in <module>\n  File \"/home/runner/workspace/utils/web_scraper.py\", line 411\n    try:\n    ^^^\nSyntaxError: expected 'except' or 'finally' block\n"],"pid":28160,"stdout":"","stderr":"Traceback (most recent call last):\n  File \"<string>\", line 1, in <module>\n  File \"/home/runner/workspace/utils/web_scraper.py\", line 411\n    try:\n    ^^^\nSyntaxError: expected 'except' or 'finally' block\n"}
[2025-04-29T09:27:52.725Z] [ERROR] Error scraping Twitter for https://twitter.com/Elin_JKT48: {"status":1,"signal":null,"output":[null,"","Traceback (most recent call last):\n  File \"<string>\", line 1, in <module>\n  File \"/home/runner/workspace/utils/web_scraper.py\", line 411\n    try:\n    ^^^\nSyntaxError: expected 'except' or 'finally' block\n"],"pid":28166,"stdout":"","stderr":"Traceback (most recent call last):\n  File \"<string>\", line 1, in <module>\n  File \"/home/runner/workspace/utils/web_scraper.py\", line 411\n    try:\n    ^^^\nSyntaxError: expected 'except' or 'finally' block\n"}
[2025-04-29T09:27:52.756Z] [ERROR] Error scraping Twitter for https://twitter.com/DC_ChelseaJKT48: {"status":1,"signal":null,"output":[null,"","Traceback (most recent call last):\n  File \"<string>\", line 1, in <module>\n  File \"/home/runner/workspace/utils/web_scraper.py\", line 411\n    try:\n    ^^^\nSyntaxError: expected 'except' or 'finally' block\n"],"pid":28172,"stdout":"","stderr":"Traceback (most recent call last):\n  File \"<string>\", line 1, in <module>\n  File \"/home/runner/workspace/utils/web_scraper.py\", line 411\n    try:\n    ^^^\nSyntaxError: expected 'except' or 'finally' block\n"}
[2025-04-29T09:27:52.788Z] [ERROR] Error scraping Twitter for https://twitter.com/C_OnielJKT48: {"status":1,"signal":null,"output":[null,"","Traceback (most recent call last):\n  File \"<string>\", line 1, in <module>\n  File \"/home/runner/workspace/utils/web_scraper.py\", line 411\n    try:\n    ^^^\nSyntaxError: expected 'except' or 'finally' block\n"],"pid":28178,"stdout":"","stderr":"Traceback (most recent call last):\n  File \"<string>\", line 1, in <module>\n  File \"/home/runner/workspace/utils/web_scraper.py\", line 411\n    try:\n    ^^^\nSyntaxError: expected 'except' or 'finally' block\n"}
[2025-04-29T09:27:52.821Z] [ERROR] Error scraping Twitter for https://twitter.com/Y_CynthiaJKT48: {"status":1,"signal":null,"output":[null,"","Traceback (most recent call last):\n  File \"<string>\", line 1, in <module>\n  File \"/home/runner/workspace/utils/web_scraper.py\", line 411\n    try:\n    ^^^\nSyntaxError: expected 'except' or 'finally' block\n"],"pid":28184,"stdout":"","stderr":"Traceback (most recent call last):\n  File \"<string>\", line 1, in <module>\n  File \"/home/runner/workspace/utils/web_scraper.py\", line 411\n    try:\n    ^^^\nSyntaxError: expected 'except' or 'finally' block\n"}
[2025-04-29T09:27:52.853Z] [ERROR] Error scraping Twitter for https://twitter.com/Danella_JKT48: {"status":1,"signal":null,"output":[null,"","Traceback (most recent call last):\n  File \"<string>\", line 1, in <module>\n  File \"/home/runner/workspace/utils/web_scraper.py\", line 411\n    try:\n    ^^^\nSyntaxError: expected 'except' or 'finally' block\n"],"pid":28190,"stdout":"","stderr":"Traceback (most recent call last):\n  File \"<string>\", line 1, in <module>\n  File \"/home/runner/workspace/utils/web_scraper.py\", line 411\n    try:\n    ^^^\nSyntaxError: expected 'except' or 'finally' block\n"}
[2025-04-29T09:27:52.885Z] [ERROR] Error scraping Twitter for https://twitter.com/Daisy_JKT48: {"status":1,"signal":null,"output":[null,"","Traceback (most recent call last):\n  File \"<string>\", line 1, in <module>\n  File \"/home/runner/workspace/utils/web_scraper.py\", line 411\n    try:\n    ^^^\nSyntaxError: expected 'except' or 'finally' block\n"],"pid":28196,"stdout":"","stderr":"Traceback (most recent call last):\n  File \"<string>\", line 1, in <module>\n  File \"/home/runner/workspace/utils/web_scraper.py\", line 411\n    try:\n    ^^^\nSyntaxError: expected 'except' or 'finally' block\n"}
[2025-04-29T09:27:52.915Z] [ERROR] Error scraping Twitter for https://twitter.com/F_OllaJKT48: {"status":1,"signal":null,"output":[null,"","Traceback (most recent call last):\n  File \"<string>\", line 1, in <module>\n  File \"/home/runner/workspace/utils/web_scraper.py\", line 411\n    try:\n    ^^^\nSyntaxError: expected 'except' or 'finally' block\n"],"pid":28202,"stdout":"","stderr":"Traceback (most recent call last):\n  File \"<string>\", line 1, in <module>\n  File \"/home/runner/workspace/utils/web_scraper.py\", line 411\n    try:\n    ^^^\nSyntaxError: expected 'except' or 'finally' block\n"}
[2025-04-29T09:27:52.953Z] [ERROR] Error scraping Twitter for https://twitter.com/F_FeniJKT48: {"status":1,"signal":null,"output":[null,"","Traceback (most recent call last):\n  File \"<string>\", line 1, in <module>\n  File \"/home/runner/workspace/utils/web_scraper.py\", line 411\n    try:\n    ^^^\nSyntaxError: expected 'except' or 'finally' block\n"],"pid":28208,"stdout":"","stderr":"Traceback (most recent call last):\n  File \"<string>\", line 1, in <module>\n  File \"/home/runner/workspace/utils/web_scraper.py\", line 411\n    try:\n    ^^^\nSyntaxError: expected 'except' or 'finally' block\n"}
[2025-04-29T09:27:52.993Z] [ERROR] Error scraping Twitter for https://twitter.com/A_FionyJKT48: {"status":1,"signal":null,"output":[null,"","Traceback (most recent call last):\n  File \"<string>\", line 1, in <module>\n  File \"/home/runner/workspace/utils/web_scraper.py\", line 411\n    try:\n    ^^^\nSyntaxError: expected 'except' or 'finally' block\n"],"pid":28214,"stdout":"","stderr":"Traceback (most recent call last):\n  File \"<string>\", line 1, in <module>\n  File \"/home/runner/workspace/utils/web_scraper.py\", line 411\n    try:\n    ^^^\nSyntaxError: expected 'except' or 'finally' block\n"}
[2025-04-29T09:27:53.023Z] [ERROR] Error scraping Twitter for https://twitter.com/AM_EllaJKT48: {"status":1,"signal":null,"output":[null,"","Traceback (most recent call last):\n  File \"<string>\", line 1, in <module>\n  File \"/home/runner/workspace/utils/web_scraper.py\", line 411\n    try:\n    ^^^\nSyntaxError: expected 'except' or 'finally' block\n"],"pid":28220,"stdout":"","stderr":"Traceback (most recent call last):\n  File \"<string>\", line 1, in <module>\n  File \"/home/runner/workspace/utils/web_scraper.py\", line 411\n    try:\n    ^^^\nSyntaxError: expected 'except' or 'finally' block\n"}
[2025-04-29T09:27:53.056Z] [ERROR] Error scraping Twitter for https://twitter.com/Gendis_JKT48: {"status":1,"signal":null,"output":[null,"","Traceback (most recent call last):\n  File \"<string>\", line 1, in <module>\n  File \"/home/runner/workspace/utils/web_scraper.py\", line 411\n    try:\n    ^^^\nSyntaxError: expected 'except' or 'finally' block\n"],"pid":28226,"stdout":"","stderr":"Traceback (most recent call last):\n  File \"<string>\", line 1, in <module>\n  File \"/home/runner/workspace/utils/web_scraper.py\", line 411\n    try:\n    ^^^\nSyntaxError: expected 'except' or 'finally' block\n"}
[2025-04-29T09:27:53.090Z] [ERROR] Error scraping Twitter for https://twitter.com/A_GitaJKT48: {"status":1,"signal":null,"output":[null,"","Traceback (most recent call last):\n  File \"<string>\", line 1, in <module>\n  File \"/home/runner/workspace/utils/web_scraper.py\", line 411\n    try:\n    ^^^\nSyntaxError: expected 'except' or 'finally' block\n"],"pid":28232,"stdout":"","stderr":"Traceback (most recent call last):\n  File \"<string>\", line 1, in <module>\n  File \"/home/runner/workspace/utils/web_scraper.py\", line 411\n    try:\n    ^^^\nSyntaxError: expected 'except' or 'finally' block\n"}
[2025-04-29T09:27:53.125Z] [ERROR] Error scraping Twitter for https://twitter.com/Gracie_JKT48: {"status":1,"signal":null,"output":[null,"","Traceback (most recent call last):\n  File \"<string>\", line 1, in <module>\n  File \"/home/runner/workspace/utils/web_scraper.py\", line 411\n    try:\n    ^^^\nSyntaxError: expected 'except' or 'finally' block\n"],"pid":28238,"stdout":"","stderr":"Traceback (most recent call last):\n  File \"<string>\", line 1, in <module>\n  File \"/home/runner/workspace/utils/web_scraper.py\", line 411\n    try:\n    ^^^\nSyntaxError: expected 'except' or 'finally' block\n"}
[2025-04-29T09:27:53.161Z] [ERROR] Error scraping Twitter for https://twitter.com/Greesel_JKT48: {"status":1,"signal":null,"output":[null,"","Traceback (most recent call last):\n  File \"<string>\", line 1, in <module>\n  File \"/home/runner/workspace/utils/web_scraper.py\", line 411\n    try:\n    ^^^\nSyntaxError: expected 'except' or 'finally' block\n"],"pid":28244,"stdout":"","stderr":"Traceback (most recent call last):\n  File \"<string>\", line 1, in <module>\n  File \"/home/runner/workspace/utils/web_scraper.py\", line 411\n    try:\n    ^^^\nSyntaxError: expected 'except' or 'finally' block\n"}
[2025-04-29T09:27:53.194Z] [ERROR] Error scraping Twitter for https://twitter.com/H_EliJKT48: {"status":1,"signal":null,"output":[null,"","Traceback (most recent call last):\n  File \"<string>\", line 1, in <module>\n  File \"/home/runner/workspace/utils/web_scraper.py\", line 411\n    try:\n    ^^^\nSyntaxError: expected 'except' or 'finally' block\n"],"pid":28250,"stdout":"","stderr":"Traceback (most recent call last):\n  File \"<string>\", line 1, in <module>\n  File \"/home/runner/workspace/utils/web_scraper.py\", line 411\n    try:\n    ^^^\nSyntaxError: expected 'except' or 'finally' block\n"}
[2025-04-29T09:27:53.227Z] [ERROR] Error scraping Twitter for https://twitter.com/C_IndahJKT48: {"status":1,"signal":null,"output":[null,"","Traceback (most recent call last):\n  File \"<string>\", line 1, in <module>\n  File \"/home/runner/workspace/utils/web_scraper.py\", line 411\n    try:\n    ^^^\nSyntaxError: expected 'except' or 'finally' block\n"],"pid":28256,"stdout":"","stderr":"Traceback (most recent call last):\n  File \"<string>\", line 1, in <module>\n  File \"/home/runner/workspace/utils/web_scraper.py\", line 411\n    try:\n    ^^^\nSyntaxError: expected 'except' or 'finally' block\n"}
[2025-04-29T09:27:53.260Z] [ERROR] Error scraping Twitter for https://twitter.com/SP_IndiraJKT48: {"status":1,"signal":null,"output":[null,"","Traceback (most recent call last):\n  File \"<string>\", line 1, in <module>\n  File \"/home/runner/workspace/utils/web_scraper.py\", line 411\n    try:\n    ^^^\nSyntaxError: expected 'except' or 'finally' block\n"],"pid":28262,"stdout":"","stderr":"Traceback (most recent call last):\n  File \"<string>\", line 1, in <module>\n  File \"/home/runner/workspace/utils/web_scraper.py\", line 411\n    try:\n    ^^^\nSyntaxError: expected 'except' or 'finally' block\n"}
[2025-04-29T09:27:53.290Z] [ERROR] Error scraping Twitter for https://twitter.com/SE_LynJKT48: {"status":1,"signal":null,"output":[null,"","Traceback (most recent call last):\n  File \"<string>\", line 1, in <module>\n  File \"/home/runner/workspace/utils/web_scraper.py\", line 411\n    try:\n    ^^^\nSyntaxError: expected 'except' or 'finally' block\n"],"pid":28268,"stdout":"","stderr":"Traceback (most recent call last):\n  File \"<string>\", line 1, in <module>\n  File \"/home/runner/workspace/utils/web_scraper.py\", line 411\n    try:\n    ^^^\nSyntaxError: expected 'except' or 'finally' block\n"}
[2025-04-29T09:27:53.320Z] [ERROR] Error scraping Twitter for https://twitter.com/I_KathrinaJKT48: {"status":1,"signal":null,"output":[null,"","Traceback (most recent call last):\n  File \"<string>\", line 1, in <module>\n  File \"/home/runner/workspace/utils/web_scraper.py\", line 411\n    try:\n    ^^^\nSyntaxError: expected 'except' or 'finally' block\n"],"pid":28274,"stdout":"","stderr":"Traceback (most recent call last):\n  File \"<string>\", line 1, in <module>\n  File \"/home/runner/workspace/utils/web_scraper.py\", line 411\n    try:\n    ^^^\nSyntaxError: expected 'except' or 'finally' block\n"}
[2025-04-29T09:27:53.353Z] [ERROR] Error scraping Twitter for https://twitter.com/A_LuluJKT48: {"status":1,"signal":null,"output":[null,"","Traceback (most recent call last):\n  File \"<string>\", line 1, in <module>\n  File \"/home/runner/workspace/utils/web_scraper.py\", line 411\n    try:\n    ^^^\nSyntaxError: expected 'except' or 'finally' block\n"],"pid":28280,"stdout":"","stderr":"Traceback (most recent call last):\n  File \"<string>\", line 1, in <module>\n  File \"/home/runner/workspace/utils/web_scraper.py\", line 411\n    try:\n    ^^^\nSyntaxError: expected 'except' or 'finally' block\n"}
[2025-04-29T09:27:53.387Z] [ERROR] Error scraping Twitter for https://twitter.com/L_MarshaJKT48: {"status":1,"signal":null,"output":[null,"","Traceback (most recent call last):\n  File \"<string>\", line 1, in <module>\n  File \"/home/runner/workspace/utils/web_scraper.py\", line 411\n    try:\n    ^^^\nSyntaxError: expected 'except' or 'finally' block\n"],"pid":28286,"stdout":"","stderr":"Traceback (most recent call last):\n  File \"<string>\", line 1, in <module>\n  File \"/home/runner/workspace/utils/web_scraper.py\", line 411\n    try:\n    ^^^\nSyntaxError: expected 'except' or 'finally' block\n"}
[2025-04-29T09:27:53.419Z] [ERROR] Error scraping Twitter for https://twitter.com/Michie_JKT48: {"status":1,"signal":null,"output":[null,"","Traceback (most recent call last):\n  File \"<string>\", line 1, in <module>\n  File \"/home/runner/workspace/utils/web_scraper.py\", line 411\n    try:\n    ^^^\nSyntaxError: expected 'except' or 'finally' block\n"],"pid":28292,"stdout":"","stderr":"Traceback (most recent call last):\n  File \"<string>\", line 1, in <module>\n  File \"/home/runner/workspace/utils/web_scraper.py\", line 411\n    try:\n    ^^^\nSyntaxError: expected 'except' or 'finally' block\n"}
[2025-04-29T09:27:53.451Z] [ERROR] Error scraping Twitter for https://twitter.com/A_MutheJKT48: {"status":1,"signal":null,"output":[null,"","Traceback (most recent call last):\n  File \"<string>\", line 1, in <module>\n  File \"/home/runner/workspace/utils/web_scraper.py\", line 411\n    try:\n    ^^^\nSyntaxError: expected 'except' or 'finally' block\n"],"pid":28298,"stdout":"","stderr":"Traceback (most recent call last):\n  File \"<string>\", line 1, in <module>\n  File \"/home/runner/workspace/utils/web_scraper.py\", line 411\n    try:\n    ^^^\nSyntaxError: expected 'except' or 'finally' block\n"}
[2025-04-29T09:27:53.480Z] [ERROR] Error scraping Twitter for https://twitter.com/SW_RaishaJKT48: {"status":1,"signal":null,"output":[null,"","Traceback (most recent call last):\n  File \"<string>\", line 1, in <module>\n  File \"/home/runner/workspace/utils/web_scraper.py\", line 411\n    try:\n    ^^^\nSyntaxError: expected 'except' or 'finally' block\n"],"pid":28304,"stdout":"","stderr":"Traceback (most recent call last):\n  File \"<string>\", line 1, in <module>\n  File \"/home/runner/workspace/utils/web_scraper.py\", line 411\n    try:\n    ^^^\nSyntaxError: expected 'except' or 'finally' block\n"}
[2025-04-29T09:27:53.511Z] [ERROR] Error scraping Twitter for https://twitter.com/S_GraciaJKT48: {"status":1,"signal":null,"output":[null,"","Traceback (most recent call last):\n  File \"<string>\", line 1, in <module>\n  File \"/home/runner/workspace/utils/web_scraper.py\", line 411\n    try:\n    ^^^\nSyntaxError: expected 'except' or 'finally' block\n"],"pid":28310,"stdout":"","stderr":"Traceback (most recent call last):\n  File \"<string>\", line 1, in <module>\n  File \"/home/runner/workspace/utils/web_scraper.py\", line 411\n    try:\n    ^^^\nSyntaxError: expected 'except' or 'finally' block\n"}
[2025-04-29T09:27:53.546Z] [ERROR] Error scraping Twitter for https://twitter.com/Aralie_JKT48V: {"status":1,"signal":null,"output":[null,"","Traceback (most recent call last):\n  File \"<string>\", line 1, in <module>\n  File \"/home/runner/workspace/utils/web_scraper.py\", line 411\n    try:\n    ^^^\nSyntaxError: expected 'except' or 'finally' block\n"],"pid":28316,"stdout":"","stderr":"Traceback (most recent call last):\n  File \"<string>\", line 1, in <module>\n  File \"/home/runner/workspace/utils/web_scraper.py\", line 411\n    try:\n    ^^^\nSyntaxError: expected 'except' or 'finally' block\n"}
[2025-04-29T09:27:53.578Z] [ERROR] Error scraping Twitter for https://twitter.com/Delynn_JKT48: {"status":1,"signal":null,"output":[null,"","Traceback (most recent call last):\n  File \"<string>\", line 1, in <module>\n  File \"/home/runner/workspace/utils/web_scraper.py\", line 411\n    try:\n    ^^^\nSyntaxError: expected 'except' or 'finally' block\n"],"pid":28323,"stdout":"","stderr":"Traceback (most recent call last):\n  File \"<string>\", line 1, in <module>\n  File \"/home/runner/workspace/utils/web_scraper.py\", line 411\n    try:\n    ^^^\nSyntaxError: expected 'except' or 'finally' block\n"}
[2025-04-29T09:27:53.613Z] [ERROR] Error scraping Twitter for https://twitter.com/A_VirgiJKT48: {"status":1,"signal":null,"output":[null,"","Traceback (most recent call last):\n  File \"<string>\", line 1, in <module>\n  File \"/home/runner/workspace/utils/web_scraper.py\", line 411\n    try:\n    ^^^\nSyntaxError: expected 'except' or 'finally' block\n"],"pid":28330,"stdout":"","stderr":"Traceback (most recent call last):\n  File \"<string>\", line 1, in <module>\n  File \"/home/runner/workspace/utils/web_scraper.py\", line 411\n    try:\n    ^^^\nSyntaxError: expected 'except' or 'finally' block\n"}
[2025-04-29T09:27:53.644Z] [ERROR] Error scraping Twitter for https://twitter.com/Auwia_JKT48V: {"status":1,"signal":null,"output":[null,"","Traceback (most recent call last):\n  File \"<string>\", line 1, in <module>\n  File \"/home/runner/workspace/utils/web_scraper.py\", line 411\n    try:\n    ^^^\nSyntaxError: expected 'except' or 'finally' block\n"],"pid":28336,"stdout":"","stderr":"Traceback (most recent call last):\n  File \"<string>\", line 1, in <module>\n  File \"/home/runner/workspace/utils/web_scraper.py\", line 411\n    try:\n    ^^^\nSyntaxError: expected 'except' or 'finally' block\n"}
[2025-04-29T09:27:53.676Z] [ERROR] Error scraping Twitter for https://twitter.com/AR_LanaJKT48: {"status":1,"signal":null,"output":[null,"","Traceback (most recent call last):\n  File \"<string>\", line 1, in <module>\n  File \"/home/runner/workspace/utils/web_scraper.py\", line 411\n    try:\n    ^^^\nSyntaxError: expected 'except' or 'finally' block\n"],"pid":28341,"stdout":"","stderr":"Traceback (most recent call last):\n  File \"<string>\", line 1, in <module>\n  File \"/home/runner/workspace/utils/web_scraper.py\", line 411\n    try:\n    ^^^\nSyntaxError: expected 'except' or 'finally' block\n"}
[2025-04-29T09:27:53.706Z] [ERROR] Error scraping Twitter for https://twitter.com/Rilly_JKT48V: {"status":1,"signal":null,"output":[null,"","Traceback (most recent call last):\n  File \"<string>\", line 1, in <module>\n  File \"/home/runner/workspace/utils/web_scraper.py\", line 411\n    try:\n    ^^^\nSyntaxError: expected 'except' or 'finally' block\n"],"pid":28347,"stdout":"","stderr":"Traceback (most recent call last):\n  File \"<string>\", line 1, in <module>\n  File \"/home/runner/workspace/utils/web_scraper.py\", line 411\n    try:\n    ^^^\nSyntaxError: expected 'except' or 'finally' block\n"}
[2025-04-29T09:27:53.738Z] [ERROR] Error scraping Twitter for https://twitter.com/CErine_JKT48: {"status":1,"signal":null,"output":[null,"","Traceback (most recent call last):\n  File \"<string>\", line 1, in <module>\n  File \"/home/runner/workspace/utils/web_scraper.py\", line 411\n    try:\n    ^^^\nSyntaxError: expected 'except' or 'finally' block\n"],"pid":28353,"stdout":"","stderr":"Traceback (most recent call last):\n  File \"<string>\", line 1, in <module>\n  File \"/home/runner/workspace/utils/web_scraper.py\", line 411\n    try:\n    ^^^\nSyntaxError: expected 'except' or 'finally' block\n"}
[2025-04-29T09:27:53.773Z] [ERROR] Error scraping Twitter for https://twitter.com/RFritzy_JKT48: {"status":1,"signal":null,"output":[null,"","Traceback (most recent call last):\n  File \"<string>\", line 1, in <module>\n  File \"/home/runner/workspace/utils/web_scraper.py\", line 411\n    try:\n    ^^^\nSyntaxError: expected 'except' or 'finally' block\n"],"pid":28359,"stdout":"","stderr":"Traceback (most recent call last):\n  File \"<string>\", line 1, in <module>\n  File \"/home/runner/workspace/utils/web_scraper.py\", line 411\n    try:\n    ^^^\nSyntaxError: expected 'except' or 'finally' block\n"}
[2025-04-29T09:27:53.803Z] [ERROR] Error scraping Twitter for https://twitter.com/Giaa_JKT48: {"status":1,"signal":null,"output":[null,"","Traceback (most recent call last):\n  File \"<string>\", line 1, in <module>\n  File \"/home/runner/workspace/utils/web_scraper.py\", line 411\n    try:\n    ^^^\nSyntaxError: expected 'except' or 'finally' block\n"],"pid":28365,"stdout":"","stderr":"Traceback (most recent call last):\n  File \"<string>\", line 1, in <module>\n  File \"/home/runner/workspace/utils/web_scraper.py\", line 411\n    try:\n    ^^^\nSyntaxError: expected 'except' or 'finally' block\n"}
[2025-04-29T09:27:53.832Z] [ERROR] Error scraping Twitter for https://twitter.com/Lily_JKT48: {"status":1,"signal":null,"output":[null,"","Traceback (most recent call last):\n  File \"<string>\", line 1, in <module>\n  File \"/home/runner/workspace/utils/web_scraper.py\", line 411\n    try:\n    ^^^\nSyntaxError: expected 'except' or 'finally' block\n"],"pid":28371,"stdout":"","stderr":"Traceback (most recent call last):\n  File \"<string>\", line 1, in <module>\n  File \"/home/runner/workspace/utils/web_scraper.py\", line 411\n    try:\n    ^^^\nSyntaxError: expected 'except' or 'finally' block\n"}
[2025-04-29T09:27:53.864Z] [ERROR] Error scraping Twitter for https://twitter.com/Maira_JKT48: {"status":1,"signal":null,"output":[null,"","Traceback (most recent call last):\n  File \"<string>\", line 1, in <module>\n  File \"/home/runner/workspace/utils/web_scraper.py\", line 411\n    try:\n    ^^^\nSyntaxError: expected 'except' or 'finally' block\n"],"pid":28377,"stdout":"","stderr":"Traceback (most recent call last):\n  File \"<string>\", line 1, in <module>\n  File \"/home/runner/workspace/utils/web_scraper.py\", line 411\n    try:\n    ^^^\nSyntaxError: expected 'except' or 'finally' block\n"}
[2025-04-29T09:27:53.896Z] [ERROR] Error scraping Twitter for https://twitter.com/Ekin_JKT48: {"status":1,"signal":null,"output":[null,"","Traceback (most recent call last):\n  File \"<string>\", line 1, in <module>\n  File \"/home/runner/workspace/utils/web_scraper.py\", line 411\n    try:\n    ^^^\nSyntaxError: expected 'except' or 'finally' block\n"],"pid":28383,"stdout":"","stderr":"Traceback (most recent call last):\n  File \"<string>\", line 1, in <module>\n  File \"/home/runner/workspace/utils/web_scraper.py\", line 411\n    try:\n    ^^^\nSyntaxError: expected 'except' or 'finally' block\n"}
[2025-04-29T09:27:53.933Z] [ERROR] Error scraping Twitter for https://twitter.com/JTrisha_JKT48: {"status":1,"signal":null,"output":[null,"","Traceback (most recent call last):\n  File \"<string>\", line 1, in <module>\n  File \"/home/runner/workspace/utils/web_scraper.py\", line 411\n    try:\n    ^^^\nSyntaxError: expected 'except' or 'finally' block\n"],"pid":28390,"stdout":"","stderr":"Traceback (most recent call last):\n  File \"<string>\", line 1, in <module>\n  File \"/home/runner/workspace/utils/web_scraper.py\", line 411\n    try:\n    ^^^\nSyntaxError: expected 'except' or 'finally' block\n"}
[2025-04-29T09:27:53.971Z] [ERROR] Error scraping Twitter for https://twitter.com/JE_JemimaJKT48: {"status":1,"signal":null,"output":[null,"","Traceback (most recent call last):\n  File \"<string>\", line 1, in <module>\n  File \"/home/runner/workspace/utils/web_scraper.py\", line 411\n    try:\n    ^^^\nSyntaxError: expected 'except' or 'finally' block\n"],"pid":28396,"stdout":"","stderr":"Traceback (most recent call last):\n  File \"<string>\", line 1, in <module>\n  File \"/home/runner/workspace/utils/web_scraper.py\", line 411\n    try:\n    ^^^\nSyntaxError: expected 'except' or 'finally' block\n"}
[2025-04-29T09:27:54.000Z] [ERROR] Error scraping Twitter for https://twitter.com/Moreen_JKT48: {"status":1,"signal":null,"output":[null,"","Traceback (most recent call last):\n  File \"<string>\", line 1, in <module>\n  File \"/home/runner/workspace/utils/web_scraper.py\", line 411\n    try:\n    ^^^\nSyntaxError: expected 'except' or 'finally' block\n"],"pid":28402,"stdout":"","stderr":"Traceback (most recent call last):\n  File \"<string>\", line 1, in <module>\n  File \"/home/runner/workspace/utils/web_scraper.py\", line 411\n    try:\n    ^^^\nSyntaxError: expected 'except' or 'finally' block\n"}
[2025-04-29T09:27:54.030Z] [ERROR] Error scraping Twitter for https://twitter.com/Levi_JKT48: {"status":1,"signal":null,"output":[null,"","Traceback (most recent call last):\n  File \"<string>\", line 1, in <module>\n  File \"/home/runner/workspace/utils/web_scraper.py\", line 411\n    try:\n    ^^^\nSyntaxError: expected 'except' or 'finally' block\n"],"pid":28408,"stdout":"","stderr":"Traceback (most recent call last):\n  File \"<string>\", line 1, in <module>\n  File \"/home/runner/workspace/utils/web_scraper.py\", line 411\n    try:\n    ^^^\nSyntaxError: expected 'except' or 'finally' block\n"}
[2025-04-29T09:27:54.062Z] [ERROR] Error scraping Twitter for https://twitter.com/M_MikaelaJKT48: {"status":1,"signal":null,"output":[null,"","Traceback (most recent call last):\n  File \"<string>\", line 1, in <module>\n  File \"/home/runner/workspace/utils/web_scraper.py\", line 411\n    try:\n    ^^^\nSyntaxError: expected 'except' or 'finally' block\n"],"pid":28414,"stdout":"","stderr":"Traceback (most recent call last):\n  File \"<string>\", line 1, in <module>\n  File \"/home/runner/workspace/utils/web_scraper.py\", line 411\n    try:\n    ^^^\nSyntaxError: expected 'except' or 'finally' block\n"}
[2025-04-29T09:27:54.092Z] [ERROR] Error scraping Twitter for https://twitter.com/SNayla_JKT48: {"status":1,"signal":null,"output":[null,"","Traceback (most recent call last):\n  File \"<string>\", line 1, in <module>\n  File \"/home/runner/workspace/utils/web_scraper.py\", line 411\n    try:\n    ^^^\nSyntaxError: expected 'except' or 'finally' block\n"],"pid":28420,"stdout":"","stderr":"Traceback (most recent call last):\n  File \"<string>\", line 1, in <module>\n  File \"/home/runner/workspace/utils/web_scraper.py\", line 411\n    try:\n    ^^^\nSyntaxError: expected 'except' or 'finally' block\n"}
[2025-04-29T09:27:54.122Z] [ERROR] Error scraping Twitter for https://twitter.com/Nachia_JKT48: {"status":1,"signal":null,"output":[null,"","Traceback (most recent call last):\n  File \"<string>\", line 1, in <module>\n  File \"/home/runner/workspace/utils/web_scraper.py\", line 411\n    try:\n    ^^^\nSyntaxError: expected 'except' or 'finally' block\n"],"pid":28426,"stdout":"","stderr":"Traceback (most recent call last):\n  File \"<string>\", line 1, in <module>\n  File \"/home/runner/workspace/utils/web_scraper.py\", line 411\n    try:\n    ^^^\nSyntaxError: expected 'except' or 'finally' block\n"}
[2025-04-29T09:27:54.151Z] [ERROR] Error scraping Twitter for https://twitter.com/N_IntanJKT48: {"status":1,"signal":null,"output":[null,"","Traceback (most recent call last):\n  File \"<string>\", line 1, in <module>\n  File \"/home/runner/workspace/utils/web_scraper.py\", line 411\n    try:\n    ^^^\nSyntaxError: expected 'except' or 'finally' block\n"],"pid":28432,"stdout":"","stderr":"Traceback (most recent call last):\n  File \"<string>\", line 1, in <module>\n  File \"/home/runner/workspace/utils/web_scraper.py\", line 411\n    try:\n    ^^^\nSyntaxError: expected 'except' or 'finally' block\n"}
[2025-04-29T09:27:54.183Z] [ERROR] Error scraping Twitter for https://twitter.com/M_OlineJKT48: {"status":1,"signal":null,"output":[null,"","Traceback (most recent call last):\n  File \"<string>\", line 1, in <module>\n  File \"/home/runner/workspace/utils/web_scraper.py\", line 411\n    try:\n    ^^^\nSyntaxError: expected 'except' or 'finally' block\n"],"pid":28438,"stdout":"","stderr":"Traceback (most recent call last):\n  File \"<string>\", line 1, in <module>\n  File \"/home/runner/workspace/utils/web_scraper.py\", line 411\n    try:\n    ^^^\nSyntaxError: expected 'except' or 'finally' block\n"}
[2025-04-29T09:27:54.211Z] [ERROR] Error scraping Twitter for https://twitter.com/Regie_JKT48: {"status":1,"signal":null,"output":[null,"","Traceback (most recent call last):\n  File \"<string>\", line 1, in <module>\n  File \"/home/runner/workspace/utils/web_scraper.py\", line 411\n    try:\n    ^^^\nSyntaxError: expected 'except' or 'finally' block\n"],"pid":28444,"stdout":"","stderr":"Traceback (most recent call last):\n  File \"<string>\", line 1, in <module>\n  File \"/home/runner/workspace/utils/web_scraper.py\", line 411\n    try:\n    ^^^\nSyntaxError: expected 'except' or 'finally' block\n"}
[2025-04-29T09:27:54.243Z] [ERROR] Error scraping Twitter for https://twitter.com/Ribka_JKT48: {"status":1,"signal":null,"output":[null,"","Traceback (most recent call last):\n  File \"<string>\", line 1, in <module>\n  File \"/home/runner/workspace/utils/web_scraper.py\", line 411\n    try:\n    ^^^\nSyntaxError: expected 'except' or 'finally' block\n"],"pid":28450,"stdout":"","stderr":"Traceback (most recent call last):\n  File \"<string>\", line 1, in <module>\n  File \"/home/runner/workspace/utils/web_scraper.py\", line 411\n    try:\n    ^^^\nSyntaxError: expected 'except' or 'finally' block\n"}
[2025-04-29T09:27:54.273Z] [ERROR] Error scraping Twitter for https://twitter.com/Nala_JKT48: {"status":1,"signal":null,"output":[null,"","Traceback (most recent call last):\n  File \"<string>\", line 1, in <module>\n  File \"/home/runner/workspace/utils/web_scraper.py\", line 411\n    try:\n    ^^^\nSyntaxError: expected 'except' or 'finally' block\n"],"pid":28456,"stdout":"","stderr":"Traceback (most recent call last):\n  File \"<string>\", line 1, in <module>\n  File \"/home/runner/workspace/utils/web_scraper.py\", line 411\n    try:\n    ^^^\nSyntaxError: expected 'except' or 'finally' block\n"}
[2025-04-29T09:27:54.305Z] [ERROR] Error scraping Twitter for https://twitter.com/Kimmy_JKT48: {"status":1,"signal":null,"output":[null,"","Traceback (most recent call last):\n  File \"<string>\", line 1, in <module>\n  File \"/home/runner/workspace/utils/web_scraper.py\", line 411\n    try:\n    ^^^\nSyntaxError: expected 'except' or 'finally' block\n"],"pid":28463,"stdout":"","stderr":"Traceback (most recent call last):\n  File \"<string>\", line 1, in <module>\n  File \"/home/runner/workspace/utils/web_scraper.py\", line 411\n    try:\n    ^^^\nSyntaxError: expected 'except' or 'finally' block\n"}
[2025-04-29T09:27:54.341Z] [ERROR] Error scraping Twitter for https://twitter.com/kanaia_jkt48v: {"status":1,"signal":null,"output":[null,"","Traceback (most recent call last):\n  File \"<string>\", line 1, in <module>\n  File \"/home/runner/workspace/utils/web_scraper.py\", line 411\n    try:\n    ^^^\nSyntaxError: expected 'except' or 'finally' block\n"],"pid":28469,"stdout":"","stderr":"Traceback (most recent call last):\n  File \"<string>\", line 1, in <module>\n  File \"/home/runner/workspace/utils/web_scraper.py\", line 411\n    try:\n    ^^^\nSyntaxError: expected 'except' or 'finally' block\n"}
[2025-04-29T09:27:54.384Z] [ERROR] Error scraping Twitter for https://twitter.com/officialJKT48: {"status":1,"signal":null,"output":[null,"","Traceback (most recent call last):\n  File \"<string>\", line 1, in <module>\n  File \"/home/runner/workspace/utils/web_scraper.py\", line 411\n    try:\n    ^^^\nSyntaxError: expected 'except' or 'finally' block\n"],"pid":28475,"stdout":"","stderr":"Traceback (most recent call last):\n  File \"<string>\", line 1, in <module>\n  File \"/home/runner/workspace/utils/web_scraper.py\", line 411\n    try:\n    ^^^\nSyntaxError: expected 'except' or 'finally' block\n"}
[2025-04-29T09:27:54.414Z] [ERROR] Error scraping Twitter for https://twitter.com/officialJKT48: {"status":1,"signal":null,"output":[null,"","Traceback (most recent call last):\n  File \"<string>\", line 1, in <module>\n  File \"/home/runner/workspace/utils/web_scraper.py\", line 411\n    try:\n    ^^^\nSyntaxError: expected 'except' or 'finally' block\n"],"pid":28481,"stdout":"","stderr":"Traceback (most recent call last):\n  File \"<string>\", line 1, in <module>\n  File \"/home/runner/workspace/utils/web_scraper.py\", line 411\n    try:\n    ^^^\nSyntaxError: expected 'except' or 'finally' block\n"}
[2025-04-29T09:28:14.084Z] [ERROR] Error scraping Instagram for Alya: Command failed: python -c "import sys; sys.path.append('.'); from utils.web_scraper import get_instagram_post; print(get_instagram_post('https://www.instagram.com/jkt48.alya_'))"
Traceback (most recent call last):
  File "<string>", line 1, in <module>
  File "/home/runner/workspace/utils/web_scraper.py", line 411
    try:
    ^^^
SyntaxError: expected 'except' or 'finally' block

[2025-04-29T09:28:14.118Z] [ERROR] Error scraping Instagram for Amanda: Command failed: python -c "import sys; sys.path.append('.'); from utils.web_scraper import get_instagram_post; print(get_instagram_post('https://www.instagram.com/jkt48.amanda.s'))"
Traceback (most recent call last):
  File "<string>", line 1, in <module>
  File "/home/runner/workspace/utils/web_scraper.py", line 411
    try:
    ^^^
SyntaxError: expected 'except' or 'finally' block

[2025-04-29T09:28:14.148Z] [ERROR] Error scraping Instagram for Christy: Command failed: python -c "import sys; sys.path.append('.'); from utils.web_scraper import get_instagram_post; print(get_instagram_post('https://www.instagram.com/jkt48.christy'))"
Traceback (most recent call last):
  File "<string>", line 1, in <module>
  File "/home/runner/workspace/utils/web_scraper.py", line 411
    try:
    ^^^
SyntaxError: expected 'except' or 'finally' block

[2025-04-29T09:28:14.180Z] [ERROR] Error scraping Instagram for Anindya: Command failed: python -c "import sys; sys.path.append('.'); from utils.web_scraper import get_instagram_post; print(get_instagram_post('https://www.instagram.com/jkt48.anindya_'))"
Traceback (most recent call last):
  File "<string>", line 1, in <module>
  File "/home/runner/workspace/utils/web_scraper.py", line 411
    try:
    ^^^
SyntaxError: expected 'except' or 'finally' block

[2025-04-29T09:28:14.218Z] [ERROR] Error scraping Instagram for Lia: Command failed: python -c "import sys; sys.path.append('.'); from utils.web_scraper import get_instagram_post; print(get_instagram_post('https://www.instagram.com/jkt48.aurellia_'))"
Traceback (most recent call last):
  File "<string>", line 1, in <module>
  File "/home/runner/workspace/utils/web_scraper.py", line 411
    try:
    ^^^
SyntaxError: expected 'except' or 'finally' block

[2025-04-29T09:28:14.246Z] [ERROR] Error scraping Instagram for Cathy: Command failed: python -c "import sys; sys.path.append('.'); from utils.web_scraper import get_instagram_post; print(get_instagram_post('https://www.instagram.com/jkt48.cathy'))"
Traceback (most recent call last):
  File "<string>", line 1, in <module>
  File "/home/runner/workspace/utils/web_scraper.py", line 411
    try:
    ^^^
SyntaxError: expected 'except' or 'finally' block

[2025-04-29T09:28:14.287Z] [ERROR] Error scraping Instagram for Elin: Command failed: python -c "import sys; sys.path.append('.'); from utils.web_scraper import get_instagram_post; print(get_instagram_post('https://www.instagram.com/jkt48.elin_'))"
Traceback (most recent call last):
  File "<string>", line 1, in <module>
  File "/home/runner/workspace/utils/web_scraper.py", line 411
    try:
    ^^^
SyntaxError: expected 'except' or 'finally' block

[2025-04-29T09:28:14.317Z] [ERROR] Error scraping Instagram for Chelsea: Command failed: python -c "import sys; sys.path.append('.'); from utils.web_scraper import get_instagram_post; print(get_instagram_post('https://www.instagram.com/jkt48.chelsea.d'))"
Traceback (most recent call last):
  File "<string>", line 1, in <module>
  File "/home/runner/workspace/utils/web_scraper.py", line 411
    try:
    ^^^
SyntaxError: expected 'except' or 'finally' block

[2025-04-29T09:28:14.346Z] [ERROR] Error scraping Instagram for Oniel: Command failed: python -c "import sys; sys.path.append('.'); from utils.web_scraper import get_instagram_post; print(get_instagram_post('https://www.instagram.com/jkt48.oniel'))"
Traceback (most recent call last):
  File "<string>", line 1, in <module>
  File "/home/runner/workspace/utils/web_scraper.py", line 411
    try:
    ^^^
SyntaxError: expected 'except' or 'finally' block

[2025-04-29T09:28:14.384Z] [ERROR] Error scraping Instagram for Cynthia: Command failed: python -c "import sys; sys.path.append('.'); from utils.web_scraper import get_instagram_post; print(get_instagram_post('https://www.instagram.com/jkt48.cynthia'))"
Traceback (most recent call last):
  File "<string>", line 1, in <module>
  File "/home/runner/workspace/utils/web_scraper.py", line 411
    try:
    ^^^
SyntaxError: expected 'except' or 'finally' block

[2025-04-29T09:28:14.417Z] [ERROR] Error scraping Instagram for Danella: Command failed: python -c "import sys; sys.path.append('.'); from utils.web_scraper import get_instagram_post; print(get_instagram_post('https://www.instagram.com/jkt48.danella'))"
Traceback (most recent call last):
  File "<string>", line 1, in <module>
  File "/home/runner/workspace/utils/web_scraper.py", line 411
    try:
    ^^^
SyntaxError: expected 'except' or 'finally' block

[2025-04-29T09:28:14.447Z] [ERROR] Error scraping Instagram for Daisy: Command failed: python -c "import sys; sys.path.append('.'); from utils.web_scraper import get_instagram_post; print(get_instagram_post('https://www.instagram.com/jkt48.daisy'))"
Traceback (most recent call last):
  File "<string>", line 1, in <module>
  File "/home/runner/workspace/utils/web_scraper.py", line 411
    try:
    ^^^
SyntaxError: expected 'except' or 'finally' block

[2025-04-29T09:28:14.484Z] [ERROR] Error scraping Instagram for Olla: Command failed: python -c "import sys; sys.path.append('.'); from utils.web_scraper import get_instagram_post; print(get_instagram_post('https://www.instagram.com/jkt48.olla'))"
Traceback (most recent call last):
  File "<string>", line 1, in <module>
  File "/home/runner/workspace/utils/web_scraper.py", line 411
    try:
    ^^^
SyntaxError: expected 'except' or 'finally' block

[2025-04-29T09:28:14.528Z] [ERROR] Error scraping Instagram for Feni: Command failed: python -c "import sys; sys.path.append('.'); from utils.web_scraper import get_instagram_post; print(get_instagram_post('https://www.instagram.com/jkt48feni'))"
Traceback (most recent call last):
  File "<string>", line 1, in <module>
  File "/home/runner/workspace/utils/web_scraper.py", line 411
    try:
    ^^^
SyntaxError: expected 'except' or 'finally' block

[2025-04-29T09:28:14.559Z] [ERROR] Error scraping Instagram for Fiony: Command failed: python -c "import sys; sys.path.append('.'); from utils.web_scraper import get_instagram_post; print(get_instagram_post('https://www.instagram.com/jkt48.fiony'))"
Traceback (most recent call last):
  File "<string>", line 1, in <module>
  File "/home/runner/workspace/utils/web_scraper.py", line 411
    try:
    ^^^
SyntaxError: expected 'except' or 'finally' block

[2025-04-29T09:28:14.593Z] [ERROR] Error scraping Instagram for Ella: Command failed: python -c "import sys; sys.path.append('.'); from utils.web_scraper import get_instagram_post; print(get_instagram_post('https://www.instagram.com/jkt48.ella.a'))"
Traceback (most recent call last):
  File "<string>", line 1, in <module>
  File "/home/runner/workspace/utils/web_scraper.py", line 411
    try:
    ^^^
SyntaxError: expected 'except' or 'finally' block

[2025-04-29T09:28:14.626Z] [ERROR] Error scraping Instagram for Gendis: Command failed: python -c "import sys; sys.path.append('.'); from utils.web_scraper import get_instagram_post; print(get_instagram_post('https://www.instagram.com/jkt48.gendis'))"
Traceback (most recent call last):
  File "<string>", line 1, in <module>
  File "/home/runner/workspace/utils/web_scraper.py", line 411
    try:
    ^^^
SyntaxError: expected 'except' or 'finally' block

[2025-04-29T09:28:14.657Z] [ERROR] Error scraping Instagram for Gita: Command failed: python -c "import sys; sys.path.append('.'); from utils.web_scraper import get_instagram_post; print(get_instagram_post('https://www.instagram.com/jkt48gita'))"
Traceback (most recent call last):
  File "<string>", line 1, in <module>
  File "/home/runner/workspace/utils/web_scraper.py", line 411
    try:
    ^^^
SyntaxError: expected 'except' or 'finally' block

[2025-04-29T09:28:14.692Z] [ERROR] Error scraping Instagram for Gracie: Command failed: python -c "import sys; sys.path.append('.'); from utils.web_scraper import get_instagram_post; print(get_instagram_post('https://www.instagram.com/jkt48.gracie'))"
Traceback (most recent call last):
  File "<string>", line 1, in <module>
  File "/home/runner/workspace/utils/web_scraper.py", line 411
    try:
    ^^^
SyntaxError: expected 'except' or 'finally' block

[2025-04-29T09:28:14.724Z] [ERROR] Error scraping Instagram for Greesel: Command failed: python -c "import sys; sys.path.append('.'); from utils.web_scraper import get_instagram_post; print(get_instagram_post('https://www.instagram.com/jkt48.greesel'))"
Traceback (most recent call last):
  File "<string>", line 1, in <module>
  File "/home/runner/workspace/utils/web_scraper.py", line 411
    try:
    ^^^
SyntaxError: expected 'except' or 'finally' block

[2025-04-29T09:28:14.757Z] [ERROR] Error scraping Instagram for Eli: Command failed: python -c "import sys; sys.path.append('.'); from utils.web_scraper import get_instagram_post; print(get_instagram_post('https://www.instagram.com/jkt48.eli'))"
Traceback (most recent call last):
  File "<string>", line 1, in <module>
  File "/home/runner/workspace/utils/web_scraper.py", line 411
    try:
    ^^^
SyntaxError: expected 'except' or 'finally' block

[2025-04-29T09:28:14.795Z] [ERROR] Error scraping Instagram for Indah: Command failed: python -c "import sys; sys.path.append('.'); from utils.web_scraper import get_instagram_post; print(get_instagram_post('https://www.instagram.com/jkt48indah'))"
Traceback (most recent call last):
  File "<string>", line 1, in <module>
  File "/home/runner/workspace/utils/web_scraper.py", line 411
    try:
    ^^^
SyntaxError: expected 'except' or 'finally' block

[2025-04-29T09:28:14.828Z] [ERROR] Error scraping Instagram for Indira: Command failed: python -c "import sys; sys.path.append('.'); from utils.web_scraper import get_instagram_post; print(get_instagram_post('https://www.instagram.com/jkt48.indira.s'))"
Traceback (most recent call last):
  File "<string>", line 1, in <module>
  File "/home/runner/workspace/utils/web_scraper.py", line 411
    try:
    ^^^
SyntaxError: expected 'except' or 'finally' block

[2025-04-29T09:28:14.859Z] [ERROR] Error scraping Instagram for Lyn: Command failed: python -c "import sys; sys.path.append('.'); from utils.web_scraper import get_instagram_post; print(get_instagram_post('https://www.instagram.com/jkt48.lyn.s'))"
Traceback (most recent call last):
  File "<string>", line 1, in <module>
  File "/home/runner/workspace/utils/web_scraper.py", line 411
    try:
    ^^^
SyntaxError: expected 'except' or 'finally' block

[2025-04-29T09:28:14.892Z] [ERROR] Error scraping Instagram for Kathrina: Command failed: python -c "import sys; sys.path.append('.'); from utils.web_scraper import get_instagram_post; print(get_instagram_post('https://www.instagram.com/jkt48.kathrina'))"
Traceback (most recent call last):
  File "<string>", line 1, in <module>
  File "/home/runner/workspace/utils/web_scraper.py", line 411
    try:
    ^^^
SyntaxError: expected 'except' or 'finally' block

[2025-04-29T09:28:14.922Z] [ERROR] Error scraping Instagram for Lulu: Command failed: python -c "import sys; sys.path.append('.'); from utils.web_scraper import get_instagram_post; print(get_instagram_post('https://www.instagram.com/jkt48.lulu'))"
Traceback (most recent call last):
  File "<string>", line 1, in <module>
  File "/home/runner/workspace/utils/web_scraper.py", line 411
    try:
    ^^^
SyntaxError: expected 'except' or 'finally' block

[2025-04-29T09:28:14.956Z] [ERROR] Error scraping Instagram for Marsha: Command failed: python -c "import sys; sys.path.append('.'); from utils.web_scraper import get_instagram_post; print(get_instagram_post('https://www.instagram.com/jkt48.marsha'))"
Traceback (most recent call last):
  File "<string>", line 1, in <module>
  File "/home/runner/workspace/utils/web_scraper.py", line 411
    try:
    ^^^
SyntaxError: expected 'except' or 'finally' block

[2025-04-29T09:28:14.985Z] [ERROR] Error scraping Instagram for Michie: Command failed: python -c "import sys; sys.path.append('.'); from utils.web_scraper import get_instagram_post; print(get_instagram_post('https://www.instagram.com/jkt48.michie_'))"
Traceback (most recent call last):
  File "<string>", line 1, in <module>
  File "/home/runner/workspace/utils/web_scraper.py", line 411
    try:
    ^^^
SyntaxError: expected 'except' or 'finally' block

[2025-04-29T09:28:15.015Z] [ERROR] Error scraping Instagram for Muthe: Command failed: python -c "import sys; sys.path.append('.'); from utils.web_scraper import get_instagram_post; print(get_instagram_post('https://www.instagram.com/jkt48.muthe_'))"
Traceback (most recent call last):
  File "<string>", line 1, in <module>
  File "/home/runner/workspace/utils/web_scraper.py", line 411
    try:
    ^^^
SyntaxError: expected 'except' or 'finally' block

[2025-04-29T09:28:15.050Z] [ERROR] Error scraping Instagram for Raisha: Command failed: python -c "import sys; sys.path.append('.'); from utils.web_scraper import get_instagram_post; print(get_instagram_post('https://www.instagram.com/jkt48.raisha.s'))"
Traceback (most recent call last):
  File "<string>", line 1, in <module>
  File "/home/runner/workspace/utils/web_scraper.py", line 411
    try:
    ^^^
SyntaxError: expected 'except' or 'finally' block

[2025-04-29T09:28:15.080Z] [ERROR] Error scraping Instagram for Gracia: Command failed: python -c "import sys; sys.path.append('.'); from utils.web_scraper import get_instagram_post; print(get_instagram_post('https://www.instagram.com/jkt48gracia'))"
Traceback (most recent call last):
  File "<string>", line 1, in <module>
  File "/home/runner/workspace/utils/web_scraper.py", line 411
    try:
    ^^^
SyntaxError: expected 'except' or 'finally' block

[2025-04-29T09:28:15.111Z] [ERROR] Error scraping Instagram for Aralie: Command failed: python -c "import sys; sys.path.append('.'); from utils.web_scraper import get_instagram_post; print(get_instagram_post('https://www.instagram.com/jkt48.aralie'))"
Traceback (most recent call last):
  File "<string>", line 1, in <module>
  File "/home/runner/workspace/utils/web_scraper.py", line 411
    try:
    ^^^
SyntaxError: expected 'except' or 'finally' block

[2025-04-29T09:28:15.142Z] [ERROR] Error scraping Instagram for Delynn: Command failed: python -c "import sys; sys.path.append('.'); from utils.web_scraper import get_instagram_post; print(get_instagram_post('https://www.instagram.com/jkt48.delynn'))"
Traceback (most recent call last):
  File "<string>", line 1, in <module>
  File "/home/runner/workspace/utils/web_scraper.py", line 411
    try:
    ^^^
SyntaxError: expected 'except' or 'finally' block

[2025-04-29T09:28:15.181Z] [ERROR] Error scraping Instagram for Virgi: Command failed: python -c "import sys; sys.path.append('.'); from utils.web_scraper import get_instagram_post; print(get_instagram_post('https://www.instagram.com/virgi.jkt48'))"
Traceback (most recent call last):
  File "<string>", line 1, in <module>
  File "/home/runner/workspace/utils/web_scraper.py", line 411
    try:
    ^^^
SyntaxError: expected 'except' or 'finally' block

[2025-04-29T09:28:15.211Z] [ERROR] Error scraping Instagram for Auwia: Command failed: python -c "import sys; sys.path.append('.'); from utils.web_scraper import get_instagram_post; print(get_instagram_post('https://www.instagram.com/auwia.jkt48'))"
Traceback (most recent call last):
  File "<string>", line 1, in <module>
  File "/home/runner/workspace/utils/web_scraper.py", line 411
    try:
    ^^^
SyntaxError: expected 'except' or 'finally' block

[2025-04-29T09:28:15.243Z] [ERROR] Error scraping Instagram for Lana: Command failed: python -c "import sys; sys.path.append('.'); from utils.web_scraper import get_instagram_post; print(get_instagram_post('https://www.instagram.com/jkt48.lana.a'))"
Traceback (most recent call last):
  File "<string>", line 1, in <module>
  File "/home/runner/workspace/utils/web_scraper.py", line 411
    try:
    ^^^
SyntaxError: expected 'except' or 'finally' block

[2025-04-29T09:28:15.272Z] [ERROR] Error scraping Instagram for Rilly: Command failed: python -c "import sys; sys.path.append('.'); from utils.web_scraper import get_instagram_post; print(get_instagram_post('https://www.instagram.com/rilly.jkt48_'))"
Traceback (most recent call last):
  File "<string>", line 1, in <module>
  File "/home/runner/workspace/utils/web_scraper.py", line 411
    try:
    ^^^
SyntaxError: expected 'except' or 'finally' block

[2025-04-29T09:28:15.304Z] [ERROR] Error scraping Instagram for Erine: Command failed: python -c "import sys; sys.path.append('.'); from utils.web_scraper import get_instagram_post; print(get_instagram_post('https://www.instagram.com/jkt48.erine'))"
Traceback (most recent call last):
  File "<string>", line 1, in <module>
  File "/home/runner/workspace/utils/web_scraper.py", line 411
    try:
    ^^^
SyntaxError: expected 'except' or 'finally' block

[2025-04-29T09:28:15.334Z] [ERROR] Error scraping Instagram for Fritzy: Command failed: python -c "import sys; sys.path.append('.'); from utils.web_scraper import get_instagram_post; print(get_instagram_post('https://www.instagram.com/jkt48.fritzy.r'))"
Traceback (most recent call last):
  File "<string>", line 1, in <module>
  File "/home/runner/workspace/utils/web_scraper.py", line 411
    try:
    ^^^
SyntaxError: expected 'except' or 'finally' block

[2025-04-29T09:28:15.366Z] [ERROR] Error scraping Instagram for Giaa: Command failed: python -c "import sys; sys.path.append('.'); from utils.web_scraper import get_instagram_post; print(get_instagram_post('https://www.instagram.com/giaa.jkt48'))"
Traceback (most recent call last):
  File "<string>", line 1, in <module>
  File "/home/runner/workspace/utils/web_scraper.py", line 411
    try:
    ^^^
SyntaxError: expected 'except' or 'finally' block

[2025-04-29T09:28:15.397Z] [ERROR] Error scraping Instagram for Lily: Command failed: python -c "import sys; sys.path.append('.'); from utils.web_scraper import get_instagram_post; print(get_instagram_post('https://www.instagram.com/jkt48.lily'))"
Traceback (most recent call last):
  File "<string>", line 1, in <module>
  File "/home/runner/workspace/utils/web_scraper.py", line 411
    try:
    ^^^
SyntaxError: expected 'except' or 'finally' block

[2025-04-29T09:28:15.430Z] [ERROR] Error scraping Instagram for Maira: Command failed: python -c "import sys; sys.path.append('.'); from utils.web_scraper import get_instagram_post; print(get_instagram_post('https://www.instagram.com/jkt48.maira'))"
Traceback (most recent call last):
  File "<string>", line 1, in <module>
  File "/home/runner/workspace/utils/web_scraper.py", line 411
    try:
    ^^^
SyntaxError: expected 'except' or 'finally' block

[2025-04-29T09:28:15.459Z] [ERROR] Error scraping Instagram for Ekin: Command failed: python -c "import sys; sys.path.append('.'); from utils.web_scraper import get_instagram_post; print(get_instagram_post('https://www.instagram.com/ekin.jkt48'))"
Traceback (most recent call last):
  File "<string>", line 1, in <module>
  File "/home/runner/workspace/utils/web_scraper.py", line 411
    try:
    ^^^
SyntaxError: expected 'except' or 'finally' block

[2025-04-29T09:28:15.492Z] [ERROR] Error scraping Instagram for Trisha: Command failed: python -c "import sys; sys.path.append('.'); from utils.web_scraper import get_instagram_post; print(get_instagram_post('https://www.instagram.com/jkt48.trisha'))"
Traceback (most recent call last):
  File "<string>", line 1, in <module>
  File "/home/runner/workspace/utils/web_scraper.py", line 411
    try:
    ^^^
SyntaxError: expected 'except' or 'finally' block

[2025-04-29T09:28:15.524Z] [ERROR] Error scraping Instagram for Jemima: Command failed: python -c "import sys; sys.path.append('.'); from utils.web_scraper import get_instagram_post; print(get_instagram_post('https://www.instagram.com/jemima.jkt48'))"
Traceback (most recent call last):
  File "<string>", line 1, in <module>
  File "/home/runner/workspace/utils/web_scraper.py", line 411
    try:
    ^^^
SyntaxError: expected 'except' or 'finally' block

[2025-04-29T09:28:15.555Z] [ERROR] Error scraping Instagram for Moreen: Command failed: python -c "import sys; sys.path.append('.'); from utils.web_scraper import get_instagram_post; print(get_instagram_post('https://www.instagram.com/jkt48.moreen'))"
Traceback (most recent call last):
  File "<string>", line 1, in <module>
  File "/home/runner/workspace/utils/web_scraper.py", line 411
    try:
    ^^^
SyntaxError: expected 'except' or 'finally' block

[2025-04-29T09:28:15.585Z] [ERROR] Error scraping Instagram for Levi: Command failed: python -c "import sys; sys.path.append('.'); from utils.web_scraper import get_instagram_post; print(get_instagram_post('https://www.instagram.com/jkt48.levi'))"
Traceback (most recent call last):
  File "<string>", line 1, in <module>
  File "/home/runner/workspace/utils/web_scraper.py", line 411
    try:
    ^^^
SyntaxError: expected 'except' or 'finally' block

[2025-04-29T09:28:15.615Z] [ERROR] Error scraping Instagram for Mikaela: Command failed: python -c "import sys; sys.path.append('.'); from utils.web_scraper import get_instagram_post; print(get_instagram_post('https://www.instagram.com/mikaela.jkt48'))"
Traceback (most recent call last):
  File "<string>", line 1, in <module>
  File "/home/runner/workspace/utils/web_scraper.py", line 411
    try:
    ^^^
SyntaxError: expected 'except' or 'finally' block

[2025-04-29T09:28:15.649Z] [ERROR] Error scraping Instagram for Nayla: Command failed: python -c "import sys; sys.path.append('.'); from utils.web_scraper import get_instagram_post; print(get_instagram_post('https://www.instagram.com/jkt48.nayla.s'))"
Traceback (most recent call last):
  File "<string>", line 1, in <module>
  File "/home/runner/workspace/utils/web_scraper.py", line 411
    try:
    ^^^
SyntaxError: expected 'except' or 'finally' block

[2025-04-29T09:28:15.678Z] [ERROR] Error scraping Instagram for Nachia: Command failed: python -c "import sys; sys.path.append('.'); from utils.web_scraper import get_instagram_post; print(get_instagram_post('https://www.instagram.com/jkt48.nachia.t'))"
Traceback (most recent call last):
  File "<string>", line 1, in <module>
  File "/home/runner/workspace/utils/web_scraper.py", line 411
    try:
    ^^^
SyntaxError: expected 'except' or 'finally' block

[2025-04-29T09:28:15.708Z] [ERROR] Error scraping Instagram for Intan: Command failed: python -c "import sys; sys.path.append('.'); from utils.web_scraper import get_instagram_post; print(get_instagram_post('https://www.instagram.com/intan.jkt48'))"
Traceback (most recent call last):
  File "<string>", line 1, in <module>
  File "/home/runner/workspace/utils/web_scraper.py", line 411
    try:
    ^^^
SyntaxError: expected 'except' or 'finally' block

[2025-04-29T09:28:15.739Z] [ERROR] Error scraping Instagram for Oline: Command failed: python -c "import sys; sys.path.append('.'); from utils.web_scraper import get_instagram_post; print(get_instagram_post('https://www.instagram.com/jkt48.oline'))"
Traceback (most recent call last):
  File "<string>", line 1, in <module>
  File "/home/runner/workspace/utils/web_scraper.py", line 411
    try:
    ^^^
SyntaxError: expected 'except' or 'finally' block

[2025-04-29T09:28:15.768Z] [ERROR] Error scraping Instagram for Regie: Command failed: python -c "import sys; sys.path.append('.'); from utils.web_scraper import get_instagram_post; print(get_instagram_post('https://www.instagram.com/jkt48.regie'))"
Traceback (most recent call last):
  File "<string>", line 1, in <module>
  File "/home/runner/workspace/utils/web_scraper.py", line 411
    try:
    ^^^
SyntaxError: expected 'except' or 'finally' block

[2025-04-29T09:28:15.801Z] [ERROR] Error scraping Instagram for Ribka: Command failed: python -c "import sys; sys.path.append('.'); from utils.web_scraper import get_instagram_post; print(get_instagram_post('https://www.instagram.com/jkt48.ribka'))"
Traceback (most recent call last):
  File "<string>", line 1, in <module>
  File "/home/runner/workspace/utils/web_scraper.py", line 411
    try:
    ^^^
SyntaxError: expected 'except' or 'finally' block

[2025-04-29T09:28:15.832Z] [ERROR] Error scraping Instagram for Nala: Command failed: python -c "import sys; sys.path.append('.'); from utils.web_scraper import get_instagram_post; print(get_instagram_post('https://www.instagram.com/jkt48.nala'))"
Traceback (most recent call last):
  File "<string>", line 1, in <module>
  File "/home/runner/workspace/utils/web_scraper.py", line 411
    try:
    ^^^
SyntaxError: expected 'except' or 'finally' block

[2025-04-29T09:28:15.868Z] [ERROR] Error scraping Instagram for Kimmy: Command failed: python -c "import sys; sys.path.append('.'); from utils.web_scraper import get_instagram_post; print(get_instagram_post('https://www.instagram.com/jkt48.kimmy'))"
Traceback (most recent call last):
  File "<string>", line 1, in <module>
  File "/home/runner/workspace/utils/web_scraper.py", line 411
    try:
    ^^^
SyntaxError: expected 'except' or 'finally' block

[2025-04-29T09:28:15.898Z] [ERROR] Error scraping Instagram for Kanaia: Command failed: python -c "import sys; sys.path.append('.'); from utils.web_scraper import get_instagram_post; print(get_instagram_post('https://www.instagram.com/jkt48v.kanaia'))"
Traceback (most recent call last):
  File "<string>", line 1, in <module>
  File "/home/runner/workspace/utils/web_scraper.py", line 411
    try:
    ^^^
SyntaxError: expected 'except' or 'finally' block

[2025-04-29T09:28:15.928Z] [ERROR] Error scraping Instagram for Pia: Command failed: python -c "import sys; sys.path.append('.'); from utils.web_scraper import get_instagram_post; print(get_instagram_post('https://www.instagram.com/pia.kanaia'))"
Traceback (most recent call last):
  File "<string>", line 1, in <module>
  File "/home/runner/workspace/utils/web_scraper.py", line 411
    try:
    ^^^
SyntaxError: expected 'except' or 'finally' block

[2025-04-29T09:28:15.959Z] [ERROR] Error scraping Instagram for JKT48 Official: Command failed: python -c "import sys; sys.path.append('.'); from utils.web_scraper import get_instagram_post; print(get_instagram_post('https://www.instagram.com/jkt48official'))"
Traceback (most recent call last):
  File "<string>", line 1, in <module>
  File "/home/runner/workspace/utils/web_scraper.py", line 411
    try:
    ^^^
SyntaxError: expected 'except' or 'finally' block

[2025-04-29T09:28:18.234Z] [ERROR] Error scraping YouTube: Command failed: python -c "import sys; sys.path.append('.'); from utils.web_scraper import get_latest_youtube_videos; print(get_latest_youtube_videos('https://youtube.com/@kanaiaasa-jkt48v'))"
Traceback (most recent call last):
  File "<string>", line 1, in <module>
  File "/home/runner/workspace/utils/web_scraper.py", line 411
    try:
    ^^^
SyntaxError: expected 'except' or 'finally' block

[2025-04-29T09:28:18.263Z] [ERROR] Error scraping YouTube: Command failed: python -c "import sys; sys.path.append('.'); from utils.web_scraper import get_latest_youtube_videos; print(get_latest_youtube_videos('https://youtube.com/@piameraleo-jkt48v'))"
Traceback (most recent call last):
  File "<string>", line 1, in <module>
  File "/home/runner/workspace/utils/web_scraper.py", line 411
    try:
    ^^^
SyntaxError: expected 'except' or 'finally' block

[2025-04-29T09:28:18.298Z] [ERROR] Error scraping YouTube: Command failed: python -c "import sys; sys.path.append('.'); from utils.web_scraper import get_latest_youtube_videos; print(get_latest_youtube_videos('https://youtube.com/@OfficialJKT48'))"
Traceback (most recent call last):
  File "<string>", line 1, in <module>
  File "/home/runner/workspace/utils/web_scraper.py", line 411
    try:
    ^^^
SyntaxError: expected 'except' or 'finally' block

[2025-04-29T09:28:18.326Z] [ERROR] Error scraping YouTube: Command failed: python -c "import sys; sys.path.append('.'); from utils.web_scraper import get_latest_youtube_videos; print(get_latest_youtube_videos('https://youtube.com/@jkt48tv'))"
Traceback (most recent call last):
  File "<string>", line 1, in <module>
  File "/home/runner/workspace/utils/web_scraper.py", line 411
    try:
    ^^^
SyntaxError: expected 'except' or 'finally' block

[2025-04-29T09:28:18.362Z] [ERROR] Error scraping YouTube: Command failed: python -c "import sys; sys.path.append('.'); from utils.web_scraper import get_latest_youtube_videos; print(get_latest_youtube_videos('https://youtube.com/@greshantv'))"
Traceback (most recent call last):
  File "<string>", line 1, in <module>
  File "/home/runner/workspace/utils/web_scraper.py", line 411
    try:
    ^^^
SyntaxError: expected 'except' or 'finally' block

[2025-04-29T09:28:18.393Z] [ERROR] Error scraping YouTube: Command failed: python -c "import sys; sys.path.append('.'); from utils.web_scraper import get_latest_youtube_videos; print(get_latest_youtube_videos('https://youtube.com/@kanaiaasa-jkt48v'))"
Traceback (most recent call last):
  File "<string>", line 1, in <module>
  File "/home/runner/workspace/utils/web_scraper.py", line 411
    try:
    ^^^
SyntaxError: expected 'except' or 'finally' block

[2025-04-29T09:28:18.427Z] [ERROR] Error scraping YouTube: Command failed: python -c "import sys; sys.path.append('.'); from utils.web_scraper import get_latest_youtube_videos; print(get_latest_youtube_videos('https://youtube.com/@piameraleo-jkt48v'))"
Traceback (most recent call last):
  File "<string>", line 1, in <module>
  File "/home/runner/workspace/utils/web_scraper.py", line 411
    try:
    ^^^
SyntaxError: expected 'except' or 'finally' block

[2025-04-29T09:28:18.461Z] [ERROR] Error scraping YouTube: Command failed: python -c "import sys; sys.path.append('.'); from utils.web_scraper import get_latest_youtube_videos; print(get_latest_youtube_videos('https://youtube.com/@tananona-jkt48v'))"
Traceback (most recent call last):
  File "<string>", line 1, in <module>
  File "/home/runner/workspace/utils/web_scraper.py", line 411
    try:
    ^^^
SyntaxError: expected 'except' or 'finally' block

[2025-04-29T09:39:39.626Z] [ERROR] Error executing command theaterjkt48: The reply to this interaction has already been sent or deferred.
[2025-04-29T09:39:39.627Z] [ERROR] Error [InteractionAlreadyReplied]: The reply to this interaction has already been sent or deferred.
    at ChatInputCommandInteraction.deferReply (/home/runner/workspace/node_modules/discord.js/src/structures/interfaces/InteractionResponses.js:94:46)
    at execute (/home/runner/workspace/commands/notifications/theaterjkt48.js:14:23)
    at /home/runner/workspace/utils/commandWrapper.js:71:30
    at /home/runner/workspace/utils/commandWrapper.js:71:30
    at process.processTicksAndRejections (node:internal/process/task_queues:95:5)
    at async Object.execute (/home/runner/workspace/events/interactionCreate.js:95:11)
[2025-04-29T09:40:40.194Z] [ERROR] Error executing command botstatus: The reply to this interaction has already been sent or deferred.
[2025-04-29T09:40:40.195Z] [ERROR] Error [InteractionAlreadyReplied]: The reply to this interaction has already been sent or deferred.
    at ChatInputCommandInteraction.deferReply (/home/runner/workspace/node_modules/discord.js/src/structures/interfaces/InteractionResponses.js:94:46)
    at execute (/home/runner/workspace/commands/info/botstatus.js:13:23)
    at /home/runner/workspace/utils/commandWrapper.js:71:30
    at /home/runner/workspace/utils/commandWrapper.js:71:30
    at process.processTicksAndRejections (node:internal/process/task_queues:95:5)
    at async Object.execute (/home/runner/workspace/events/interactionCreate.js:95:11)
[2025-04-29T09:41:09.982Z] [ERROR] Error executing birthdaymemberjkt48 command: {"code":"InteractionAlreadyReplied"}
[2025-04-29T09:41:09.983Z] [ERROR] Error executing command birthdaymemberjkt48: The reply to this interaction has already been sent or deferred.
[2025-04-29T09:41:09.984Z] [ERROR] Error [InteractionAlreadyReplied]: The reply to this interaction has already been sent or deferred.
    at ChatInputCommandInteraction.reply (/home/runner/workspace/node_modules/discord.js/src/structures/interfaces/InteractionResponses.js:163:46)
    at execute (/home/runner/workspace/commands/member/birthdaymemberjkt48.js:106:25)
    at process.processTicksAndRejections (node:internal/process/task_queues:95:5)
    at async /home/runner/workspace/utils/commandWrapper.js:83:7
    at async /home/runner/workspace/utils/commandWrapper.js:83:7
    at async Object.execute (/home/runner/workspace/events/interactionCreate.js:95:11)
[2025-04-29T10:04:38.835Z] [ERROR] Failed to defer reply for botversion: Unknown interaction
[2025-04-29T10:04:38.889Z] [ERROR] Error executing botversion command: {"name":"Error","message":"Received one or more errors"}
[2025-04-29T10:04:38.954Z] [ERROR] Failed to send fallback reply: Interaction has already been acknowledged.
[2025-04-29T10:04:39.026Z] [ERROR] Failed to defer reply for botversion: Interaction has already been acknowledged.
[2025-04-29T10:04:39.108Z] [ERROR] Failed to send fallback reply: Interaction has already been acknowledged.
[2025-04-29T10:04:39.111Z] [ERROR] Error executing botversion command: {"name":"Error","message":"Received one or more errors"}
[2025-04-29T10:04:40.278Z] [ERROR] Error sending reply: {"requestBody":{"files":[],"json":{"type":4,"data":{"content":"Terjadi kesalahan saat menampilkan informasi versi bot.","tts":false,"enforce_nonce":false,"flags":64}}},"rawError":{"message":"Interaction has already been acknowledged.","code":40060},"code":40060,"status":400,"method":"POST","url":"https://discord.com/api/v10/interactions/1366716804873060442/aW50ZXJhY3Rpb246MTM2NjcxNjgwNDg3MzA2MDQ0Mjo5NmVNcG16OUlUY0hNQ0ZFTWRMU0Y5VnJVeHlvaFUzbXJKdlp1SEdjNnU1emRISUJCWXhwNm9OQ0V1YTlibG90YzhKeWNzRmVlRTNjSzdZQWFtOENEcWZYWjZ5bnlLVlRqb2pqQWVrbWdGemZLdzVLRzNSVjVuQVhpUVI4eGtNVQ/callback?with_response=false"}
[2025-04-29T10:04:50.932Z] [ERROR] Failed to defer reply for botversion: Unknown interaction
[2025-04-29T10:04:50.992Z] [ERROR] Error executing botversion command: {"name":"Error","message":"Received one or more errors"}
[2025-04-29T10:04:51.037Z] [ERROR] Failed to send fallback reply: Interaction has already been acknowledged.
[2025-04-29T10:04:51.154Z] [ERROR] Failed to defer reply for botversion: Interaction has already been acknowledged.
[2025-04-29T10:04:51.234Z] [ERROR] Failed to send fallback reply: Interaction has already been acknowledged.
[2025-04-29T10:04:51.236Z] [ERROR] Error executing botversion command: {"name":"Error","message":"Received one or more errors"}
[2025-04-29T10:04:51.334Z] [ERROR] Error sending reply: {"requestBody":{"files":[],"json":{"type":4,"data":{"content":"Terjadi kesalahan saat menampilkan informasi versi bot.","tts":false,"enforce_nonce":false,"flags":64}}},"rawError":{"message":"Interaction has already been acknowledged.","code":40060},"code":40060,"status":400,"method":"POST","url":"https://discord.com/api/v10/interactions/1366716855741452318/aW50ZXJhY3Rpb246MTM2NjcxNjg1NTc0MTQ1MjMxODpVWGNHZ0hNSEpORzlxSzZ5RGhRVFVvRUxHZWhkeUZ4dFd3QWtncDhLVERaU1pmd2dVN0RwdDFOODY1TUdxRnVYOWNqYTJsdW1TQ0FvT1dHa29PdXlyeEdiNW01YldsTzdpc2FPZ09TRmVxcXlsbk1YZ2JkZ0tRcXNsOVhjSjFERA/callback?with_response=false"}
[2025-04-29T10:06:06.797Z] [ERROR] Failed to defer reply for theaterjkt48: Defer reply timeout
[2025-04-29T10:06:14.583Z] [ERROR] Failed to send fallback reply: Unknown interaction
[2025-04-29T10:06:16.168Z] [ERROR] Failed to defer reply for theaterjkt48: Unknown interaction
[2025-04-29T10:06:16.242Z] [ERROR] Failed to send fallback reply: Unknown interaction
[2025-04-29T10:06:16.242Z] [ERROR] Error executing theaterjkt48 command: {}
[2025-04-29T10:06:16.243Z] [ERROR] Error executing command theaterjkt48: The reply to this interaction has not been sent or deferred.
[2025-04-29T10:06:16.243Z] [ERROR] Error [InteractionNotReplied]: The reply to this interaction has not been sent or deferred.
    at ChatInputCommandInteraction.editReply (/home/runner/workspace/node_modules/discord.js/src/structures/interfaces/InteractionResponses.js:247:48)
    at execute (/home/runner/workspace/commands/notifications/theaterjkt48.js:121:25)
    at /home/runner/workspace/utils/commandWrapper.js:80:30
    at process.processTicksAndRejections (node:internal/process/task_queues:95:5)
    at async /home/runner/workspace/utils/commandWrapper.js:92:7
    at async Object.execute (/home/runner/workspace/events/interactionCreate.js:95:11)
[2025-04-29T10:06:16.318Z] [ERROR] Failed to reply with error message: Unknown interaction
[2025-04-29T10:06:17.495Z] [ERROR] Failed to defer reply for theaterjkt48: Defer reply timeout
[2025-04-29T10:06:17.926Z] [ERROR] Failed to send fallback reply: Unknown interaction
[2025-04-29T10:06:18.033Z] [ERROR] Failed to defer reply for theaterjkt48: Unknown interaction
[2025-04-29T10:06:18.110Z] [ERROR] Failed to send fallback reply: Unknown interaction
[2025-04-29T10:06:18.112Z] [ERROR] Error executing theaterjkt48 command: {}
[2025-04-29T10:06:18.112Z] [ERROR] Error executing command theaterjkt48: The reply to this interaction has not been sent or deferred.
[2025-04-29T10:06:18.113Z] [ERROR] Error [InteractionNotReplied]: The reply to this interaction has not been sent or deferred.
    at ChatInputCommandInteraction.editReply (/home/runner/workspace/node_modules/discord.js/src/structures/interfaces/InteractionResponses.js:247:48)
    at execute (/home/runner/workspace/commands/notifications/theaterjkt48.js:121:25)
    at /home/runner/workspace/utils/commandWrapper.js:80:30
    at process.processTicksAndRejections (node:internal/process/task_queues:95:5)
    at async /home/runner/workspace/utils/commandWrapper.js:92:7
    at async Object.execute (/home/runner/workspace/events/interactionCreate.js:95:11)
[2025-04-29T10:06:19.327Z] [ERROR] Failed to reply with error message: Unknown interaction
[2025-04-29T10:22:05.016Z] [ERROR] Failed to generate live preview: Unknown interaction
[2025-04-29T10:22:06.476Z] [ERROR] Failed to defer reply for livememberjkt48: Unknown interaction
[2025-04-29T10:22:06.581Z] [ERROR] Failed to send fallback reply: Unknown interaction
[2025-04-29T10:22:06.582Z] [ERROR] Error executing livememberjkt48 command: {"code":"InteractionNotReplied"}
[2025-04-29T10:22:06.583Z] [ERROR] Error during direct command execution livememberjkt48: The reply to this interaction has not been sent or deferred.
[2025-04-29T10:22:06.583Z] [ERROR] Error executing command livememberjkt48: The reply to this interaction has not been sent or deferred.
[2025-04-29T10:22:06.584Z] [ERROR] Error [InteractionNotReplied]: The reply to this interaction has not been sent or deferred.
    at ChatInputCommandInteraction.editReply (/home/runner/workspace/node_modules/discord.js/src/structures/interfaces/InteractionResponses.js:247:48)
    at execute (/home/runner/workspace/commands/notifications/livememberjkt48.js:114:25)
    at process.processTicksAndRejections (node:internal/process/task_queues:95:5)
    at async Object.execute (/home/runner/workspace/utils/commandWrapper.js:99:24)
    at async Object.execute (/home/runner/workspace/events/interactionCreate.js:104:11)
[2025-04-29T10:22:15.217Z] [ERROR] Failed to reply with error message: Unknown interaction
[2025-04-29T10:22:15.269Z] [ERROR] Failed to generate live preview: Unknown interaction
[2025-04-29T10:22:15.272Z] [ERROR] Failed to generate game preview: Unknown interaction
[2025-04-29T10:22:15.345Z] [ERROR] Failed to defer reply for livememberjkt48: Unknown interaction
[2025-04-29T10:22:15.377Z] [ERROR] Failed to defer reply for gachamemberjkt48: Unknown interaction
[2025-04-29T10:22:15.423Z] [ERROR] Failed to send fallback reply: Unknown interaction
[2025-04-29T10:22:15.427Z] [ERROR] Error executing livememberjkt48 command: {"code":"InteractionNotReplied"}
[2025-04-29T10:22:15.427Z] [ERROR] Error during direct command execution livememberjkt48: The reply to this interaction has not been sent or deferred.
[2025-04-29T10:22:15.428Z] [ERROR] Error executing command livememberjkt48: The reply to this interaction has not been sent or deferred.
[2025-04-29T10:22:15.429Z] [ERROR] Error [InteractionNotReplied]: The reply to this interaction has not been sent or deferred.
    at ChatInputCommandInteraction.editReply (/home/runner/workspace/node_modules/discord.js/src/structures/interfaces/InteractionResponses.js:247:48)
    at execute (/home/runner/workspace/commands/notifications/livememberjkt48.js:114:25)
    at process.processTicksAndRejections (node:internal/process/task_queues:95:5)
    at async Object.execute (/home/runner/workspace/utils/commandWrapper.js:99:24)
    at async Object.execute (/home/runner/workspace/events/interactionCreate.js:104:11)
[2025-04-29T10:22:16.407Z] [ERROR] Failed to generate game preview: Unknown interaction
[2025-04-29T10:22:16.479Z] [ERROR] Failed to defer reply for gachamemberjkt48: Unknown interaction
[2025-04-29T10:22:16.827Z] [ERROR] Failed to send fallback reply: Unknown interaction
[2025-04-29T10:22:16.833Z] [ERROR] Failed to reply with error message: Unknown interaction
[2025-04-29T10:22:16.973Z] [ERROR] Error executing gachamemberjkt48 command: {"requestBody":{"json":{"type":5,"data":{"flags":0}}},"rawError":{"message":"Unknown interaction","code":10062},"code":10062,"status":404,"method":"POST","url":"https://discord.com/api/v10/interactions/1366721212755083314/aW50ZXJhY3Rpb246MTM2NjcyMTIxMjc1NTA4MzMxNDp1NlU1YXl2am9sdkVVc3FWcU84elhTU205R2h4amVpYzlZOW1TOXI4SGJpcFo5NkJDNmpwZ1FKT29Cd2t4cnRjT2hzVUJTU0RRb0tKdTFMM2JTdnBBWTFmSzMzU2tiUDJwTFZUMUVqTFdraWZtT05qdUpHVW1zT1dERGpRdHZTdg/callback?with_response=false"}
[2025-04-29T10:22:17.845Z] [ERROR] Failed to send fallback reply: Unknown interaction
[2025-04-29T10:22:17.925Z] [ERROR] Error executing gachamemberjkt48 command: {"requestBody":{"json":{"type":5,"data":{"flags":0}}},"rawError":{"message":"Unknown interaction","code":10062},"code":10062,"status":404,"method":"POST","url":"https://discord.com/api/v10/interactions/1366721212755083314/aW50ZXJhY3Rpb246MTM2NjcyMTIxMjc1NTA4MzMxNDp1NlU1YXl2am9sdkVVc3FWcU84elhTU205R2h4amVpYzlZOW1TOXI4SGJpcFo5NkJDNmpwZ1FKT29Cd2t4cnRjT2hzVUJTU0RRb0tKdTFMM2JTdnBBWTFmSzMzU2tiUDJwTFZUMUVqTFdraWZtT05qdUpHVW1zT1dERGpRdHZTdg/callback?with_response=false"}
[2025-04-29T10:22:18.014Z] [ERROR] Failed to send error response: {"requestBody":{"files":[],"json":{"type":4,"data":{"content":"Terjadi kesalahan saat melakukan gacha. Silakan coba lagi.","tts":false,"enforce_nonce":false,"flags":64}}},"rawError":{"message":"Unknown interaction","code":10062},"code":10062,"status":404,"method":"POST","url":"https://discord.com/api/v10/interactions/1366721212755083314/aW50ZXJhY3Rpb246MTM2NjcyMTIxMjc1NTA4MzMxNDp1NlU1YXl2am9sdkVVc3FWcU84elhTU205R2h4amVpYzlZOW1TOXI4SGJpcFo5NkJDNmpwZ1FKT29Cd2t4cnRjT2hzVUJTU0RRb0tKdTFMM2JTdnBBWTFmSzMzU2tiUDJwTFZUMUVqTFdraWZtT05qdUpHVW1zT1dERGpRdHZTdg/callback?with_response=false"}
[2025-04-29T10:22:18.146Z] [ERROR] Failed to send error response: {"requestBody":{"files":[],"json":{"type":4,"data":{"content":"Terjadi kesalahan saat melakukan gacha. Silakan coba lagi.","tts":false,"enforce_nonce":false,"flags":64}}},"rawError":{"message":"Unknown interaction","code":10062},"code":10062,"status":404,"method":"POST","url":"https://discord.com/api/v10/interactions/1366721212755083314/aW50ZXJhY3Rpb246MTM2NjcyMTIxMjc1NTA4MzMxNDp1NlU1YXl2am9sdkVVc3FWcU84elhTU205R2h4amVpYzlZOW1TOXI4SGJpcFo5NkJDNmpwZ1FKT29Cd2t4cnRjT2hzVUJTU0RRb0tKdTFMM2JTdnBBWTFmSzMzU2tiUDJwTFZUMUVqTFdraWZtT05qdUpHVW1zT1dERGpRdHZTdg/callback?with_response=false"}
[2025-04-29T10:22:21.589Z] [ERROR] Error executing gachamemberjkt48 command: {"code":"InteractionAlreadyReplied"}
[2025-04-29T10:22:22.510Z] [ERROR] Failed to generate game preview: Unknown interaction
[2025-04-29T10:22:22.597Z] [ERROR] Failed to defer reply for gachamemberjkt48: Interaction has already been acknowledged.
[2025-04-29T10:22:22.690Z] [ERROR] Failed to send fallback reply: Interaction has already been acknowledged.
[2025-04-29T10:22:23.890Z] [ERROR] Error executing gachamemberjkt48 command: {"requestBody":{"json":{"type":5,"data":{"flags":0}}},"rawError":{"message":"Interaction has already been acknowledged.","code":40060},"code":40060,"status":400,"method":"POST","url":"https://discord.com/api/v10/interactions/1366721260679335936/aW50ZXJhY3Rpb246MTM2NjcyMTI2MDY3OTMzNTkzNjo3ZmpNVG1vbzlHSXVHYmo1WVFPZ0tXc0xhcHlSMllFVFk5QnNNMTYzQ2JWT1hxNDFjUjJkcW9tT1NkaDd5Z3hLYnMzdlQzOFB1SXhNWHl6Q1dCVkRTSzdRWTBXY0FDbVptQ0pSQzFTUUNlbWZ0VnRQTjJWQ3k0UXBpdTh1UEhEbQ/callback?with_response=false"}
[2025-04-29T10:22:23.971Z] [ERROR] Failed to send error response: {"requestBody":{"files":[],"json":{"type":4,"data":{"content":"Terjadi kesalahan saat melakukan gacha. Silakan coba lagi.","tts":false,"enforce_nonce":false,"flags":64}}},"rawError":{"message":"Interaction has already been acknowledged.","code":40060},"code":40060,"status":400,"method":"POST","url":"https://discord.com/api/v10/interactions/1366721260679335936/aW50ZXJhY3Rpb246MTM2NjcyMTI2MDY3OTMzNTkzNjo3ZmpNVG1vbzlHSXVHYmo1WVFPZ0tXc0xhcHlSMllFVFk5QnNNMTYzQ2JWT1hxNDFjUjJkcW9tT1NkaDd5Z3hLYnMzdlQzOFB1SXhNWHl6Q1dCVkRTSzdRWTBXY0FDbVptQ0pSQzFTUUNlbWZ0VnRQTjJWQ3k0UXBpdTh1UEhEbQ/callback?with_response=false"}
[2025-04-29T10:22:54.058Z] [ERROR] Failed to generate birthday preview: Unknown interaction
[2025-04-29T10:22:54.130Z] [ERROR] Failed to defer reply for birthdaymemberjkt48: Interaction has already been acknowledged.
[2025-04-29T10:22:54.204Z] [ERROR] Failed to send fallback reply: Interaction has already been acknowledged.
[2025-04-29T10:22:54.206Z] [ERROR] Error executing birthdaymemberjkt48 command: {"code":"InteractionNotReplied"}
[2025-04-29T10:22:54.268Z] [ERROR] Error during direct command execution birthdaymemberjkt48: Interaction has already been acknowledged.
[2025-04-29T10:22:54.269Z] [ERROR] Error executing command birthdaymemberjkt48: Interaction has already been acknowledged.
[2025-04-29T10:22:54.270Z] [ERROR] DiscordAPIError[40060]: Interaction has already been acknowledged.
    at handleErrors (/home/runner/workspace/node_modules/@discordjs/rest/dist/index.js:748:13)
    at process.processTicksAndRejections (node:internal/process/task_queues:95:5)
    at async BurstHandler.runRequest (/home/runner/workspace/node_modules/@discordjs/rest/dist/index.js:852:23)
    at async _REST.request (/home/runner/workspace/node_modules/@discordjs/rest/dist/index.js:1293:22)
    at async ChatInputCommandInteraction.reply (/home/runner/workspace/node_modules/discord.js/src/structures/interfaces/InteractionResponses.js:194:22)
    at async execute (/home/runner/workspace/commands/member/birthdaymemberjkt48.js:112:9)
    at async Object.execute (/home/runner/workspace/utils/commandWrapper.js:99:24)
    at async Object.execute (/home/runner/workspace/events/interactionCreate.js:104:11)
[2025-04-29T10:22:55.462Z] [ERROR] Failed to reply with error message: Interaction has already been acknowledged.
[2025-04-29T10:23:21.528Z] [ERROR] Failed to send preview for graduatedmemberjkt48: Interaction has already been acknowledged.
[2025-04-29T10:23:21.626Z] [ERROR] Failed to defer reply for graduatedmemberjkt48: Interaction has already been acknowledged.
[2025-04-29T10:23:21.692Z] [ERROR] Failed to send fallback reply: Interaction has already been acknowledged.
[2025-04-29T10:23:23.128Z] [ERROR] Error executing graduatedmemberjkt48 command: {"requestBody":{"files":[],"json":{"type":4,"data":{"tts":false,"enforce_nonce":false,"embeds":[{"color":16736768,"author":{"name":"𝙽𝙰𝚁𝙰𝚁𝚈𝙰 𝙶𝙰𝚁𝙰𝙶𝙴 𝙱𝙾𝚃","icon_url":"https://media.discordapp.net/attachments/1297153787454296074/1341294189337378849/480416095_926454325972260_2363408671788321894_n.jpg?ex=67dd060e&is=67dbb48e&hm=505d9ed1abe771e3f387a74175e08fde512de339d6fcf7cb4ca3e36a8f008cb4&"},"footer":{"text":"Total: 6 member graduated","icon_url":"https://cdn.discordapp.com/avatars/1352565363698700348/50b5ebc0bf403804f631e5ba1d27e07b.webp"},"timestamp":"2025-04-29T10:23:21.696Z","title":"Member JKT48 yang Sudah Graduated","description":"Berikut adalah daftar member JKT48 yang sudah lulus (graduated):","fields":[{"name":"Generasi 1 (4 member)","value":"• **Melody Nurramdhani Laksani** (Melody)\n  🎭 Team J\n  📅 Lulus: 21 April 2018\n\n• **Melody Nurramdhani Laksani** (Melody)\n  🎭 Team J\n  📅 Lulus: 21 April 2018\n\n• **Jessica Veranda Tanumihardja** (JKT48)\n  🎭 Team J\n  📅 Lulus: 2 April 2016\n\n• **Jessica Veranda Tanumihardja** (JKT48)\n  🎭 Team J\n  📅 Lulus: 2 April 2016\n\n"},{"name":"Generasi 2 (2 member)","value":"• **Nabilah Ratna Ayu Azalia** (Nabilah)\n  🎭 Team J\n  📅 Lulus: 27 Desember 2019\n\n• **Nabilah Ratna Ayu Azalia** (Nabilah)\n  🎭 Team J\n  📅 Lulus: 27 Desember 2019\n\n"}]}],"components":[{"type":1,"components":[{"type":2,"custom_id":"gen_filter_all","label":"Semua","style":1},{"type":2,"custom_id":"gen_filter_1","label":"Gen 1","style":2},{"type":2,"custom_id":"gen_filter_2","label":"Gen 2","style":2}]}]}}},"rawError":{"message":"Interaction has already been acknowledged.","code":40060},"code":40060,"status":400,"method":"POST","url":"https://discord.com/api/v10/interactions/1366721512522125323/aW50ZXJhY3Rpb246MTM2NjcyMTUxMjUyMjEyNTMyMzpwMlRub1NHdjF1WFVGZGZ1UUdTS1RuaUxScEo1MVZVeHpQU3hEYVkwSkdMMUkwbHhRV21wc1piRjJqT0RnNXBEczNwaExidGpYTFUxdkNySmFIRGZEM0thbmhzbFYxNXlzaWJaTzR3b1FYMTh6N1lNOWdmcFJWOU5DVlZKamJqVw/callback?with_response=false"}
[2025-04-29T10:23:23.202Z] [ERROR] Error during direct command execution graduatedmemberjkt48: Interaction has already been acknowledged.
[2025-04-29T10:23:23.203Z] [ERROR] Error executing command graduatedmemberjkt48: Interaction has already been acknowledged.
[2025-04-29T10:23:23.204Z] [ERROR] DiscordAPIError[40060]: Interaction has already been acknowledged.
    at handleErrors (/home/runner/workspace/node_modules/@discordjs/rest/dist/index.js:748:13)
    at process.processTicksAndRejections (node:internal/process/task_queues:95:5)
    at async BurstHandler.runRequest (/home/runner/workspace/node_modules/@discordjs/rest/dist/index.js:852:23)
    at async _REST.request (/home/runner/workspace/node_modules/@discordjs/rest/dist/index.js:1293:22)
    at async ChatInputCommandInteraction.reply (/home/runner/workspace/node_modules/discord.js/src/structures/interfaces/InteractionResponses.js:194:22)
    at async execute (/home/runner/workspace/commands/member/graduatedmemberjkt48.js:184:7)
    at async Object.execute (/home/runner/workspace/utils/commandWrapper.js:99:24)
    at async Object.execute (/home/runner/workspace/events/interactionCreate.js:104:11)
[2025-04-29T10:23:23.301Z] [ERROR] Failed to reply with error message: Interaction has already been acknowledged.
[2025-04-29T10:23:23.938Z] [ERROR] Error executing graduatedmemberjkt48 command: {"code":"InteractionAlreadyReplied"}
[2025-04-29T10:23:23.941Z] [ERROR] Error during direct command execution graduatedmemberjkt48: The reply to this interaction has already been sent or deferred.
[2025-04-29T10:23:23.943Z] [ERROR] Error executing command graduatedmemberjkt48: The reply to this interaction has already been sent or deferred.
[2025-04-29T10:23:23.945Z] [ERROR] Error [InteractionAlreadyReplied]: The reply to this interaction has already been sent or deferred.
    at ChatInputCommandInteraction.reply (/home/runner/workspace/node_modules/discord.js/src/structures/interfaces/InteractionResponses.js:163:46)
    at execute (/home/runner/workspace/commands/member/graduatedmemberjkt48.js:184:25)
    at process.processTicksAndRejections (node:internal/process/task_queues:95:5)
    at async Object.execute (/home/runner/workspace/utils/commandWrapper.js:99:24)
    at async Object.execute (/home/runner/workspace/events/interactionCreate.js:104:11)
[2025-04-29T10:23:45.481Z] [ERROR] Failed to send preview for botstatus: Interaction has already been acknowledged.
[2025-04-29T10:23:45.583Z] [ERROR] Failed to defer reply for botstatus: Interaction has already been acknowledged.
[2025-04-29T10:23:46.918Z] [ERROR] Failed to send fallback reply: Interaction has already been acknowledged.
[2025-04-29T10:23:47.495Z] [ERROR] Error executing botstatus command: {"code":"InteractionNotReplied"}
[2025-04-29T10:23:47.495Z] [ERROR] Error during direct command execution botstatus: The reply to this interaction has not been sent or deferred.
[2025-04-29T10:23:47.495Z] [ERROR] Error executing command botstatus: The reply to this interaction has not been sent or deferred.
[2025-04-29T10:23:47.495Z] [ERROR] Error [InteractionNotReplied]: The reply to this interaction has not been sent or deferred.
    at ChatInputCommandInteraction.editReply (/home/runner/workspace/node_modules/discord.js/src/structures/interfaces/InteractionResponses.js:247:48)
    at execute (/home/runner/workspace/commands/info/botstatus.js:91:25)
    at process.processTicksAndRejections (node:internal/process/task_queues:95:5)
    at async Object.execute (/home/runner/workspace/utils/commandWrapper.js:99:24)
    at async Object.execute (/home/runner/workspace/events/interactionCreate.js:104:11)
[2025-04-29T10:23:47.598Z] [ERROR] Failed to reply with error message: Interaction has already been acknowledged.
[2025-04-29T10:23:54.099Z] [ERROR] Failed to send preview for botversion: Interaction has already been acknowledged.
[2025-04-29T10:23:54.171Z] [ERROR] Failed to defer reply for botversion: Interaction has already been acknowledged.
[2025-04-29T10:23:54.195Z] [ERROR] Error executing botversion command: {"name":"Error","message":"Received one or more errors"}
[2025-04-29T10:23:54.236Z] [ERROR] Failed to send fallback reply: Interaction has already been acknowledged.
[2025-04-29T10:23:54.238Z] [ERROR] Error executing botversion command: {"name":"Error","message":"Received one or more errors"}
[2025-04-29T10:23:54.408Z] [ERROR] Error sending reply: {"requestBody":{"files":[],"json":{"type":4,"data":{"content":"Terjadi kesalahan saat menampilkan informasi versi bot.","tts":false,"enforce_nonce":false,"flags":64}}},"rawError":{"message":"Interaction has already been acknowledged.","code":40060},"code":40060,"status":400,"method":"POST","url":"https://discord.com/api/v10/interactions/1366721649122086933/aW50ZXJhY3Rpb246MTM2NjcyMTY0OTEyMjA4NjkzMzp3R1ltM0l2eDN2b3pHREhBSmVUZHZFck9nZjR6RHl0c1lvcmtFYVZobWVLQTRVQjRkWXdJYnBUSkJZVzhzRVA0Z3dpY2pXQ0x2TnBGeDVBMnVWbk1iTXdySFhqWlRWUlFJVnVCZzhZaE50SWxOOGNoSHRBWTJJeE9ERkJ6dVVvRw/callback?with_response=false"}
[2025-04-29T10:48:18.295Z] [ERROR] Channel not found for ID: 1352331088172941447
[2025-04-29T10:48:18.466Z] [ERROR] Channel not found for ID: 1352331088172941447
[2025-04-29T10:48:19.451Z] [ERROR] Channel not found for ID: 1352331088172941447
[2025-04-29T10:48:19.603Z] [ERROR] Channel not found for ID: 1352331088172941447
[2025-04-29T10:48:20.598Z] [ERROR] Channel not found for ID: 1352331088172941447
[2025-04-29T10:48:20.736Z] [ERROR] Channel not found for ID: 1352331088172941447
[2025-04-29T10:48:21.702Z] [ERROR] Channel not found for ID: 1352331088172941447
[2025-04-29T10:48:21.829Z] [ERROR] Channel not found for ID: 1352331088172941447
[2025-04-29T10:48:23.052Z] [ERROR] Channel not found for ID: 1352331088172941447
[2025-04-29T10:48:23.250Z] [ERROR] Channel not found for ID: 1352331088172941447
[2025-04-29T10:48:24.344Z] [ERROR] Channel not found for ID: 1352331088172941447
[2025-04-29T10:48:24.452Z] [ERROR] Channel not found for ID: 1352331088172941447
[2025-04-29T10:48:24.619Z] [ERROR] Channel not found for ID: 1352331088172941447
[2025-04-29T10:48:25.475Z] [ERROR] Channel not found for ID: 1352331088172941447
[2025-04-29T10:48:25.554Z] [ERROR] Channel not found for ID: 1352331088172941447
[2025-04-29T10:48:25.727Z] [ERROR] Channel not found for ID: 1352331088172941447
[2025-04-29T10:48:26.610Z] [ERROR] Channel not found for ID: 1352331088172941447
[2025-04-29T10:48:26.698Z] [ERROR] Channel not found for ID: 1352331088172941447
[2025-04-29T10:48:26.878Z] [ERROR] Channel not found for ID: 1352331088172941447
[2025-04-29T10:48:27.799Z] [ERROR] Channel not found for ID: 1352331088172941447
[2025-04-29T10:48:27.912Z] [ERROR] Channel not found for ID: 1352331088172941447
[2025-04-29T10:48:28.187Z] [ERROR] Channel not found for ID: 1352331088172941447
[2025-04-29T10:48:29.327Z] [ERROR] Channel not found for ID: 1352331088172941447
[2025-04-29T10:48:29.611Z] [ERROR] Channel not found for ID: 1352331088172941447
[2025-04-29T10:48:30.430Z] [ERROR] Channel not found for ID: 1352331088172941447
[2025-04-29T10:48:30.741Z] [ERROR] Channel not found for ID: 1352331088172941447
[2025-04-29T10:48:31.498Z] [ERROR] Channel not found for ID: 1352331088172941447
[2025-04-29T10:48:31.807Z] [ERROR] Channel not found for ID: 1352331088172941447
[2025-04-29T10:49:31.187Z] [ERROR] Failed to fetch JKT48_Alya after 2 attempts: Invalid URL
[2025-04-29T10:49:31.896Z] [ERROR] Failed to fetch JKT48_Alya after 2 attempts: Invalid URL
[2025-04-29T10:49:32.188Z] [ERROR] Failed to fetch JKT48_Amanda after 2 attempts: Invalid URL
[2025-04-29T10:49:32.903Z] [ERROR] Failed to fetch JKT48_Amanda after 2 attempts: Invalid URL
[2025-04-29T10:49:33.190Z] [ERROR] Failed to fetch JKT48_Christy after 2 attempts: Invalid URL
[2025-04-29T10:49:33.905Z] [ERROR] Failed to fetch JKT48_Christy after 2 attempts: Invalid URL
[2025-04-29T10:49:34.192Z] [ERROR] Failed to fetch JKT48_Anindya after 2 attempts: Invalid URL
[2025-04-29T10:49:35.195Z] [ERROR] Failed to fetch JKT48_Lia after 2 attempts: Invalid URL
[2025-04-29T10:49:36.197Z] [ERROR] Failed to fetch JKT48_Cathy after 2 attempts: Invalid URL
[2025-04-29T10:49:37.199Z] [ERROR] Failed to fetch JKT48_Elin after 2 attempts: Invalid URL
[2025-04-29T10:49:38.202Z] [ERROR] Failed to fetch JKT48_Chelsea after 2 attempts: Invalid URL
[2025-04-29T10:49:39.207Z] [ERROR] Failed to fetch JKT48_Oniel after 2 attempts: Invalid URL
[2025-04-29T10:49:40.210Z] [ERROR] Failed to fetch JKT48_Cynthia after 2 attempts: Invalid URL
[2025-04-29T10:49:41.211Z] [ERROR] Failed to fetch JKT48_Danella after 2 attempts: Invalid URL
[2025-04-29T10:49:42.215Z] [ERROR] Failed to fetch JKT48_Daisy after 2 attempts: Invalid URL
[2025-04-29T10:49:43.217Z] [ERROR] Failed to fetch JKT48_Olla after 2 attempts: Invalid URL
[2025-04-29T10:50:31.727Z] [ERROR] Failed to fetch JKT48_Alya after 2 attempts: Invalid URL
[2025-04-29T10:50:31.776Z] [ERROR] Failed to fetch JKT48_Alya after 2 attempts: Invalid URL
[2025-04-29T10:50:32.731Z] [ERROR] Failed to fetch JKT48_Amanda after 2 attempts: Invalid URL
[2025-04-29T10:50:32.778Z] [ERROR] Failed to fetch JKT48_Amanda after 2 attempts: Invalid URL
[2025-04-29T10:50:33.733Z] [ERROR] Failed to fetch JKT48_Christy after 2 attempts: Invalid URL
[2025-04-29T10:50:34.737Z] [ERROR] Failed to fetch JKT48_Anindya after 2 attempts: Invalid URL
[2025-04-29T10:50:35.743Z] [ERROR] Failed to fetch JKT48_Lia after 2 attempts: Invalid URL
[2025-04-29T10:50:36.745Z] [ERROR] Failed to fetch JKT48_Cathy after 2 attempts: Invalid URL
[2025-04-29T10:50:37.747Z] [ERROR] Failed to fetch JKT48_Elin after 2 attempts: Invalid URL
[2025-04-29T10:50:38.750Z] [ERROR] Failed to fetch JKT48_Chelsea after 2 attempts: Invalid URL
[2025-04-29T10:50:39.754Z] [ERROR] Failed to fetch JKT48_Oniel after 2 attempts: Invalid URL
[2025-04-29T10:50:40.756Z] [ERROR] Failed to fetch JKT48_Cynthia after 2 attempts: Invalid URL
[2025-04-29T10:50:41.758Z] [ERROR] Failed to fetch JKT48_Danella after 2 attempts: Invalid URL
[2025-04-29T10:50:42.759Z] [ERROR] Failed to fetch JKT48_Daisy after 2 attempts: Invalid URL
[2025-04-29T10:50:43.762Z] [ERROR] Failed to fetch JKT48_Olla after 2 attempts: Invalid URL
[2025-04-29T10:50:44.763Z] [ERROR] Failed to fetch JKT48_Feni after 2 attempts: Invalid URL
[2025-04-29T10:50:45.772Z] [ERROR] Failed to fetch JKT48_Fiony after 2 attempts: Invalid URL
[2025-04-29T10:50:46.776Z] [ERROR] Failed to fetch JKT48_Freya after 2 attempts: Invalid URL
[2025-04-29T10:51:01.200Z] [ERROR] Failed to fetch 318697 after 2 attempts: Invalid URL
[2025-04-29T10:51:01.800Z] [ERROR] Failed to fetch 318697 after 2 attempts: Invalid URL
[2025-04-29T10:51:02.202Z] [ERROR] Failed to fetch JKT48_Amanda after 2 attempts: Invalid URL
[2025-04-29T10:51:02.802Z] [ERROR] Failed to fetch JKT48_Amanda after 2 attempts: Invalid URL
[2025-04-29T10:51:03.204Z] [ERROR] Failed to fetch JKT48_Christy after 2 attempts: Invalid URL
[2025-04-29T10:51:03.804Z] [ERROR] Failed to fetch JKT48_Christy after 2 attempts: Invalid URL
[2025-04-29T10:51:04.207Z] [ERROR] Failed to fetch JKT48_Anindya after 2 attempts: Invalid URL
[2025-04-29T10:51:04.807Z] [ERROR] Failed to fetch JKT48_Anindya after 2 attempts: Invalid URL
[2025-04-29T10:51:05.209Z] [ERROR] Failed to fetch JKT48_Lia after 2 attempts: Invalid URL
[2025-04-29T10:51:05.813Z] [ERROR] Failed to fetch JKT48_Lia after 2 attempts: Invalid URL
[2025-04-29T10:51:06.210Z] [ERROR] Failed to fetch JKT48_Cathy after 2 attempts: Invalid URL
[2025-04-29T10:51:06.814Z] [ERROR] Failed to fetch JKT48_Cathy after 2 attempts: Invalid URL
[2025-04-29T10:51:07.212Z] [ERROR] Failed to fetch JKT48_Elin after 2 attempts: Invalid URL
[2025-04-29T10:51:07.817Z] [ERROR] Failed to fetch JKT48_Elin after 2 attempts: Invalid URL
[2025-04-29T10:51:08.214Z] [ERROR] Failed to fetch JKT48_Chelsea after 2 attempts: Invalid URL
[2025-04-29T10:51:08.819Z] [ERROR] Failed to fetch JKT48_Chelsea after 2 attempts: Invalid URL
[2025-04-29T10:51:09.215Z] [ERROR] Failed to fetch JKT48_Oniel after 2 attempts: Invalid URL
[2025-04-29T10:51:09.820Z] [ERROR] Failed to fetch JKT48_Oniel after 2 attempts: Invalid URL
[2025-04-29T10:51:10.216Z] [ERROR] Failed to fetch JKT48_Cynthia after 2 attempts: Invalid URL
[2025-04-29T10:51:10.822Z] [ERROR] Failed to fetch JKT48_Cynthia after 2 attempts: Invalid URL
[2025-04-29T10:51:11.217Z] [ERROR] Failed to fetch JKT48_Danella after 2 attempts: Invalid URL
[2025-04-29T10:51:11.823Z] [ERROR] Failed to fetch JKT48_Danella after 2 attempts: Invalid URL
[2025-04-29T10:51:12.218Z] [ERROR] Failed to fetch JKT48_Daisy after 2 attempts: Invalid URL
[2025-04-29T10:51:12.824Z] [ERROR] Failed to fetch JKT48_Daisy after 2 attempts: Invalid URL
[2025-04-29T10:51:13.219Z] [ERROR] Failed to fetch JKT48_Olla after 2 attempts: Invalid URL
[2025-04-29T10:51:13.826Z] [ERROR] Failed to fetch JKT48_Olla after 2 attempts: Invalid URL
[2025-04-29T10:51:14.221Z] [ERROR] Failed to fetch JKT48_Feni after 2 attempts: Invalid URL
[2025-04-29T10:51:14.827Z] [ERROR] Failed to fetch JKT48_Feni after 2 attempts: Invalid URL
[2025-04-29T10:51:15.222Z] [ERROR] Failed to fetch JKT48_Fiony after 2 attempts: Invalid URL
[2025-04-29T10:51:15.828Z] [ERROR] Failed to fetch JKT48_Fiony after 2 attempts: Invalid URL
[2025-04-29T10:51:16.222Z] [ERROR] Failed to fetch JKT48_Freya after 2 attempts: Invalid URL
[2025-04-29T10:51:16.830Z] [ERROR] Failed to fetch JKT48_Freya after 2 attempts: Invalid URL
[2025-04-29T10:51:17.224Z] [ERROR] Failed to fetch JKT48_Ella after 2 attempts: Invalid URL
[2025-04-29T10:51:17.831Z] [ERROR] Failed to fetch JKT48_Ella after 2 attempts: Invalid URL
[2025-04-29T10:51:18.225Z] [ERROR] Failed to fetch JKT48_Gendis after 2 attempts: Invalid URL
[2025-04-29T10:51:18.832Z] [ERROR] Failed to fetch JKT48_Gendis after 2 attempts: Invalid URL
[2025-04-29T10:51:19.226Z] [ERROR] Failed to fetch JKT48_Gita after 2 attempts: Invalid URL
[2025-04-29T10:51:19.835Z] [ERROR] Failed to fetch JKT48_Gita after 2 attempts: Invalid URL
[2025-04-29T10:51:20.228Z] [ERROR] Failed to fetch JKT48_Gracie after 2 attempts: Invalid URL
[2025-04-29T10:51:20.837Z] [ERROR] Failed to fetch JKT48_Gracie after 2 attempts: Invalid URL
[2025-04-29T10:51:21.228Z] [ERROR] Failed to fetch JKT48_Greesel after 2 attempts: Invalid URL
[2025-04-29T10:51:21.838Z] [ERROR] Failed to fetch JKT48_Greesel after 2 attempts: Invalid URL
[2025-04-29T10:51:22.230Z] [ERROR] Failed to fetch JKT48_Eli after 2 attempts: Invalid URL
[2025-04-29T10:51:22.839Z] [ERROR] Failed to fetch JKT48_Eli after 2 attempts: Invalid URL
[2025-04-29T10:51:23.233Z] [ERROR] Failed to fetch JKT48_Indah after 2 attempts: Invalid URL
[2025-04-29T10:51:23.841Z] [ERROR] Failed to fetch JKT48_Indah after 2 attempts: Invalid URL
[2025-04-29T10:51:24.843Z] [ERROR] Failed to fetch JKT48_Indira after 2 attempts: Invalid URL
[2025-04-29T10:51:25.845Z] [ERROR] Failed to fetch rJKT48_Jessi after 2 attempts: Invalid URL
[2025-04-29T10:51:26.848Z] [ERROR] Failed to fetch JKT48_Kathrina after 2 attempts: Invalid URL
[2025-04-29T10:52:38.261Z] [ERROR] Channel not found for ID: 1352331088172941447
[2025-04-29T10:52:39.356Z] [ERROR] Channel not found for ID: 1352331088172941447
[2025-04-29T10:52:40.471Z] [ERROR] Channel not found for ID: 1352331088172941447
[2025-04-29T10:52:41.596Z] [ERROR] Channel not found for ID: 1352331088172941447
[2025-04-29T10:52:41.716Z] [ERROR] Channel not found for ID: 1352331088172941447
[2025-04-29T10:52:42.691Z] [ERROR] Channel not found for ID: 1352331088172941447
[2025-04-29T10:52:42.777Z] [ERROR] Channel not found for ID: 1352331088172941447
[2025-04-29T10:52:43.811Z] [ERROR] Channel not found for ID: 1352331088172941447
[2025-04-29T10:52:43.923Z] [ERROR] Channel not found for ID: 1352331088172941447
[2025-04-29T10:52:45.078Z] [ERROR] Channel not found for ID: 1352331088172941447
[2025-04-29T10:52:45.164Z] [ERROR] Channel not found for ID: 1352331088172941447
[2025-04-29T10:52:46.320Z] [ERROR] Channel not found for ID: 1352331088172941447
[2025-04-29T10:52:46.447Z] [ERROR] Channel not found for ID: 1352331088172941447
[2025-04-29T10:52:47.447Z] [ERROR] Channel not found for ID: 1352331088172941447
[2025-04-29T10:52:47.588Z] [ERROR] Channel not found for ID: 1352331088172941447
[2025-04-29T10:52:48.572Z] [ERROR] Channel not found for ID: 1352331088172941447
[2025-04-29T10:52:48.881Z] [ERROR] Channel not found for ID: 1352331088172941447
[2025-04-29T10:52:49.858Z] [ERROR] Channel not found for ID: 1352331088172941447
[2025-04-29T10:52:50.277Z] [ERROR] Channel not found for ID: 1352331088172941447
[2025-04-29T10:52:51.151Z] [ERROR] Channel not found for ID: 1352331088172941447
[2025-04-29T10:52:51.651Z] [ERROR] Channel not found for ID: 1352331088172941447
[2025-04-29T10:52:52.338Z] [ERROR] Channel not found for ID: 1352331088172941447
[2025-04-29T10:52:52.728Z] [ERROR] Channel not found for ID: 1352331088172941447
[2025-04-29T10:52:53.451Z] [ERROR] Channel not found for ID: 1352331088172941447
[2025-04-29T10:52:53.814Z] [ERROR] Channel not found for ID: 1352331088172941447
[2025-04-29T10:52:54.527Z] [ERROR] Channel not found for ID: 1352331088172941447
[2025-04-29T10:52:54.879Z] [ERROR] Channel not found for ID: 1352331088172941447
[2025-04-29T10:52:55.585Z] [ERROR] Channel not found for ID: 1352331088172941447
[2025-04-29T10:52:55.980Z] [ERROR] Channel not found for ID: 1352331088172941447
[2025-04-29T10:52:56.736Z] [ERROR] Channel not found for ID: 1352331088172941447
[2025-04-29T10:52:57.085Z] [ERROR] Channel not found for ID: 1352331088172941447
[2025-04-29T10:52:57.826Z] [ERROR] Channel not found for ID: 1352331088172941447
[2025-04-29T10:52:58.226Z] [ERROR] Channel not found for ID: 1352331088172941447
[2025-04-29T10:52:59.020Z] [ERROR] Channel not found for ID: 1352331088172941447
[2025-04-29T10:52:59.376Z] [ERROR] Channel not found for ID: 1352331088172941447
[2025-04-29T10:53:00.273Z] [ERROR] Channel not found for ID: 1352331088172941447
[2025-04-29T10:53:00.660Z] [ERROR] Channel not found for ID: 1352331088172941447
[2025-04-29T10:53:01.383Z] [ERROR] Channel not found for ID: 1352331088172941447
[2025-04-29T10:53:01.738Z] [ERROR] Channel not found for ID: 1352331088172941447
[2025-04-29T10:53:02.473Z] [ERROR] Channel not found for ID: 1352331088172941447
[2025-04-29T10:53:02.844Z] [ERROR] Channel not found for ID: 1352331088172941447
[2025-04-29T10:53:03.641Z] [ERROR] Channel not found for ID: 1352331088172941447
[2025-04-29T10:53:03.993Z] [ERROR] Channel not found for ID: 1352331088172941447
[2025-04-29T10:53:04.784Z] [ERROR] Channel not found for ID: 1352331088172941447
[2025-04-29T10:53:05.167Z] [ERROR] Channel not found for ID: 1352331088172941447
[2025-04-29T10:53:05.834Z] [ERROR] Channel not found for ID: 1352331088172941447
[2025-04-29T10:53:06.265Z] [ERROR] Channel not found for ID: 1352331088172941447
[2025-04-29T10:53:07.189Z] [ERROR] Channel not found for ID: 1352331088172941447
[2025-04-29T10:53:07.751Z] [ERROR] Channel not found for ID: 1352331088172941447
[2025-04-29T10:53:08.724Z] [ERROR] Channel not found for ID: 1352331088172941447
[2025-04-29T10:53:09.223Z] [ERROR] Channel not found for ID: 1352331088172941447
[2025-04-29T10:53:10.107Z] [ERROR] Channel not found for ID: 1352331088172941447
[2025-04-29T10:53:10.635Z] [ERROR] Channel not found for ID: 1352331088172941447
[2025-04-29T10:53:11.467Z] [ERROR] Channel not found for ID: 1352331088172941447
[2025-04-29T10:53:12.010Z] [ERROR] Channel not found for ID: 1352331088172941447
[2025-04-29T10:53:12.713Z] [ERROR] Channel not found for ID: 1352331088172941447
[2025-04-29T10:53:13.384Z] [ERROR] Channel not found for ID: 1352331088172941447
[2025-04-29T10:53:13.985Z] [ERROR] Channel not found for ID: 1352331088172941447
[2025-04-29T10:53:14.532Z] [ERROR] Channel not found for ID: 1352331088172941447
[2025-04-29T10:53:15.165Z] [ERROR] Channel not found for ID: 1352331088172941447
[2025-04-29T10:53:15.707Z] [ERROR] Channel not found for ID: 1352331088172941447
[2025-04-29T10:53:16.313Z] [ERROR] Channel not found for ID: 1352331088172941447
[2025-04-29T10:53:16.806Z] [ERROR] Channel not found for ID: 1352331088172941447
[2025-04-29T10:53:17.388Z] [ERROR] Channel not found for ID: 1352331088172941447
[2025-04-29T10:53:17.848Z] [ERROR] Channel not found for ID: 1352331088172941447
[2025-04-29T10:53:18.432Z] [ERROR] Channel not found for ID: 1352331088172941447
[2025-04-29T10:53:18.940Z] [ERROR] Channel not found for ID: 1352331088172941447
[2025-04-29T10:53:19.614Z] [ERROR] Channel not found for ID: 1352331088172941447
[2025-04-29T10:53:20.110Z] [ERROR] Channel not found for ID: 1352331088172941447
[2025-04-29T10:53:20.702Z] [ERROR] Channel not found for ID: 1352331088172941447
[2025-04-29T10:53:21.182Z] [ERROR] Channel not found for ID: 1352331088172941447
[2025-04-29T10:53:21.842Z] [ERROR] Channel not found for ID: 1352331088172941447
[2025-04-29T10:53:22.329Z] [ERROR] Channel not found for ID: 1352331088172941447
[2025-04-29T10:53:23.026Z] [ERROR] Channel not found for ID: 1352331088172941447
[2025-04-29T10:53:23.443Z] [ERROR] Channel not found for ID: 1352331088172941447
[2025-04-29T10:53:24.272Z] [ERROR] Channel not found for ID: 1352331088172941447
[2025-04-29T10:53:24.511Z] [ERROR] Channel not found for ID: 1352331088172941447
[2025-04-29T10:53:25.374Z] [ERROR] Channel not found for ID: 1352331088172941447
[2025-04-29T10:53:25.585Z] [ERROR] Channel not found for ID: 1352331088172941447
[2025-04-29T10:53:26.493Z] [ERROR] Channel not found for ID: 1352331088172941447
[2025-04-29T10:53:26.663Z] [ERROR] Channel not found for ID: 1352331088172941447
[2025-04-29T10:53:27.639Z] [ERROR] Channel not found for ID: 1352331088172941447
[2025-04-29T10:53:27.802Z] [ERROR] Channel not found for ID: 1352331088172941447
[2025-04-29T10:53:29.061Z] [ERROR] Channel not found for ID: 1352331088172941447
[2025-04-29T10:53:29.334Z] [ERROR] Channel not found for ID: 1352331088172941447
[2025-04-29T10:53:30.317Z] [ERROR] Channel not found for ID: 1352331088172941447
[2025-04-29T10:53:30.501Z] [ERROR] Channel not found for ID: 1352331088172941447
[2025-04-29T10:53:31.399Z] [ERROR] Channel not found for ID: 1352331088172941447
[2025-04-29T10:53:31.558Z] [ERROR] Channel not found for ID: 1352331088172941447
[2025-04-29T10:53:32.453Z] [ERROR] Channel not found for ID: 1352331088172941447
[2025-04-29T10:53:32.631Z] [ERROR] Channel not found for ID: 1352331088172941447
[2025-04-29T10:53:33.573Z] [ERROR] Channel not found for ID: 1352331088172941447
[2025-04-29T10:53:33.705Z] [ERROR] Channel not found for ID: 1352331088172941447
[2025-04-29T10:53:34.650Z] [ERROR] Channel not found for ID: 1352331088172941447
[2025-04-29T10:53:34.787Z] [ERROR] Channel not found for ID: 1352331088172941447
[2025-04-29T10:53:35.730Z] [ERROR] Channel not found for ID: 1352331088172941447
[2025-04-29T10:53:35.856Z] [ERROR] Channel not found for ID: 1352331088172941447
[2025-04-29T10:53:36.805Z] [ERROR] Channel not found for ID: 1352331088172941447
[2025-04-29T10:53:36.928Z] [ERROR] Channel not found for ID: 1352331088172941447
[2025-04-29T10:53:37.878Z] [ERROR] Channel not found for ID: 1352331088172941447
[2025-04-29T10:53:37.995Z] [ERROR] Channel not found for ID: 1352331088172941447
[2025-04-29T10:53:38.955Z] [ERROR] Channel not found for ID: 1352331088172941447
[2025-04-29T10:53:39.093Z] [ERROR] Channel not found for ID: 1352331088172941447
[2025-04-29T10:53:40.109Z] [ERROR] Channel not found for ID: 1352331088172941447
[2025-04-29T10:53:40.226Z] [ERROR] Channel not found for ID: 1352331088172941447
[2025-04-29T10:53:41.205Z] [ERROR] Channel not found for ID: 1352331088172941447
[2025-04-29T10:53:41.353Z] [ERROR] Channel not found for ID: 1352331088172941447
[2025-04-29T10:53:42.432Z] [ERROR] Channel not found for ID: 1352331088172941447
[2025-04-29T10:53:42.632Z] [ERROR] Channel not found for ID: 1352331088172941447
[2025-04-29T10:53:43.582Z] [ERROR] Channel not found for ID: 1352331088172941447
[2025-04-29T10:53:43.761Z] [ERROR] Channel not found for ID: 1352331088172941447
[2025-04-29T10:53:44.645Z] [ERROR] Channel not found for ID: 1352331088172941447
[2025-04-29T10:53:44.807Z] [ERROR] Channel not found for ID: 1352331088172941447
[2025-04-29T10:53:45.777Z] [ERROR] Channel not found for ID: 1352331088172941447
[2025-04-29T10:53:45.779Z] [ERROR] Failed to fetch JKT48_Indira after 2 attempts: Invalid URL
[2025-04-29T10:53:46.036Z] [ERROR] Channel not found for ID: 1352331088172941447
[2025-04-29T10:53:47.168Z] [ERROR] Channel not found for ID: 1352331088172941447
[2025-04-29T10:53:48.309Z] [ERROR] Channel not found for ID: 1352331088172941447
[2025-04-29T10:53:49.387Z] [ERROR] Channel not found for ID: 1352331088172941447
[2025-04-29T10:53:49.392Z] [ERROR] Failed to fetch JKT48_Lulu after 2 attempts: Invalid URL
[2025-04-29T10:53:54.724Z] [ERROR] Failed to fetch rJKT48_Jessi after 2 attempts: Invalid URL
[2025-04-29T10:53:55.727Z] [ERROR] Failed to fetch JKT48_Kathrina after 2 attempts: Invalid URL
[2025-04-29T10:53:56.729Z] [ERROR] Failed to fetch JKT48_Lulu after 2 attempts: Invalid URL
[2025-04-29T10:53:57.731Z] [ERROR] Failed to fetch JKT48_Marsha after 2 attempts: Invalid URL
[2025-04-29T10:53:58.107Z] [ERROR] Failed to fetch JKT48_Marsha after 2 attempts: Invalid URL
[2025-04-29T10:53:58.732Z] [ERROR] Failed to fetch JKT48_Michie after 2 attempts: Invalid URL
[2025-04-29T10:53:59.110Z] [ERROR] Failed to fetch JKT48_Michie after 2 attempts: Invalid URL
[2025-04-29T10:53:59.733Z] [ERROR] Failed to fetch JKT48_Muthe after 2 attempts: Invalid URL
[2025-04-29T10:54:00.112Z] [ERROR] Failed to fetch JKT48_Muthe after 2 attempts: Invalid URL
[2025-04-29T10:54:00.734Z] [ERROR] Failed to fetch JKT48_Raisha after 2 attempts: Invalid URL
[2025-04-29T10:54:01.109Z] [ERROR] Failed to fetch 318697 after 2 attempts: Invalid URL
[2025-04-29T10:54:01.113Z] [ERROR] Failed to fetch JKT48_Raisha after 2 attempts: Invalid URL
[2025-04-29T10:54:01.729Z] [ERROR] Failed to fetch 318697 after 2 attempts: Invalid URL
[2025-04-29T10:54:01.735Z] [ERROR] Failed to fetch JKT48_Gracia after 2 attempts: Invalid URL
[2025-04-29T10:54:02.111Z] [ERROR] Failed to fetch JKT48_Amanda after 2 attempts: Invalid URL
[2025-04-29T10:54:02.113Z] [ERROR] Failed to fetch JKT48_Gracia after 2 attempts: Invalid URL
[2025-04-29T10:54:02.729Z] [ERROR] Failed to fetch JKT48_Amanda after 2 attempts: Invalid URL
[2025-04-29T10:54:02.737Z] [ERROR] Failed to fetch JKT48_Aralie after 2 attempts: Invalid URL
[2025-04-29T10:54:03.112Z] [ERROR] Failed to fetch JKT48_Christy after 2 attempts: Invalid URL
[2025-04-29T10:54:03.115Z] [ERROR] Failed to fetch JKT48_Aralie after 2 attempts: Invalid URL
[2025-04-29T10:54:03.730Z] [ERROR] Failed to fetch JKT48_Christy after 2 attempts: Invalid URL
[2025-04-29T10:54:03.738Z] [ERROR] Failed to fetch JKT48_Delynn after 2 attempts: Invalid URL
[2025-04-29T10:54:04.114Z] [ERROR] Failed to fetch JKT48_Anindya after 2 attempts: Invalid URL
[2025-04-29T10:54:04.116Z] [ERROR] Failed to fetch JKT48_Delynn after 2 attempts: Invalid URL
[2025-04-29T10:54:04.731Z] [ERROR] Failed to fetch JKT48_Anindya after 2 attempts: Invalid URL
[2025-04-29T10:54:04.739Z] [ERROR] Failed to fetch JKT48_Virgi after 2 attempts: Invalid URL
[2025-04-29T10:54:05.116Z] [ERROR] Failed to fetch JKT48_Lia after 2 attempts: Invalid URL
[2025-04-29T10:54:05.117Z] [ERROR] Failed to fetch JKT48_Virgi after 2 attempts: Invalid URL
[2025-04-29T10:54:05.732Z] [ERROR] Failed to fetch JKT48_Lia after 2 attempts: Invalid URL
[2025-04-29T10:54:05.739Z] [ERROR] Failed to fetch JKT48_Auwia after 2 attempts: Invalid URL
[2025-04-29T10:54:06.118Z] [ERROR] Failed to fetch JKT48_Cathy after 2 attempts: Invalid URL
[2025-04-29T10:54:06.119Z] [ERROR] Failed to fetch JKT48_Auwia after 2 attempts: Invalid URL
[2025-04-29T10:54:06.734Z] [ERROR] Failed to fetch JKT48_Cathy after 2 attempts: Invalid URL
[2025-04-29T10:54:06.741Z] [ERROR] Failed to fetch JKT48_Lana after 2 attempts: Invalid URL
[2025-04-29T10:54:07.118Z] [ERROR] Failed to fetch JKT48_Elin after 2 attempts: Invalid URL
[2025-04-29T10:54:07.120Z] [ERROR] Failed to fetch JKT48_Lana after 2 attempts: Invalid URL
[2025-04-29T10:54:07.735Z] [ERROR] Failed to fetch JKT48_Elin after 2 attempts: Invalid URL
[2025-04-29T10:54:07.743Z] [ERROR] Failed to fetch JKT48_Rilly after 2 attempts: Invalid URL
[2025-04-29T10:54:08.120Z] [ERROR] Failed to fetch JKT48_Chelsea after 2 attempts: Invalid URL
[2025-04-29T10:54:08.121Z] [ERROR] Failed to fetch JKT48_Rilly after 2 attempts: Invalid URL
[2025-04-29T10:54:31.923Z] [ERROR] Failed to fetch https://www.showroom-live.com/room/profile?room_id=318697 after 2 attempts: HTTP 404: Not Found
[2025-04-29T10:54:32.129Z] [ERROR] Failed to fetch https://www.showroom-live.com/room/profile?room_id=318697 after 2 attempts: HTTP 404: Not Found
[2025-04-29T10:55:55.072Z] [ERROR] Channel not found for ID: 1352331088172941447
[2025-04-29T10:55:56.164Z] [ERROR] Channel not found for ID: 1352331088172941447
[2025-04-29T10:55:57.304Z] [ERROR] Channel not found for ID: 1352331088172941447
[2025-04-29T10:55:58.407Z] [ERROR] Channel not found for ID: 1352331088172941447
[2025-04-29T10:55:59.479Z] [ERROR] Channel not found for ID: 1352331088172941447
[2025-04-29T10:56:00.476Z] [ERROR] Channel not found for ID: 1352331088172941447
[2025-04-29T10:56:01.474Z] [ERROR] Channel not found for ID: 1352331088172941447
[2025-04-29T10:56:01.822Z] [ERROR] Failed to fetch https://www.showroom-live.com/room/profile?room_id=318697 after 2 attempts: HTTP 404: Not Found
[2025-04-29T10:56:02.465Z] [ERROR] Channel not found for ID: 1352331088172941447
[2025-04-29T10:56:05.141Z] [ERROR] Failed to fetch https://www.showroom-live.com/room/profile?room_id=318700 after 2 attempts: HTTP 404: Not Found
[2025-04-29T10:56:19.007Z] [ERROR] Failed to fetch https://www.showroom-live.com/rJKT48_Jessi after 2 attempts: HTTP 404: Not Found
[2025-04-29T10:56:31.775Z] [ERROR] Failed to fetch https://www.showroom-live.com/room/profile?room_id=318697 after 2 attempts: HTTP 404: Not Found
[2025-04-29T10:56:34.444Z] [ERROR] Failed to fetch https://www.showroom-live.com/room/profile?room_id=318700 after 2 attempts: HTTP 404: Not Found
[2025-04-29T10:57:02.382Z] [ERROR] Failed to fetch https://www.showroom-live.com/room/profile?room_id=318697 after 2 attempts: HTTP 404: Not Found
[2025-04-29T10:57:05.367Z] [ERROR] Failed to fetch https://www.showroom-live.com/room/profile?room_id=318700 after 2 attempts: HTTP 404: Not Found
[2025-04-29T10:57:20.215Z] [ERROR] Failed to fetch https://www.showroom-live.com/rJKT48_Jessi after 2 attempts: HTTP 404: Not Found
[2025-04-29T10:57:31.544Z] [ERROR] Failed to fetch https://www.showroom-live.com/room/profile?room_id=318697 after 2 attempts: HTTP 404: Not Found
[2025-04-29T10:58:02.263Z] [ERROR] Failed to fetch https://www.showroom-live.com/JKT48_Official after 2 attempts: HTTP 404: Not Found
[2025-04-29T10:58:03.824Z] [ERROR] Failed to fetch https://www.showroom-live.com/JKT48_Official after 2 attempts: HTTP 404: Not Found
[2025-04-29T10:58:05.243Z] [ERROR] Failed to fetch https://www.showroom-live.com/JKT48_Official after 2 attempts: HTTP 404: Not Found
[2025-04-29T10:58:07.617Z] [ERROR] Failed to fetch https://www.showroom-live.com/JKT48_Official after 2 attempts: HTTP 404: Not Found
[2025-04-29T10:58:19.992Z] [ERROR] Failed to fetch https://www.showroom-live.com/rJKT48_Jessi after 2 attempts: HTTP 404: Not Found
[2025-04-29T10:58:54.148Z] [ERROR] Channel not found for ID: 1352331088172941447
[2025-04-29T10:58:55.710Z] [ERROR] Channel not found for ID: 1352331088172941447
[2025-04-29T10:58:57.173Z] [ERROR] Channel not found for ID: 1352331088172941447
[2025-04-29T10:58:58.801Z] [ERROR] Channel not found for ID: 1352331088172941447
[2025-04-29T10:59:00.617Z] [ERROR] Channel not found for ID: 1352331088172941447
[2025-04-29T10:59:02.349Z] [ERROR] Channel not found for ID: 1352331088172941447
[2025-04-29T10:59:04.047Z] [ERROR] Channel not found for ID: 1352331088172941447
[2025-04-29T10:59:05.648Z] [ERROR] Channel not found for ID: 1352331088172941447
[2025-04-29T10:59:07.052Z] [ERROR] Channel not found for ID: 1352331088172941447
[2025-04-29T10:59:08.588Z] [ERROR] Channel not found for ID: 1352331088172941447
[2025-04-29T10:59:10.104Z] [ERROR] Channel not found for ID: 1352331088172941447
[2025-04-29T10:59:11.818Z] [ERROR] Channel not found for ID: 1352331088172941447
[2025-04-29T10:59:13.391Z] [ERROR] Channel not found for ID: 1352331088172941447
[2025-04-29T10:59:14.879Z] [ERROR] Channel not found for ID: 1352331088172941447
[2025-04-29T10:59:16.312Z] [ERROR] Channel not found for ID: 1352331088172941447
[2025-04-29T10:59:17.895Z] [ERROR] Channel not found for ID: 1352331088172941447
[2025-04-29T10:59:19.467Z] [ERROR] Channel not found for ID: 1352331088172941447
[2025-04-29T10:59:20.939Z] [ERROR] Channel not found for ID: 1352331088172941447
[2025-04-29T10:59:22.463Z] [ERROR] Channel not found for ID: 1352331088172941447
[2025-04-29T10:59:23.975Z] [ERROR] Channel not found for ID: 1352331088172941447
[2025-04-29T10:59:25.607Z] [ERROR] Channel not found for ID: 1352331088172941447
[2025-04-29T10:59:27.378Z] [ERROR] Channel not found for ID: 1352331088172941447
[2025-04-29T10:59:29.028Z] [ERROR] Channel not found for ID: 1352331088172941447
[2025-04-29T10:59:30.652Z] [ERROR] Channel not found for ID: 1352331088172941447
[2025-04-29T10:59:32.179Z] [ERROR] Channel not found for ID: 1352331088172941447
[2025-04-29T10:59:33.691Z] [ERROR] Channel not found for ID: 1352331088172941447
[2025-04-29T10:59:35.022Z] [ERROR] Channel not found for ID: 1352331088172941447
[2025-04-29T10:59:36.398Z] [ERROR] Channel not found for ID: 1352331088172941447
[2025-04-29T10:59:37.797Z] [ERROR] Channel not found for ID: 1352331088172941447
[2025-04-29T10:59:39.395Z] [ERROR] Channel not found for ID: 1352331088172941447
[2025-04-29T10:59:40.924Z] [ERROR] Channel not found for ID: 1352331088172941447
[2025-04-29T10:59:42.398Z] [ERROR] Channel not found for ID: 1352331088172941447
[2025-04-29T10:59:43.915Z] [ERROR] Channel not found for ID: 1352331088172941447
[2025-04-29T10:59:45.407Z] [ERROR] Channel not found for ID: 1352331088172941447
[2025-04-29T10:59:46.961Z] [ERROR] Channel not found for ID: 1352331088172941447
[2025-04-29T10:59:48.427Z] [ERROR] Channel not found for ID: 1352331088172941447
[2025-04-29T10:59:50.000Z] [ERROR] Channel not found for ID: 1352331088172941447
[2025-04-29T10:59:51.482Z] [ERROR] Channel not found for ID: 1352331088172941447
[2025-04-29T10:59:52.920Z] [ERROR] Channel not found for ID: 1352331088172941447
[2025-04-29T10:59:54.401Z] [ERROR] Channel not found for ID: 1352331088172941447
[2025-04-29T10:59:55.874Z] [ERROR] Channel not found for ID: 1352331088172941447
[2025-04-29T10:59:57.376Z] [ERROR] Channel not found for ID: 1352331088172941447
[2025-04-29T10:59:58.947Z] [ERROR] Channel not found for ID: 1352331088172941447
[2025-04-29T11:00:00.530Z] [ERROR] Channel not found for ID: 1352331088172941447
[2025-04-29T11:00:02.140Z] [ERROR] Channel not found for ID: 1352331088172941447
[2025-04-29T11:00:03.782Z] [ERROR] Channel not found for ID: 1352331088172941447
[2025-04-29T11:00:05.343Z] [ERROR] Channel not found for ID: 1352331088172941447
[2025-04-29T11:00:06.896Z] [ERROR] Channel not found for ID: 1352331088172941447
[2025-04-29T11:00:08.507Z] [ERROR] Channel not found for ID: 1352331088172941447
[2025-04-29T11:00:10.004Z] [ERROR] Channel not found for ID: 1352331088172941447
[2025-04-29T11:00:11.779Z] [ERROR] Channel not found for ID: 1352331088172941447
[2025-04-29T11:00:12.884Z] [ERROR] Channel not found for ID: 1352331088172941447
[2025-04-29T11:00:13.380Z] [ERROR] Channel not found for ID: 1352331088172941447
[2025-04-29T11:00:14.517Z] [ERROR] Channel not found for ID: 1352331088172941447
[2025-04-29T11:00:15.009Z] [ERROR] Channel not found for ID: 1352331088172941447
[2025-04-29T11:00:16.115Z] [ERROR] Channel not found for ID: 1352331088172941447
[2025-04-29T11:00:16.507Z] [ERROR] Channel not found for ID: 1352331088172941447
[2025-04-29T11:00:17.671Z] [ERROR] Channel not found for ID: 1352331088172941447
[2025-04-29T11:00:17.976Z] [ERROR] Channel not found for ID: 1352331088172941447
[2025-04-29T11:00:19.072Z] [ERROR] Channel not found for ID: 1352331088172941447
[2025-04-29T11:00:19.388Z] [ERROR] Channel not found for ID: 1352331088172941447
[2025-04-29T11:00:20.549Z] [ERROR] Channel not found for ID: 1352331088172941447
[2025-04-29T11:00:20.798Z] [ERROR] Channel not found for ID: 1352331088172941447
[2025-04-29T11:00:21.885Z] [ERROR] Channel not found for ID: 1352331088172941447
[2025-04-29T11:00:22.196Z] [ERROR] Channel not found for ID: 1352331088172941447
[2025-04-29T11:00:23.289Z] [ERROR] Channel not found for ID: 1352331088172941447
[2025-04-29T11:00:23.625Z] [ERROR] Channel not found for ID: 1352331088172941447
[2025-04-29T11:00:24.682Z] [ERROR] Channel not found for ID: 1352331088172941447
[2025-04-29T11:00:26.185Z] [ERROR] Channel not found for ID: 1352331088172941447
[2025-04-29T11:00:27.695Z] [ERROR] Channel not found for ID: 1352331088172941447
[2025-04-29T11:00:29.177Z] [ERROR] Channel not found for ID: 1352331088172941447
[2025-04-29T11:00:30.518Z] [ERROR] Channel not found for ID: 1352331088172941447
[2025-04-29T11:00:32.017Z] [ERROR] Channel not found for ID: 1352331088172941447
[2025-04-29T11:00:33.628Z] [ERROR] Channel not found for ID: 1352331088172941447
[2025-04-29T11:00:35.017Z] [ERROR] Channel not found for ID: 1352331088172941447
[2025-04-29T11:00:36.238Z] [ERROR] Channel not found for ID: 1352331088172941447
[2025-04-29T11:00:37.044Z] [ERROR] Failed to fetch https://www.showroom-live.com/room/profile?room_id=318700 after 2 attempts: HTTP 404: Not Found
[2025-04-29T11:00:37.295Z] [ERROR] Channel not found for ID: 1352331088172941447
[2025-04-29T11:00:38.418Z] [ERROR] Channel not found for ID: 1352331088172941447
[2025-04-29T11:00:39.456Z] [ERROR] Channel not found for ID: 1352331088172941447
[2025-04-29T11:00:40.525Z] [ERROR] Channel not found for ID: 1352331088172941447
[2025-04-29T11:00:41.507Z] [ERROR] Channel not found for ID: 1352331088172941447
[2025-04-29T11:00:42.548Z] [ERROR] Channel not found for ID: 1352331088172941447
[2025-04-29T11:00:43.618Z] [ERROR] Channel not found for ID: 1352331088172941447
[2025-04-29T11:00:44.672Z] [ERROR] Channel not found for ID: 1352331088172941447
[2025-04-29T11:00:45.731Z] [ERROR] Channel not found for ID: 1352331088172941447
[2025-04-29T11:00:46.817Z] [ERROR] Channel not found for ID: 1352331088172941447
[2025-04-29T11:00:47.829Z] [ERROR] Channel not found for ID: 1352331088172941447
[2025-04-29T11:00:48.836Z] [ERROR] Channel not found for ID: 1352331088172941447
[2025-04-29T11:00:49.883Z] [ERROR] Channel not found for ID: 1352331088172941447
[2025-04-29T11:00:50.911Z] [ERROR] Channel not found for ID: 1352331088172941447
[2025-04-29T11:00:51.944Z] [ERROR] Channel not found for ID: 1352331088172941447
[2025-04-29T11:00:52.641Z] [ERROR] Failed to fetch https://www.showroom-live.com/rJKT48_Jessi after 2 attempts: HTTP 404: Not Found
[2025-04-29T11:00:53.006Z] [ERROR] Channel not found for ID: 1352331088172941447
[2025-04-29T11:00:54.117Z] [ERROR] Channel not found for ID: 1352331088172941447
[2025-04-29T11:00:55.193Z] [ERROR] Channel not found for ID: 1352331088172941447
[2025-04-29T11:00:56.198Z] [ERROR] Channel not found for ID: 1352331088172941447
[2025-04-29T11:00:57.245Z] [ERROR] Channel not found for ID: 1352331088172941447
[2025-04-29T11:00:58.333Z] [ERROR] Channel not found for ID: 1352331088172941447
[2025-04-29T11:00:59.440Z] [ERROR] Channel not found for ID: 1352331088172941447
[2025-04-29T11:01:00.479Z] [ERROR] Channel not found for ID: 1352331088172941447
[2025-04-29T11:01:01.512Z] [ERROR] Channel not found for ID: 1352331088172941447
[2025-04-29T11:01:02.003Z] [ERROR] Failed to fetch https://www.showroom-live.com/room/profile?room_id=318697 after 2 attempts: HTTP 404: Not Found
[2025-04-29T11:01:02.619Z] [ERROR] Channel not found for ID: 1352331088172941447
[2025-04-29T11:01:03.632Z] [ERROR] Channel not found for ID: 1352331088172941447
[2025-04-29T11:01:03.940Z] [ERROR] Failed to fetch https://www.showroom-live.com/room/profile?room_id=318700 after 2 attempts: HTTP 404: Not Found
[2025-04-29T11:01:04.886Z] [ERROR] Channel not found for ID: 1352331088172941447
[2025-04-29T11:01:05.654Z] [ERROR] Failed to fetch https://www.showroom-live.com/rJKT48_Jessi after 2 attempts: HTTP 404: Not Found
[2025-04-29T11:01:05.897Z] [ERROR] Channel not found for ID: 1352331088172941447
[2025-04-29T11:01:06.829Z] [ERROR] Channel not found for ID: 1352331088172941447
[2025-04-29T11:01:07.935Z] [ERROR] Channel not found for ID: 1352331088172941447
[2025-04-29T11:01:09.063Z] [ERROR] Channel not found for ID: 1352331088172941447
[2025-04-29T11:01:10.134Z] [ERROR] Channel not found for ID: 1352331088172941447
[2025-04-29T11:01:11.206Z] [ERROR] Channel not found for ID: 1352331088172941447
[2025-04-29T11:01:12.320Z] [ERROR] Channel not found for ID: 1352331088172941447
[2025-04-29T11:01:13.020Z] [ERROR] Failed to fetch https://www.showroom-live.com/JKT48V_Kanaia after 2 attempts: HTTP 404: Not Found
[2025-04-29T11:01:13.346Z] [ERROR] Channel not found for ID: 1352331088172941447
[2025-04-29T11:01:13.364Z] [ERROR] Failed to fetch https://www.showroom-live.com/JKT48V_Kanaia after 2 attempts: HTTP 404: Not Found
[2025-04-29T11:01:14.366Z] [ERROR] Channel not found for ID: 1352331088172941447
[2025-04-29T11:01:15.515Z] [ERROR] Channel not found for ID: 1352331088172941447
[2025-04-29T11:27:02.218Z] [ERROR] Failed to fetch https://www.showroom-live.com/JKT48_Official after 2 attempts: HTTP 404: Not Found
[2025-04-29T11:27:02.279Z] [ERROR] Failed to fetch https://www.showroom-live.com/JKT48_Official after 2 attempts: HTTP 404: Not Found
[2025-04-29T11:27:02.547Z] [ERROR] Failed to fetch https://www.showroom-live.com/JKT48_Official after 2 attempts: HTTP 404: Not Found
[2025-04-29T11:27:04.119Z] [ERROR] Failed to fetch https://www.showroom-live.com/JKT48_Official after 2 attempts: HTTP 404: Not Found
[2025-04-29T11:27:05.842Z] [ERROR] Failed to fetch https://www.showroom-live.com/JKT48_Official after 2 attempts: HTTP 404: Not Found
[2025-04-29T11:29:37.170Z] [ERROR] Channel not found for ID: 1352331088172941447
[2025-04-29T11:29:37.294Z] [ERROR] Channel not found for ID: 1352331088172941447
[2025-04-29T11:29:39.490Z] [ERROR] Channel not found for ID: 1352331088172941447
[2025-04-29T11:29:39.669Z] [ERROR] Channel not found for ID: 1352331088172941447
[2025-04-29T11:29:41.774Z] [ERROR] Channel not found for ID: 1352331088172941447
[2025-04-29T11:29:41.889Z] [ERROR] Channel not found for ID: 1352331088172941447
[2025-04-29T11:29:42.292Z] [ERROR] Channel not found for ID: 1352331088172941447
[2025-04-29T11:29:43.994Z] [ERROR] Channel not found for ID: 1352331088172941447
[2025-04-29T11:29:44.226Z] [ERROR] Channel not found for ID: 1352331088172941447
[2025-04-29T11:29:44.389Z] [ERROR] Channel not found for ID: 1352331088172941447
[2025-04-29T11:29:46.410Z] [ERROR] Channel not found for ID: 1352331088172941447
[2025-04-29T11:29:46.638Z] [ERROR] Channel not found for ID: 1352331088172941447
[2025-04-29T11:29:46.871Z] [ERROR] Channel not found for ID: 1352331088172941447
[2025-04-29T11:29:48.685Z] [ERROR] Channel not found for ID: 1352331088172941447
[2025-04-29T11:29:48.942Z] [ERROR] Channel not found for ID: 1352331088172941447
[2025-04-29T11:29:49.177Z] [ERROR] Channel not found for ID: 1352331088172941447
[2025-04-29T11:29:50.880Z] [ERROR] Channel not found for ID: 1352331088172941447
[2025-04-29T11:29:51.399Z] [ERROR] Channel not found for ID: 1352331088172941447
[2025-04-29T11:29:51.690Z] [ERROR] Channel not found for ID: 1352331088172941447
[2025-04-29T11:29:53.081Z] [ERROR] Channel not found for ID: 1352331088172941447
[2025-04-29T11:29:53.607Z] [ERROR] Channel not found for ID: 1352331088172941447
[2025-04-29T11:29:53.877Z] [ERROR] Channel not found for ID: 1352331088172941447
[2025-04-29T11:29:55.100Z] [ERROR] Channel not found for ID: 1352331088172941447
[2025-04-29T11:29:55.680Z] [ERROR] Channel not found for ID: 1352331088172941447
[2025-04-29T11:29:55.992Z] [ERROR] Channel not found for ID: 1352331088172941447
[2025-04-29T11:29:57.282Z] [ERROR] Channel not found for ID: 1352331088172941447
[2025-04-29T11:29:58.089Z] [ERROR] Channel not found for ID: 1352331088172941447
[2025-04-29T11:29:58.486Z] [ERROR] Channel not found for ID: 1352331088172941447
[2025-04-29T11:29:59.399Z] [ERROR] Channel not found for ID: 1352331088172941447
[2025-04-29T11:30:00.199Z] [ERROR] Channel not found for ID: 1352331088172941447
[2025-04-29T11:30:00.689Z] [ERROR] Channel not found for ID: 1352331088172941447
[2025-04-29T11:30:01.497Z] [ERROR] Channel not found for ID: 1352331088172941447
[2025-04-29T11:30:02.279Z] [ERROR] Channel not found for ID: 1352331088172941447
[2025-04-29T11:30:02.794Z] [ERROR] Channel not found for ID: 1352331088172941447
[2025-04-29T11:30:03.568Z] [ERROR] Channel not found for ID: 1352331088172941447
[2025-04-29T11:30:04.167Z] [ERROR] Channel not found for ID: 1352331088172941447
[2025-04-29T11:30:04.798Z] [ERROR] Channel not found for ID: 1352331088172941447
[2025-04-29T11:30:05.670Z] [ERROR] Channel not found for ID: 1352331088172941447
[2025-04-29T11:30:06.268Z] [ERROR] Channel not found for ID: 1352331088172941447
[2025-04-29T11:30:06.876Z] [ERROR] Channel not found for ID: 1352331088172941447
[2025-04-29T11:30:07.789Z] [ERROR] Channel not found for ID: 1352331088172941447
[2025-04-29T11:30:08.796Z] [ERROR] Channel not found for ID: 1352331088172941447
[2025-04-29T11:30:09.370Z] [ERROR] Channel not found for ID: 1352331088172941447
[2025-04-29T11:30:09.905Z] [ERROR] Channel not found for ID: 1352331088172941447
[2025-04-29T11:30:10.089Z] [ERROR] Channel not found for ID: 1352331088172941447
[2025-04-29T11:30:11.187Z] [ERROR] Channel not found for ID: 1352331088172941447
[2025-04-29T11:30:12.790Z] [ERROR] Channel not found for ID: 1352331088172941447
[2025-04-29T11:30:12.798Z] [ERROR] Channel not found for ID: 1352331088172941447
[2025-04-29T11:30:14.625Z] [ERROR] Channel not found for ID: 1352331088172941447
[2025-04-29T11:30:14.701Z] [ERROR] Channel not found for ID: 1352331088172941447
[2025-04-29T11:30:16.229Z] [ERROR] Channel not found for ID: 1352331088172941447
[2025-04-29T11:30:16.481Z] [ERROR] Channel not found for ID: 1352331088172941447
[2025-04-29T11:30:16.773Z] [ERROR] Channel not found for ID: 1352331088172941447
[2025-04-29T11:30:18.390Z] [ERROR] Channel not found for ID: 1352331088172941447
[2025-04-29T11:30:18.768Z] [ERROR] Channel not found for ID: 1352331088172941447
[2025-04-29T11:30:19.079Z] [ERROR] Channel not found for ID: 1352331088172941447
[2025-04-29T11:30:20.684Z] [ERROR] Channel not found for ID: 1352331088172941447
[2025-04-29T11:30:21.622Z] [ERROR] Channel not found for ID: 1352331088172941447
[2025-04-29T11:30:21.868Z] [ERROR] Channel not found for ID: 1352331088172941447
[2025-04-29T11:30:22.778Z] [ERROR] Channel not found for ID: 1352331088172941447
[2025-04-29T11:30:23.897Z] [ERROR] Channel not found for ID: 1352331088172941447
[2025-04-29T11:30:23.971Z] [ERROR] Channel not found for ID: 1352331088172941447
[2025-04-29T11:30:24.690Z] [ERROR] Channel not found for ID: 1352331088172941447
[2025-04-29T11:30:26.077Z] [ERROR] Channel not found for ID: 1352331088172941447
[2025-04-29T11:30:26.225Z] [ERROR] Channel not found for ID: 1352331088172941447
[2025-04-29T11:30:26.571Z] [ERROR] Channel not found for ID: 1352331088172941447
[2025-04-29T11:30:28.388Z] [ERROR] Channel not found for ID: 1352331088172941447
[2025-04-29T11:30:28.873Z] [ERROR] Channel not found for ID: 1352331088172941447
[2025-04-29T11:30:29.079Z] [ERROR] Channel not found for ID: 1352331088172941447
[2025-04-29T11:30:30.287Z] [ERROR] Channel not found for ID: 1352331088172941447
[2025-04-29T11:30:31.190Z] [ERROR] Channel not found for ID: 1352331088172941447
[2025-04-29T11:30:31.605Z] [ERROR] Channel not found for ID: 1352331088172941447
[2025-04-29T11:30:32.607Z] [ERROR] Channel not found for ID: 1352331088172941447
[2025-04-29T11:30:33.894Z] [ERROR] Channel not found for ID: 1352331088172941447
[2025-04-29T11:30:34.605Z] [ERROR] Channel not found for ID: 1352331088172941447
[2025-04-29T11:30:35.205Z] [ERROR] Channel not found for ID: 1352331088172941447
[2025-04-29T11:30:36.889Z] [ERROR] Channel not found for ID: 1352331088172941447
[2025-04-29T11:30:37.193Z] [ERROR] Channel not found for ID: 1352331088172941447
[2025-04-29T11:30:37.782Z] [ERROR] Channel not found for ID: 1352331088172941447
[2025-04-29T11:30:39.175Z] [ERROR] Channel not found for ID: 1352331088172941447
[2025-04-29T11:30:39.316Z] [ERROR] Channel not found for ID: 1352331088172941447
[2025-04-29T11:30:39.901Z] [ERROR] Channel not found for ID: 1352331088172941447
[2025-04-29T11:30:41.311Z] [ERROR] Channel not found for ID: 1352331088172941447
[2025-04-29T11:30:41.477Z] [ERROR] Channel not found for ID: 1352331088172941447
[2025-04-29T11:30:41.973Z] [ERROR] Channel not found for ID: 1352331088172941447
[2025-04-29T11:30:43.407Z] [ERROR] Channel not found for ID: 1352331088172941447
[2025-04-29T11:30:43.669Z] [ERROR] Channel not found for ID: 1352331088172941447
[2025-04-29T11:30:44.008Z] [ERROR] Channel not found for ID: 1352331088172941447
[2025-04-29T11:30:45.705Z] [ERROR] Channel not found for ID: 1352331088172941447
[2025-04-29T11:30:45.984Z] [ERROR] Channel not found for ID: 1352331088172941447
[2025-04-29T11:30:46.293Z] [ERROR] Channel not found for ID: 1352331088172941447
[2025-04-29T11:30:47.887Z] [ERROR] Channel not found for ID: 1352331088172941447
[2025-04-29T11:30:48.304Z] [ERROR] Channel not found for ID: 1352331088172941447
[2025-04-29T11:30:48.690Z] [ERROR] Channel not found for ID: 1352331088172941447
[2025-04-29T11:30:49.883Z] [ERROR] Channel not found for ID: 1352331088172941447
[2025-04-29T11:30:50.516Z] [ERROR] Channel not found for ID: 1352331088172941447
[2025-04-29T11:30:51.004Z] [ERROR] Channel not found for ID: 1352331088172941447
[2025-04-29T11:30:52.554Z] [ERROR] Channel not found for ID: 1352331088172941447
[2025-04-29T11:30:52.923Z] [ERROR] Channel not found for ID: 1352331088172941447
[2025-04-29T11:30:54.044Z] [ERROR] Channel not found for ID: 1352331088172941447
[2025-04-29T11:30:54.124Z] [ERROR] Channel not found for ID: 1352331088172941447
[2025-04-29T11:30:54.516Z] [ERROR] Channel not found for ID: 1352331088172941447
[2025-04-29T11:30:56.401Z] [ERROR] Channel not found for ID: 1352331088172941447
[2025-04-29T11:30:56.577Z] [ERROR] Channel not found for ID: 1352331088172941447
[2025-04-29T11:30:57.021Z] [ERROR] Channel not found for ID: 1352331088172941447
[2025-04-29T11:30:58.603Z] [ERROR] Channel not found for ID: 1352331088172941447
[2025-04-29T11:30:59.478Z] [ERROR] Channel not found for ID: 1352331088172941447
[2025-04-29T11:30:59.685Z] [ERROR] Channel not found for ID: 1352331088172941447
[2025-04-29T11:31:00.280Z] [ERROR] Channel not found for ID: 1352331088172941447
[2025-04-29T11:31:01.404Z] [ERROR] Channel not found for ID: 1352331088172941447
[2025-04-29T11:31:01.804Z] [ERROR] Channel not found for ID: 1352331088172941447
[2025-04-29T11:31:03.128Z] [ERROR] Channel not found for ID: 1352331088172941447
[2025-04-29T11:31:03.385Z] [ERROR] Channel not found for ID: 1352331088172941447
